INSERT INTO checkpoint(id, titreActivite,nombreEquipe, absorption, positionX, positionY, duree, originalite, obligatoire, regionnal, europeen, interaction, vivreEnsemble, creatif, intellectuel, physique, theatre, stimulante, fierte, funitude, confrontation, mobilisation, proximite, institution,kehl, groupe, name) VALUES (324,'Lancerdebudget',0,6,7.76958167552948,48.587580054495298,10,'O1',0,0,'E1',0,1,0,0,0,0,0,0,0,0,1,0,0,0,'324','rue_Jacques_Balde_2');
INSERT INTO checkpoint(id, titreActivite,nombreEquipe, absorption, positionX, positionY, duree, originalite, obligatoire, regionnal, europeen, interaction, vivreEnsemble, creatif, intellectuel, physique, theatre, stimulante, fierte, funitude, confrontation, mobilisation, proximite, institution,kehl, groupe, name) VALUES (1,'QuiSuis_Je?',0,3,7.75871068239212,48.588160218729143,20,'O0',0,0,'E2',0,0,0,0,0,0,0,0,1,0,1,0,0,0,'1','rue_Turenne');
INSERT INTO checkpoint(id, titreActivite,nombreEquipe, absorption, positionX, positionY, duree, originalite, obligatoire, regionnal, europeen, interaction, vivreEnsemble, creatif, intellectuel, physique, theatre, stimulante, fierte, funitude, confrontation, mobilisation, proximite, institution,kehl, groupe, name) VALUES (2,'Lancerdebudget',0,6,7.768798470497131,48.587697152400104,10,'O1',0,0,'E1',0,1,0,0,0,0,0,0,0,0,1,0,0,0,'2','rue_Jacques_Balde_1');
INSERT INTO checkpoint(id, titreActivite,nombreEquipe, absorption, positionX, positionY, duree, originalite, obligatoire, regionnal, europeen, interaction, vivreEnsemble, creatif, intellectuel, physique, theatre, stimulante, fierte, funitude, confrontation, mobilisation, proximite, institution,kehl, groupe, name) VALUES (3,'QuiSuis_Je?',0,3,7.760655283927918,48.590276785894531,20,'O0',0,0,'E2',0,0,0,0,0,0,0,0,1,0,1,0,0,0,'22_Hultz','Quai_Zom');
INSERT INTO checkpoint(id, titreActivite,nombreEquipe, absorption, positionX, positionY, duree, originalite, obligatoire, regionnal, europeen, interaction, vivreEnsemble, creatif, intellectuel, physique, theatre, stimulante, fierte, funitude, confrontation, mobilisation, proximite, institution,kehl, groupe, name) VALUES (6,'LEuropeAlAveugle',0,6,7.760574817657471,48.591618001343278,10,'O1',0,0,'E1',0,0,0,0,0,0,0,0,0,0,1,0,1,0,'6','rue_du_quai_des_arquebusers');
INSERT INTO checkpoint(id, titreActivite,nombreEquipe, absorption, positionX, positionY, duree, originalite, obligatoire, regionnal, europeen, interaction, vivreEnsemble, creatif, intellectuel, physique, theatre, stimulante, fierte, funitude, confrontation, mobilisation, proximite, institution,kehl, groupe, name) VALUES (7,'Lancerdebudget',0,6,7.770788669586181,48.588694247809435,10,'O1',0,0,'E1',0,1,0,0,0,0,0,0,0,0,1,0,0,0,'7','dHirtz_Trubner');
INSERT INTO checkpoint(id, titreActivite,nombreEquipe, absorption, positionX, positionY, duree, originalite, obligatoire, regionnal, europeen, interaction, vivreEnsemble, creatif, intellectuel, physique, theatre, stimulante, fierte, funitude, confrontation, mobilisation, proximite, institution,kehl, groupe, name) VALUES (8,'Lancerdebudget',0,6,7.771475315093994,48.588687151114492,10,'O1',0,0,'E1',0,1,0,0,0,0,0,0,0,0,1,0,0,0,'8','Rue_Trubner');
INSERT INTO checkpoint(id, titreActivite,nombreEquipe, absorption, positionX, positionY, duree, originalite, obligatoire, regionnal, europeen, interaction, vivreEnsemble, creatif, intellectuel, physique, theatre, stimulante, fierte, funitude, confrontation, mobilisation, proximite, institution,kehl, groupe, name) VALUES (9,'QuiSuis_Je?',0,3,7.762406766414641,48.590675960880027,20,'O0',0,0,'E2',0,0,0,0,0,0,0,0,1,0,1,0,0,0,'22_Hultz','Erwin_Hultz');
INSERT INTO checkpoint(id, titreActivite,nombreEquipe, absorption, positionX, positionY, duree, originalite, obligatoire, regionnal, europeen, interaction, vivreEnsemble, creatif, intellectuel, physique, theatre, stimulante, fierte, funitude, confrontation, mobilisation, proximite, institution,kehl, groupe, name) VALUES (10,'QuiSuis_Je?',0,3,7.775420844554901,48.596042340608427,20,'O0',0,0,'E2',0,0,0,0,0,0,0,0,1,0,1,0,1,0,'10','agora_1');
INSERT INTO checkpoint(id, titreActivite,nombreEquipe, absorption, positionX, positionY, duree, originalite, obligatoire, regionnal, europeen, interaction, vivreEnsemble, creatif, intellectuel, physique, theatre, stimulante, fierte, funitude, confrontation, mobilisation, proximite, institution,kehl, groupe, name) VALUES (11,'FrontexPervier',0,8,7.765654921531676,48.583417580006056,15,'O3',0,0,'E0',0,1,0,0,1,0,1,0,1,0,1,0,0,0,'11','allé_anton_de_bary_1');
INSERT INTO checkpoint(id, titreActivite,nombreEquipe, absorption, positionX, positionY, duree, originalite, obligatoire, regionnal, europeen, interaction, vivreEnsemble, creatif, intellectuel, physique, theatre, stimulante, fierte, funitude, confrontation, mobilisation, proximite, institution,kehl, groupe, name) VALUES (12,'CoursedeGarçonsdeCafe',0,8,7.758171558380126,48.59886988297044,15,'O1',0,0,'E0',0,0,0,0,1,0,1,0,1,1,1,0,1,0,'33_Soupirs','allee_des_soupirs_4');
INSERT INTO checkpoint(id, titreActivite,nombreEquipe, absorption, positionX, positionY, duree, originalite, obligatoire, regionnal, europeen, interaction, vivreEnsemble, creatif, intellectuel, physique, theatre, stimulante, fierte, funitude, confrontation, mobilisation, proximite, institution,kehl, groupe, name) VALUES (13,'CoursedeGarçonsdeCafe',0,8,7.759137153625488,48.598607357471309,15,'O1',0,0,'E0',0,0,0,0,1,0,1,0,1,1,1,0,1,0,'33_Soupirs','allee_des_soupirs_5');
INSERT INTO checkpoint(id, titreActivite,nombreEquipe, absorption, positionX, positionY, duree, originalite, obligatoire, regionnal, europeen, interaction, vivreEnsemble, creatif, intellectuel, physique, theatre, stimulante, fierte, funitude, confrontation, mobilisation, proximite, institution,kehl, groupe, name) VALUES (14,'Lesstatueseuropeennes',0,15,7.75981307029724,48.598437069931578,12,'O1',0,0,'E2',0,0,1,0,0,1,0,0,1,1,1,0,1,0,'14','allee_des_soupirs_6');
INSERT INTO checkpoint(id, titreActivite,nombreEquipe, absorption, positionX, positionY, duree, originalite, obligatoire, regionnal, europeen, interaction, vivreEnsemble, creatif, intellectuel, physique, theatre, stimulante, fierte, funitude, confrontation, mobilisation, proximite, institution,kehl, groupe, name) VALUES (15,'ListenUp',0,12,7.759909629821777,48.598273877167308,10,'O2',0,0,'E0',0,0,1,0,0,0,0,0,1,0,1,0,1,0,'12_Soupirs','allee_des_soupirs_T_1');
INSERT INTO checkpoint(id, titreActivite,nombreEquipe, absorption, positionX, positionY, duree, originalite, obligatoire, regionnal, europeen, interaction, vivreEnsemble, creatif, intellectuel, physique, theatre, stimulante, fierte, funitude, confrontation, mobilisation, proximite, institution,kehl, groupe, name) VALUES (16,'ListenUp',0,12,7.759383916854858,48.598422879277344,10,'O2',0,0,'E0',0,0,1,0,0,0,0,0,1,0,1,0,1,0,'12_Soupirs','allee_des_soupirs_T_2');
INSERT INTO checkpoint(id, titreActivite,nombreEquipe, absorption, positionX, positionY, duree, originalite, obligatoire, regionnal, europeen, interaction, vivreEnsemble, creatif, intellectuel, physique, theatre, stimulante, fierte, funitude, confrontation, mobilisation, proximite, institution,kehl, groupe, name) VALUES (17,'ListenUp',0,12,7.758772373199463,48.598586071560227,10,'O2',0,0,'E0',0,0,1,0,0,0,0,0,1,0,1,0,1,0,'12_Soupirs','allee_des_soupirs_T_3');
INSERT INTO checkpoint(id, titreActivite,nombreEquipe, absorption, positionX, positionY, duree, originalite, obligatoire, regionnal, europeen, interaction, vivreEnsemble, creatif, intellectuel, physique, theatre, stimulante, fierte, funitude, confrontation, mobilisation, proximite, institution,kehl, groupe, name) VALUES (18,'TaboosurlespaysdEurope',0,12,7.750092744827271,48.579396722885207,10,'O1',0,0,'E3',0,0,0,1,0,0,1,0,0,1,0,0,0,0,'7_douane','ancienne_douane_1');
INSERT INTO checkpoint(id, titreActivite,nombreEquipe, absorption, positionX, positionY, duree, originalite, obligatoire, regionnal, europeen, interaction, vivreEnsemble, creatif, intellectuel, physique, theatre, stimulante, fierte, funitude, confrontation, mobilisation, proximite, institution,kehl, groupe, name) VALUES (19,'TaboosurlespaysdEurope',0,12,7.749717235565186,48.579244115653026,10,'O1',0,0,'E3',0,0,0,1,0,0,1,0,0,1,0,0,0,0,'7_douane','ancienne_douane_2');
INSERT INTO checkpoint(id, titreActivite,nombreEquipe, absorption, positionX, positionY, duree, originalite, obligatoire, regionnal, europeen, interaction, vivreEnsemble, creatif, intellectuel, physique, theatre, stimulante, fierte, funitude, confrontation, mobilisation, proximite, institution,kehl, groupe, name) VALUES (20,'TaboosurlespaysdEurope',0,12,7.749432921409607,48.579134096199866,10,'O1',0,0,'E3',0,0,0,1,0,0,1,0,0,1,0,0,0,0,'7_douane','ancienne_douane_3');
INSERT INTO checkpoint(id, titreActivite,nombreEquipe, absorption, positionX, positionY, duree, originalite, obligatoire, regionnal, europeen, interaction, vivreEnsemble, creatif, intellectuel, physique, theatre, stimulante, fierte, funitude, confrontation, mobilisation, proximite, institution,kehl, groupe, name) VALUES (21,'Twister',0,16,7.748730182647705,48.579052468708902,15,'O1',0,0,'E1',0,0,0,0,0,0,1,0,1,0,1,0,0,0,'21','ancienne_douane_3');
INSERT INTO checkpoint(id, titreActivite,nombreEquipe, absorption, positionX, positionY, duree, originalite, obligatoire, regionnal, europeen, interaction, vivreEnsemble, creatif, intellectuel, physique, theatre, stimulante, fierte, funitude, confrontation, mobilisation, proximite, institution,kehl, groupe, name) VALUES (22,'RecetteEnFouillis',0,6,7.742443084716797,48.585592897164332,10,'O2',0,1,'E0',1,0,0,0,0,0,0,0,0,0,0,0,0,0,'22','ancienne_synagogue_les_halles_T_1');
INSERT INTO checkpoint(id, titreActivite,nombreEquipe, absorption, positionX, positionY, duree, originalite, obligatoire, regionnal, europeen, interaction, vivreEnsemble, creatif, intellectuel, physique, theatre, stimulante, fierte, funitude, confrontation, mobilisation, proximite, institution,kehl, groupe, name) VALUES (23,'RecetteEnFouillis',0,6,7.742249965667725,48.585543217229919,10,'O2',0,1,'E0',1,0,0,0,0,0,0,0,0,0,0,0,0,0,'23','ancienne_synagogue_les_halles_T_2');
INSERT INTO checkpoint(id, titreActivite,nombreEquipe, absorption, positionX, positionY, duree, originalite, obligatoire, regionnal, europeen, interaction, vivreEnsemble, creatif, intellectuel, physique, theatre, stimulante, fierte, funitude, confrontation, mobilisation, proximite, institution,kehl, groupe, name) VALUES (24,'RecetteEnFouillis',0,6,7.742046117782593,48.585479342956809,10,'O2',0,1,'E0',1,0,0,0,0,0,0,0,0,0,0,0,0,0,'24','ancienne_synagogue_les_halles_T_3');
INSERT INTO checkpoint(id, titreActivite,nombreEquipe, absorption, positionX, positionY, duree, originalite, obligatoire, regionnal, europeen, interaction, vivreEnsemble, creatif, intellectuel, physique, theatre, stimulante, fierte, funitude, confrontation, mobilisation, proximite, institution,kehl, groupe, name) VALUES (25,'TokyoTrain',0,8,7.766242325305939,48.593454131428075,15,'O2',0,0,'E1',0,0,0,1,0,0,1,0,1,1,1,0,1,0,'28_arte','arte_1');
INSERT INTO checkpoint(id, titreActivite,nombreEquipe, absorption, positionX, positionY, duree, originalite, obligatoire, regionnal, europeen, interaction, vivreEnsemble, creatif, intellectuel, physique, theatre, stimulante, fierte, funitude, confrontation, mobilisation, proximite, institution,kehl, groupe, name) VALUES (26,'TokyoTrain',0,8,7.766534686088562,48.594332257011985,15,'O2',0,0,'E1',0,0,0,1,0,0,1,0,1,1,1,0,1,0,'28_arte','arte_2');
INSERT INTO checkpoint(id, titreActivite,nombreEquipe, absorption, positionX, positionY, duree, originalite, obligatoire, regionnal, europeen, interaction, vivreEnsemble, creatif, intellectuel, physique, theatre, stimulante, fierte, funitude, confrontation, mobilisation, proximite, institution,kehl, groupe, name) VALUES (27,'Reconstitutionshistoriques',0,6,7.770056426525115,48.592822581168782,10,'O2',0,0,'E2',0,0,1,0,0,0,0,0,0,0,1,0,1,0,'27','avenue_de_leurope_1');
INSERT INTO checkpoint(id, titreActivite,nombreEquipe, absorption, positionX, positionY, duree, originalite, obligatoire, regionnal, europeen, interaction, vivreEnsemble, creatif, intellectuel, physique, theatre, stimulante, fierte, funitude, confrontation, mobilisation, proximite, institution,kehl, groupe, name) VALUES (29,'Lesstatueseuropeennes',0,15,7.771217823028565,48.592952085095689,12,'O1',0,0,'E2',0,0,1,0,0,1,0,0,1,1,1,0,1,0,'45_OrangerieEst','avenue_de_leurope_3');
INSERT INTO checkpoint(id, titreActivite,nombreEquipe, absorption, positionX, positionY, duree, originalite, obligatoire, regionnal, europeen, interaction, vivreEnsemble, creatif, intellectuel, physique, theatre, stimulante, fierte, funitude, confrontation, mobilisation, proximite, institution,kehl, groupe, name) VALUES (30,'Lesstatueseuropeennes',0,15,7.771861553192138,48.593370753054025,12,'O1',0,0,'E2',0,0,1,0,0,1,0,0,1,1,1,0,1,0,'45_OrangerieEst','avenue_de_leurope_5');
INSERT INTO checkpoint(id, titreActivite,nombreEquipe, absorption, positionX, positionY, duree, originalite, obligatoire, regionnal, europeen, interaction, vivreEnsemble, creatif, intellectuel, physique, theatre, stimulante, fierte, funitude, confrontation, mobilisation, proximite, institution,kehl, groupe, name) VALUES (31,'Lesstatueseuropeennes',0,15,7.77255892753601,48.593704265724675,12,'O1',0,0,'E2',0,0,1,0,0,1,0,0,1,1,1,0,1,0,'45_OrangerieEst','avenue_de_leurope_7');
INSERT INTO checkpoint(id, titreActivite,nombreEquipe, absorption, positionX, positionY, duree, originalite, obligatoire, regionnal, europeen, interaction, vivreEnsemble, creatif, intellectuel, physique, theatre, stimulante, fierte, funitude, confrontation, mobilisation, proximite, institution,kehl, groupe, name) VALUES (32,'Lesstatueseuropeennes',0,15,7.772934436798095,48.594215174482613,12,'O1',0,0,'E2',0,0,1,0,0,1,0,0,1,1,1,0,1,0,'45_OrangerieEst','avenue_de_leurope_9');
INSERT INTO checkpoint(id, titreActivite,nombreEquipe, absorption, positionX, positionY, duree, originalite, obligatoire, regionnal, europeen, interaction, vivreEnsemble, creatif, intellectuel, physique, theatre, stimulante, fierte, funitude, confrontation, mobilisation, proximite, institution,kehl, groupe, name) VALUES (33,'Creationdunehistoire',0,12,7.770917415618896,48.592753394003296,10,'O1',0,0,'E2',0,0,1,1,0,0,0,0,0,0,0,0,1,0,'3_OrangerieEst','avenue_de_leurope_T_2');
INSERT INTO checkpoint(id, titreActivite,nombreEquipe, absorption, positionX, positionY, duree, originalite, obligatoire, regionnal, europeen, interaction, vivreEnsemble, creatif, intellectuel, physique, theatre, stimulante, fierte, funitude, confrontation, mobilisation, proximite, institution,kehl, groupe, name) VALUES (34,'Creationdunehistoire',0,12,7.771496772766112,48.593150775406755,10,'O1',0,0,'E2',0,0,1,1,0,0,0,0,0,0,0,0,1,0,'3_OrangerieEst','avenue_de_leurope_T_4');
INSERT INTO checkpoint(id, titreActivite,nombreEquipe, absorption, positionX, positionY, duree, originalite, obligatoire, regionnal, europeen, interaction, vivreEnsemble, creatif, intellectuel, physique, theatre, stimulante, fierte, funitude, confrontation, mobilisation, proximite, institution,kehl, groupe, name) VALUES (35,'Creationdunehistoire',0,12,7.772043943405151,48.593533961657279,10,'O1',0,0,'E2',0,0,1,1,0,0,0,0,0,0,0,0,1,0,'3_OrangerieEst','avenue_de_leurope_T_6');
INSERT INTO checkpoint(id, titreActivite,nombreEquipe, absorption, positionX, positionY, duree, originalite, obligatoire, regionnal, europeen, interaction, vivreEnsemble, creatif, intellectuel, physique, theatre, stimulante, fierte, funitude, confrontation, mobilisation, proximite, institution,kehl, groupe, name) VALUES (36,'Creationdunehistoire',0,12,7.772773504257203,48.593831993398538,10,'O1',0,0,'E2',0,0,1,1,0,0,0,0,0,0,0,0,1,0,'3_OrangerieEst','avenue_de_leurope_T_8');
INSERT INTO checkpoint(id, titreActivite,nombreEquipe, absorption, positionX, positionY, duree, originalite, obligatoire, regionnal, europeen, interaction, vivreEnsemble, creatif, intellectuel, physique, theatre, stimulante, fierte, funitude, confrontation, mobilisation, proximite, institution,kehl, groupe, name) VALUES (37,'LEuropeAlAveugle',0,6,7.770112752914429,48.579964559702553,10,'O1',0,0,'E1',0,0,0,0,0,0,0,0,0,0,1,0,0,0,'23_AvDeGaulle','avenue_du_général_de_gaulle_1');
INSERT INTO checkpoint(id, titreActivite,nombreEquipe, absorption, positionX, positionY, duree, originalite, obligatoire, regionnal, europeen, interaction, vivreEnsemble, creatif, intellectuel, physique, theatre, stimulante, fierte, funitude, confrontation, mobilisation, proximite, institution,kehl, groupe, name) VALUES (38,'LEuropeAlAveugle',0,6,7.769351005554198,48.579744523692796,10,'O1',0,0,'E1',0,0,0,0,0,0,0,0,0,0,1,0,0,0,'23_AvDeGaulle','avenue_du_général_de_gaulle_2');
INSERT INTO checkpoint(id, titreActivite,nombreEquipe, absorption, positionX, positionY, duree, originalite, obligatoire, regionnal, europeen, interaction, vivreEnsemble, creatif, intellectuel, physique, theatre, stimulante, fierte, funitude, confrontation, mobilisation, proximite, institution,kehl, groupe, name) VALUES (39,'LEuropeAlAveugle',0,6,7.769039869308472,48.57814745943385,10,'O1',0,0,'E1',0,0,0,0,0,0,0,0,0,0,1,0,0,0,'23_AvDeGaulle','avenue_du_général_de_gaulle_3');
INSERT INTO checkpoint(id, titreActivite,nombreEquipe, absorption, positionX, positionY, duree, originalite, obligatoire, regionnal, europeen, interaction, vivreEnsemble, creatif, intellectuel, physique, theatre, stimulante, fierte, funitude, confrontation, mobilisation, proximite, institution,kehl, groupe, name) VALUES (40,'LEuropeAlAveugle',0,6,7.768610715866088,48.579449957857797,10,'O1',0,0,'E1',0,0,0,0,0,0,0,0,0,0,1,0,0,0,'23_AvDeGaulle','avenue_du_général_de_gaulle_4');
INSERT INTO checkpoint(id, titreActivite,nombreEquipe, absorption, positionX, positionY, duree, originalite, obligatoire, regionnal, europeen, interaction, vivreEnsemble, creatif, intellectuel, physique, theatre, stimulante, fierte, funitude, confrontation, mobilisation, proximite, institution,kehl, groupe, name) VALUES (41,'TaboosurlespaysdEurope',0,12,7.769393920898437,48.595325673616081,10,'O1',0,0,'E3',0,0,0,1,0,0,1,0,0,1,0,0,1,0,'41','avenue_du_president_robert_schuman_1');
INSERT INTO checkpoint(id, titreActivite,nombreEquipe, absorption, positionX, positionY, duree, originalite, obligatoire, regionnal, europeen, interaction, vivreEnsemble, creatif, intellectuel, physique, theatre, stimulante, fierte, funitude, confrontation, mobilisation, proximite, institution,kehl, groupe, name) VALUES (42,'FrontexPervier',0,8,7.767580747604369,48.594229366318793,15,'O3',0,0,'E0',0,1,0,0,1,0,1,0,1,0,1,0,1,0,'34_ParkingEurope','avenue_du_president_robert_schuman_2');
INSERT INTO checkpoint(id, titreActivite,nombreEquipe, absorption, positionX, positionY, duree, originalite, obligatoire, regionnal, europeen, interaction, vivreEnsemble, creatif, intellectuel, physique, theatre, stimulante, fierte, funitude, confrontation, mobilisation, proximite, institution,kehl, groupe, name) VALUES (43,'FrontexPervier',0,8,7.767355442047119,48.593874569218052,15,'O3',0,0,'E0',0,1,0,0,1,0,1,0,1,0,1,0,1,0,'34_ParkingEurope','avenue_du_president_robert_schuman_3');
INSERT INTO checkpoint(id, titreActivite,nombreEquipe, absorption, positionX, positionY, duree, originalite, obligatoire, regionnal, europeen, interaction, vivreEnsemble, creatif, intellectuel, physique, theatre, stimulante, fierte, funitude, confrontation, mobilisation, proximite, institution,kehl, groupe, name) VALUES (44,'Europedesrealisationsquotidiennes',0,6,7.76005983352661,48.583804388759155,10,'O1',0,0,'E1',0,1,1,0,0,1,0,0,1,0,1,0,0,0,'44','bains_municipaux');
INSERT INTO checkpoint(id, titreActivite,nombreEquipe, absorption, positionX, positionY, duree, originalite, obligatoire, regionnal, europeen, interaction, vivreEnsemble, creatif, intellectuel, physique, theatre, stimulante, fierte, funitude, confrontation, mobilisation, proximite, institution,kehl, groupe, name) VALUES (45,'Lancerdebudget',0,6,7.76943415403366,48.588387314841668,10,'O1',0,0,'E1',0,1,0,0,0,0,0,0,0,0,1,0,0,0,'45','boulevard_tauler_1');
INSERT INTO checkpoint(id, titreActivite,nombreEquipe, absorption, positionX, positionY, duree, originalite, obligatoire, regionnal, europeen, interaction, vivreEnsemble, creatif, intellectuel, physique, theatre, stimulante, fierte, funitude, confrontation, mobilisation, proximite, institution,kehl, groupe, name) VALUES (46,'Resolutiondeconflits',0,8,7.765606641769408,48.578630133063498,45,'O3',0,0,'E3',0,1,0,1,0,1,0,0,1,1,0,0,0,0,'14_PlaceRouge','campus_1');
INSERT INTO checkpoint(id, titreActivite,nombreEquipe, absorption, positionX, positionY, duree, originalite, obligatoire, regionnal, europeen, interaction, vivreEnsemble, creatif, intellectuel, physique, theatre, stimulante, fierte, funitude, confrontation, mobilisation, proximite, institution,kehl, groupe, name) VALUES (47,'Resolutiondeconflits',0,8,7.765606641769408,48.579347036860177,45,'O3',0,0,'E3',0,1,0,1,0,1,0,0,1,1,0,0,0,0,'14_PlaceRouge','campus_2');
INSERT INTO checkpoint(id, titreActivite,nombreEquipe, absorption, positionX, positionY, duree, originalite, obligatoire, regionnal, europeen, interaction, vivreEnsemble, creatif, intellectuel, physique, theatre, stimulante, fierte, funitude, confrontation, mobilisation, proximite, institution,kehl, groupe, name) VALUES (48,'Resolutiondeconflits',0,8,7.767183780670167,48.579815503155444,45,'O3',0,0,'E3',0,1,0,1,0,1,0,0,1,1,0,0,0,0,'14_PlaceRouge','campus_3');
INSERT INTO checkpoint(id, titreActivite,nombreEquipe, absorption, positionX, positionY, duree, originalite, obligatoire, regionnal, europeen, interaction, vivreEnsemble, creatif, intellectuel, physique, theatre, stimulante, fierte, funitude, confrontation, mobilisation, proximite, institution,kehl, groupe, name) VALUES (49,'TokyoTrain',0,8,7.774852216243744,48.596157644991933,15,'O2',0,0,'E1',0,0,0,1,0,0,1,0,1,1,1,0,1,0,'49','cedh_1');
INSERT INTO checkpoint(id, titreActivite,nombreEquipe, absorption, positionX, positionY, duree, originalite, obligatoire, regionnal, europeen, interaction, vivreEnsemble, creatif, intellectuel, physique, theatre, stimulante, fierte, funitude, confrontation, mobilisation, proximite, institution,kehl, groupe, name) VALUES (50,'Dixit',0,3,7.77344137430191,48.596602894833417,20,'O3',0,0,'E2',0,0,0,1,0,0,0,0,0,0,1,0,1,0,'50','cedh_2');
INSERT INTO checkpoint(id, titreActivite,nombreEquipe, absorption, positionX, positionY, duree, originalite, obligatoire, regionnal, europeen, interaction, vivreEnsemble, creatif, intellectuel, physique, theatre, stimulante, fierte, funitude, confrontation, mobilisation, proximite, institution,kehl, groupe, name) VALUES (51,'FixBall',0,16,7.774490118026733,48.576954951884773,15,'O1',0,0,'E0',0,0,0,0,1,0,1,0,1,1,1,0,0,0,'38_Citadelle','citadelle_1');
INSERT INTO checkpoint(id, titreActivite,nombreEquipe, absorption, positionX, positionY, duree, originalite, obligatoire, regionnal, europeen, interaction, vivreEnsemble, creatif, intellectuel, physique, theatre, stimulante, fierte, funitude, confrontation, mobilisation, proximite, institution,kehl, groupe, name) VALUES (52,'FixBall',0,16,7.774243354797362,48.576876870052104,15,'O1',0,0,'E0',0,0,0,0,1,0,1,0,1,1,1,0,0,0,'38_Citadelle','citadelle_2');
INSERT INTO checkpoint(id, titreActivite,nombreEquipe, absorption, positionX, positionY, duree, originalite, obligatoire, regionnal, europeen, interaction, vivreEnsemble, creatif, intellectuel, physique, theatre, stimulante, fierte, funitude, confrontation, mobilisation, proximite, institution,kehl, groupe, name) VALUES (53,'FixBall',0,16,7.773127555847167,48.576387081259988,15,'O1',0,0,'E0',0,0,0,0,1,0,1,0,1,1,1,0,0,0,'38_Citadelle','citadelle_3');
INSERT INTO checkpoint(id, titreActivite,nombreEquipe, absorption, positionX, positionY, duree, originalite, obligatoire, regionnal, europeen, interaction, vivreEnsemble, creatif, intellectuel, physique, theatre, stimulante, fierte, funitude, confrontation, mobilisation, proximite, institution,kehl, groupe, name) VALUES (54,'FixBall',0,16,7.773352861404419,48.576472262260346,15,'O1',0,0,'E0',0,0,0,0,1,0,1,0,1,1,1,0,0,0,'38_Citadelle','citadelle_4');
INSERT INTO checkpoint(id, titreActivite,nombreEquipe, absorption, positionX, positionY, duree, originalite, obligatoire, regionnal, europeen, interaction, vivreEnsemble, creatif, intellectuel, physique, theatre, stimulante, fierte, funitude, confrontation, mobilisation, proximite, institution,kehl, groupe, name) VALUES (55,'Resolutiondeconflits',0,8,7.772151231765746,48.576230915719897,45,'O3',0,0,'E3',0,1,0,1,0,1,0,0,1,1,0,0,0,0,'14_Citadelle','citadelle_5');
INSERT INTO checkpoint(id, titreActivite,nombreEquipe, absorption, positionX, positionY, duree, originalite, obligatoire, regionnal, europeen, interaction, vivreEnsemble, creatif, intellectuel, physique, theatre, stimulante, fierte, funitude, confrontation, mobilisation, proximite, institution,kehl, groupe, name) VALUES (56,'Resolutiondeconflits',0,8,7.771936655044555,48.576032158880274,45,'O3',0,0,'E3',0,1,0,1,0,1,0,0,1,1,0,0,0,0,'14_Citadelle','citadelle_6');
INSERT INTO checkpoint(id, titreActivite,nombreEquipe, absorption, positionX, positionY, duree, originalite, obligatoire, regionnal, europeen, interaction, vivreEnsemble, creatif, intellectuel, physique, theatre, stimulante, fierte, funitude, confrontation, mobilisation, proximite, institution,kehl, groupe, name) VALUES (57,'Resolutiondeconflits',0,8,7.771850824356079,48.576195423484414,45,'O3',0,0,'E3',0,1,0,1,0,1,0,0,1,1,0,0,0,0,'14_Citadelle','citadelle_7');
INSERT INTO checkpoint(id, titreActivite,nombreEquipe, absorption, positionX, positionY, duree, originalite, obligatoire, regionnal, europeen, interaction, vivreEnsemble, creatif, intellectuel, physique, theatre, stimulante, fierte, funitude, confrontation, mobilisation, proximite, institution,kehl, groupe, name) VALUES (58,'Creationdunehistoire',0,12,7.75232970714569,48.580564330413907,10,'O1',0,0,'E2',0,0,1,1,0,0,0,0,0,0,0,0,0,0,'3_QuaisMusees','cour_du_palais_rohan_T_1');
INSERT INTO checkpoint(id, titreActivite,nombreEquipe, absorption, positionX, positionY, duree, originalite, obligatoire, regionnal, europeen, interaction, vivreEnsemble, creatif, intellectuel, physique, theatre, stimulante, fierte, funitude, confrontation, mobilisation, proximite, institution,kehl, groupe, name) VALUES (59,'Creationdunehistoire',0,12,7.752463817596435,48.580624661985006,10,'O1',0,0,'E2',0,0,1,1,0,0,0,0,0,0,0,0,0,0,'3_QuaisMusees','cour_du_palais_rohan_T_2');
INSERT INTO checkpoint(id, titreActivite,nombreEquipe, absorption, positionX, positionY, duree, originalite, obligatoire, regionnal, europeen, interaction, vivreEnsemble, creatif, intellectuel, physique, theatre, stimulante, fierte, funitude, confrontation, mobilisation, proximite, institution,kehl, groupe, name) VALUES (60,'Creationdunehistoire',0,12,7.752630114555358,48.580695640211772,10,'O1',0,0,'E2',0,0,1,1,0,0,0,0,0,0,0,0,0,0,'3_QuaisMusees','cour_du_palais_rohan_T_3');
INSERT INTO checkpoint(id, titreActivite,nombreEquipe, absorption, positionX, positionY, duree, originalite, obligatoire, regionnal, europeen, interaction, vivreEnsemble, creatif, intellectuel, physique, theatre, stimulante, fierte, funitude, confrontation, mobilisation, proximite, institution,kehl, groupe, name) VALUES (61,'Creationdunehistoire',0,12,7.752791047096252,48.580770167242619,10,'O1',0,0,'E2',0,0,1,1,0,0,0,0,0,0,0,0,0,0,'3_QuaisMusees','cour_du_palais_rohan_T_4');
INSERT INTO checkpoint(id, titreActivite,nombreEquipe, absorption, positionX, positionY, duree, originalite, obligatoire, regionnal, europeen, interaction, vivreEnsemble, creatif, intellectuel, physique, theatre, stimulante, fierte, funitude, confrontation, mobilisation, proximite, institution,kehl, groupe, name) VALUES (62,'TaboosurlespaysdEurope',0,12,7.748263478279113,48.578275226431401,10,'O1',0,0,'E3',0,0,0,1,0,0,1,0,0,1,0,0,0,0,'62','cour_saint_nicolas_1');
INSERT INTO checkpoint(id, titreActivite,nombreEquipe, absorption, positionX, positionY, duree, originalite, obligatoire, regionnal, europeen, interaction, vivreEnsemble, creatif, intellectuel, physique, theatre, stimulante, fierte, funitude, confrontation, mobilisation, proximite, institution,kehl, groupe, name) VALUES (63,'JeparsenvoyageenEurope',0,18,7.759609222412109,48.585990334881494,10,'O1',0,0,'E2',0,0,0,1,0,0,0,0,0,0,1,0,0,0,'6_StPaul','eglise_saint_paul_1');
INSERT INTO checkpoint(id, titreActivite,nombreEquipe, absorption, positionX, positionY, duree, originalite, obligatoire, regionnal, europeen, interaction, vivreEnsemble, creatif, intellectuel, physique, theatre, stimulante, fierte, funitude, confrontation, mobilisation, proximite, institution,kehl, groupe, name) VALUES (64,'JeparsenvoyageenEurope',0,18,7.760033011436462,48.586160664374908,10,'O1',0,0,'E2',0,0,0,1,0,0,0,0,0,0,1,0,0,0,'6_StPaul','eglise_saint_paul_2');
INSERT INTO checkpoint(id, titreActivite,nombreEquipe, absorption, positionX, positionY, duree, originalite, obligatoire, regionnal, europeen, interaction, vivreEnsemble, creatif, intellectuel, physique, theatre, stimulante, fierte, funitude, confrontation, mobilisation, proximite, institution,kehl, groupe, name) VALUES (65,'JeparsenvoyageenEurope',0,18,7.760210037231445,48.58642325455255,10,'O1',0,0,'E2',0,0,0,1,0,0,0,0,0,0,1,0,0,0,'6_StPaul','eglise_saint_paul_3');
INSERT INTO checkpoint(id, titreActivite,nombreEquipe, absorption, positionX, positionY, duree, originalite, obligatoire, regionnal, europeen, interaction, vivreEnsemble, creatif, intellectuel, physique, theatre, stimulante, fierte, funitude, confrontation, mobilisation, proximite, institution,kehl, groupe, name) VALUES (66,'JeparsenvoyageenEurope',0,18,7.759754061698914,48.586568743117645,10,'O1',0,0,'E2',0,0,0,1,0,0,0,0,0,0,1,0,0,0,'6_StPaul','eglise_saint_paul_4');
INSERT INTO checkpoint(id, titreActivite,nombreEquipe, absorption, positionX, positionY, duree, originalite, obligatoire, regionnal, europeen, interaction, vivreEnsemble, creatif, intellectuel, physique, theatre, stimulante, fierte, funitude, confrontation, mobilisation, proximite, institution,kehl, groupe, name) VALUES (70,'Euroku',0,4,7.759287357330321,48.594420955717247,15,'O1',0,0,'E1',0,0,0,1,0,0,0,0,0,0,1,0,1,0,'70','france_3_alsace_1');
INSERT INTO checkpoint(id, titreActivite,nombreEquipe, absorption, positionX, positionY, duree, originalite, obligatoire, regionnal, europeen, interaction, vivreEnsemble, creatif, intellectuel, physique, theatre, stimulante, fierte, funitude, confrontation, mobilisation, proximite, institution,kehl, groupe, name) VALUES (71,'RecetteEnFouillis',0,6,7.752431631088257,48.583009475818812,10,'O2',0,1,'E0',1,0,0,0,0,0,0,0,0,0,0,0,0,0,'71','impasse_de_la_bière');
INSERT INTO checkpoint(id, titreActivite,nombreEquipe, absorption, positionX, positionY, duree, originalite, obligatoire, regionnal, europeen, interaction, vivreEnsemble, creatif, intellectuel, physique, theatre, stimulante, fierte, funitude, confrontation, mobilisation, proximite, institution,kehl, groupe, name) VALUES (72,'RecetteEnFouillis',0,6,7.751900553703308,48.583815034829748,10,'O2',0,1,'E0',1,0,0,0,0,0,0,0,0,0,0,0,0,0,'72','impasse_des_charpentiers');
INSERT INTO checkpoint(id, titreActivite,nombreEquipe, absorption, positionX, positionY, duree, originalite, obligatoire, regionnal, europeen, interaction, vivreEnsemble, creatif, intellectuel, physique, theatre, stimulante, fierte, funitude, confrontation, mobilisation, proximite, institution,kehl, groupe, name) VALUES (73,'Dixit',0,3,7.751082479953766,48.583660666586425,20,'O3',0,0,'E2',0,0,0,1,0,0,0,0,0,0,1,0,0,0,'16_Dome','impasse_des_echasses_1');
INSERT INTO checkpoint(id, titreActivite,nombreEquipe, absorption, positionX, positionY, duree, originalite, obligatoire, regionnal, europeen, interaction, vivreEnsemble, creatif, intellectuel, physique, theatre, stimulante, fierte, funitude, confrontation, mobilisation, proximite, institution,kehl, groupe, name) VALUES (74,'Twister',0,16,7.739701867103577,48.581181838385433,15,'O1',0,0,'E1',0,0,0,0,0,0,1,0,1,0,1,0,0,0,'74','impasse_du_bain_aux_plantes_1');
INSERT INTO checkpoint(id, titreActivite,nombreEquipe, absorption, positionX, positionY, duree, originalite, obligatoire, regionnal, europeen, interaction, vivreEnsemble, creatif, intellectuel, physique, theatre, stimulante, fierte, funitude, confrontation, mobilisation, proximite, institution,kehl, groupe, name) VALUES (75,'Dixit',0,3,7.750369012355804,48.583053835129228,20,'O3',0,0,'E2',0,0,0,1,0,0,0,0,0,0,1,0,0,0,'16_Dome','impasse_du_tiroir_1');
INSERT INTO checkpoint(id, titreActivite,nombreEquipe, absorption, positionX, positionY, duree, originalite, obligatoire, regionnal, europeen, interaction, vivreEnsemble, creatif, intellectuel, physique, theatre, stimulante, fierte, funitude, confrontation, mobilisation, proximite, institution,kehl, groupe, name) VALUES (76,'TaboosurlespaysdEurope',0,12,7.75408923625946,48.579283154756268,10,'O1',0,0,'E3',0,0,0,1,0,0,1,0,0,1,0,0,0,0,'76','impasse_sainte_madeleine_1');
INSERT INTO checkpoint(id, titreActivite,nombreEquipe, absorption, positionX, positionY, duree, originalite, obligatoire, regionnal, europeen, interaction, vivreEnsemble, creatif, intellectuel, physique, theatre, stimulante, fierte, funitude, confrontation, mobilisation, proximite, institution,kehl, groupe, name) VALUES (82,'JeparsenvoyageenEurope',0,18,7.777263522148132,48.597074748948224,10,'O1',0,0,'E2',0,0,0,1,0,0,0,0,0,0,1,0,1,0,'6_LieuDEurope','lieu_deurope_1');
INSERT INTO checkpoint(id, titreActivite,nombreEquipe, absorption, positionX, positionY, duree, originalite, obligatoire, regionnal, europeen, interaction, vivreEnsemble, creatif, intellectuel, physique, theatre, stimulante, fierte, funitude, confrontation, mobilisation, proximite, institution,kehl, groupe, name) VALUES (83,'JeparsenvoyageenEurope',0,18,7.777445912361144,48.597436619042675,10,'O1',0,0,'E2',0,0,0,1,0,0,0,0,0,0,1,0,1,0,'6_LieuDEurope','lieu_deurope_2');
INSERT INTO checkpoint(id, titreActivite,nombreEquipe, absorption, positionX, positionY, duree, originalite, obligatoire, regionnal, europeen, interaction, vivreEnsemble, creatif, intellectuel, physique, theatre, stimulante, fierte, funitude, confrontation, mobilisation, proximite, institution,kehl, groupe, name) VALUES (84,'Reconstitutionshistoriques',0,6,7.775423526763916,48.592164412245594,10,'O2',0,0,'E2',0,0,1,0,0,0,0,0,0,0,1,0,0,0,'84','orangerie_C_1');
INSERT INTO checkpoint(id, titreActivite,nombreEquipe, absorption, positionX, positionY, duree, originalite, obligatoire, regionnal, europeen, interaction, vivreEnsemble, creatif, intellectuel, physique, theatre, stimulante, fierte, funitude, confrontation, mobilisation, proximite, institution,kehl, groupe, name) VALUES (85,'ConvaincreSurLEurope',0,6,7.775664925575256,48.591703156677781,10,'O2',0,0,'E3',1,1,0,1,0,0,0,1,0,0,0,0,0,0,'2_Orangerie_Centre','orangerie_C_T_2');
INSERT INTO checkpoint(id, titreActivite,nombreEquipe, absorption, positionX, positionY, duree, originalite, obligatoire, regionnal, europeen, interaction, vivreEnsemble, creatif, intellectuel, physique, theatre, stimulante, fierte, funitude, confrontation, mobilisation, proximite, institution,kehl, groupe, name) VALUES (86,'ConvaincreSurLEurope',0,6,7.776115536689758,48.591976362407117,10,'O2',0,0,'E3',1,1,0,1,0,0,0,1,0,0,0,0,0,0,'2_Orangerie_Centre','orangerie_C_T_3');
INSERT INTO checkpoint(id, titreActivite,nombreEquipe, absorption, positionX, positionY, duree, originalite, obligatoire, regionnal, europeen, interaction, vivreEnsemble, creatif, intellectuel, physique, theatre, stimulante, fierte, funitude, confrontation, mobilisation, proximite, institution,kehl, groupe, name) VALUES (87,'Attrape_MoiSiTuPeux',0,12,7.773014344225601,48.59121749941913,10,'O0',0,0,'E0',0,0,0,0,1,0,1,0,0,1,1,0,0,0,'37_OrangerieEst','orangerie_E_1');
INSERT INTO checkpoint(id, titreActivite,nombreEquipe, absorption, positionX, positionY, duree, originalite, obligatoire, regionnal, europeen, interaction, vivreEnsemble, creatif, intellectuel, physique, theatre, stimulante, fierte, funitude, confrontation, mobilisation, proximite, institution,kehl, groupe, name) VALUES (88,'Attrape_MoiSiTuPeux',0,12,7.773400582323746,48.591444582894368,10,'O0',0,0,'E0',0,0,0,0,1,0,1,0,0,1,1,0,0,0,'37_OrangerieEst','orangerie_E_2');
INSERT INTO checkpoint(id, titreActivite,nombreEquipe, absorption, positionX, positionY, duree, originalite, obligatoire, regionnal, europeen, interaction, vivreEnsemble, creatif, intellectuel, physique, theatre, stimulante, fierte, funitude, confrontation, mobilisation, proximite, institution,kehl, groupe, name) VALUES (89,'Attrape_MoiSiTuPeux',0,12,7.772760180064219,48.592061373537277,10,'O0',0,0,'E0',0,0,0,0,1,0,1,0,0,1,1,0,0,0,'37_OrangerieEst','orangerie_E_3');
INSERT INTO checkpoint(id, titreActivite,nombreEquipe, absorption, positionX, positionY, duree, originalite, obligatoire, regionnal, europeen, interaction, vivreEnsemble, creatif, intellectuel, physique, theatre, stimulante, fierte, funitude, confrontation, mobilisation, proximite, institution,kehl, groupe, name) VALUES (90,'Attrape_MoiSiTuPeux',0,12,7.773382452555674,48.591908802036265,10,'O0',0,0,'E0',0,0,0,0,1,0,1,0,0,1,1,0,0,0,'37_OrangerieEst','orangerie_E_4');
INSERT INTO checkpoint(id, titreActivite,nombreEquipe, absorption, positionX, positionY, duree, originalite, obligatoire, regionnal, europeen, interaction, vivreEnsemble, creatif, intellectuel, physique, theatre, stimulante, fierte, funitude, confrontation, mobilisation, proximite, institution,kehl, groupe, name) VALUES (91,'Attrape_MoiSiTuPeux',0,12,7.773902801104562,48.591756230074559,10,'O0',0,0,'E0',0,0,0,0,1,0,1,0,0,1,1,0,0,0,'37_OrangerieEst','orangerie_E_5');
INSERT INTO checkpoint(id, titreActivite,nombreEquipe, absorption, positionX, positionY, duree, originalite, obligatoire, regionnal, europeen, interaction, vivreEnsemble, creatif, intellectuel, physique, theatre, stimulante, fierte, funitude, confrontation, mobilisation, proximite, institution,kehl, groupe, name) VALUES (92,'JeparsenvoyageenEurope',0,18,7.772054672241211,48.592320528560954,10,'O1',0,0,'E2',0,0,0,1,0,0,0,0,0,0,1,0,1,0,'6_OrangerieEst','orangerie_O_1');
INSERT INTO checkpoint(id, titreActivite,nombreEquipe, absorption, positionX, positionY, duree, originalite, obligatoire, regionnal, europeen, interaction, vivreEnsemble, creatif, intellectuel, physique, theatre, stimulante, fierte, funitude, confrontation, mobilisation, proximite, institution,kehl, groupe, name) VALUES (93,'JeparsenvoyageenEurope',0,18,7.773009538650512,48.593044334265848,10,'O1',0,0,'E2',0,0,0,1,0,0,0,0,0,0,1,0,1,0,'6_OrangerieEst','orangerie_O_2');
INSERT INTO checkpoint(id, titreActivite,nombreEquipe, absorption, positionX, positionY, duree, originalite, obligatoire, regionnal, europeen, interaction, vivreEnsemble, creatif, intellectuel, physique, theatre, stimulante, fierte, funitude, confrontation, mobilisation, proximite, institution,kehl, groupe, name) VALUES (94,'JeparsenvoyageenEurope',0,18,7.774114608764648,48.593789417543114,10,'O1',0,0,'E2',0,0,0,1,0,0,0,0,0,0,1,0,0,0,'6_OrangerieEst','orangerie_O_3');
INSERT INTO checkpoint(id, titreActivite,nombreEquipe, absorption, positionX, positionY, duree, originalite, obligatoire, regionnal, europeen, interaction, vivreEnsemble, creatif, intellectuel, physique, theatre, stimulante, fierte, funitude, confrontation, mobilisation, proximite, institution,kehl, groupe, name) VALUES (95,'TaboosurlespaysdEurope',0,12,7.772603183984757,48.595904861961074,10,'O1',0,0,'E3',0,0,0,1,0,0,1,0,0,1,0,0,1,0,'95','palais_de_leurope_2');
INSERT INTO checkpoint(id, titreActivite,nombreEquipe, absorption, positionX, positionY, duree, originalite, obligatoire, regionnal, europeen, interaction, vivreEnsemble, creatif, intellectuel, physique, theatre, stimulante, fierte, funitude, confrontation, mobilisation, proximite, institution,kehl, groupe, name) VALUES (96,'GymnastiqueEuropeenne',0,8,7.763171195983887,48.584258619111885,15,'O1',0,0,'E0',0,0,1,0,1,0,1,0,1,0,1,0,0,0,'35_PalaisUniversitaire','palais_universitaire_10');
INSERT INTO checkpoint(id, titreActivite,nombreEquipe, absorption, positionX, positionY, duree, originalite, obligatoire, regionnal, europeen, interaction, vivreEnsemble, creatif, intellectuel, physique, theatre, stimulante, fierte, funitude, confrontation, mobilisation, proximite, institution,kehl, groupe, name) VALUES (97,'GymnastiqueEuropeenne',0,8,7.764372825622558,48.584542511009317,15,'O1',0,0,'E0',0,0,1,0,1,0,1,0,1,0,1,0,0,0,'35_PalaisUniversitaire','palais_universitaire_11');
INSERT INTO checkpoint(id, titreActivite,nombreEquipe, absorption, positionX, positionY, duree, originalite, obligatoire, regionnal, europeen, interaction, vivreEnsemble, creatif, intellectuel, physique, theatre, stimulante, fierte, funitude, confrontation, mobilisation, proximite, institution,kehl, groupe, name) VALUES (98,'GymnastiqueEuropeenne',0,8,7.761261463165282,48.584585094656383,15,'O1',0,0,'E0',0,0,1,0,1,0,1,0,1,0,1,0,0,0,'35_PalaisUniversitaire','palais_universitaire_6');
INSERT INTO checkpoint(id, titreActivite,nombreEquipe, absorption, positionX, positionY, duree, originalite, obligatoire, regionnal, europeen, interaction, vivreEnsemble, creatif, intellectuel, physique, theatre, stimulante, fierte, funitude, confrontation, mobilisation, proximite, institution,kehl, groupe, name) VALUES (99,'Reconstitutionshistoriques',0,6,7.761068344116211,48.585010929153754,10,'O2',0,0,'E2',0,0,1,0,0,0,0,0,0,0,1,0,0,0,'99','palais_universitaire_7');
INSERT INTO checkpoint(id, titreActivite,nombreEquipe, absorption, positionX, positionY, duree, originalite, obligatoire, regionnal, europeen, interaction, vivreEnsemble, creatif, intellectuel, physique, theatre, stimulante, fierte, funitude, confrontation, mobilisation, proximite, institution,kehl, groupe, name) VALUES (100,'GymnastiqueEuropeenne',0,8,7.761797904968263,48.585280622479658,15,'O1',0,0,'E0',0,0,1,0,1,0,1,0,1,0,1,0,0,0,'35_PalaisUniversitaire','palais_universitaire_8');
INSERT INTO checkpoint(id, titreActivite,nombreEquipe, absorption, positionX, positionY, duree, originalite, obligatoire, regionnal, europeen, interaction, vivreEnsemble, creatif, intellectuel, physique, theatre, stimulante, fierte, funitude, confrontation, mobilisation, proximite, institution,kehl, groupe, name) VALUES (101,'GymnastiqueEuropeenne',0,8,7.763621807098389,48.584954151428065,15,'O1',0,0,'E0',0,0,1,0,1,0,1,0,1,0,1,0,0,0,'35_PalaisUniversitaire','palais_universitaire_9');
INSERT INTO checkpoint(id, titreActivite,nombreEquipe, absorption, positionX, positionY, duree, originalite, obligatoire, regionnal, europeen, interaction, vivreEnsemble, creatif, intellectuel, physique, theatre, stimulante, fierte, funitude, confrontation, mobilisation, proximite, institution,kehl, groupe, name) VALUES (102,'Photo_Langage',0,12,7.760102748870849,48.584868984719954,10,'O1',0,0,'E2',0,1,0,1,0,0,0,0,0,0,1,0,0,0,'1_PalaisUniversitaire','palais_universitaire_T_1');
INSERT INTO checkpoint(id, titreActivite,nombreEquipe, absorption, positionX, positionY, duree, originalite, obligatoire, regionnal, europeen, interaction, vivreEnsemble, creatif, intellectuel, physique, theatre, stimulante, fierte, funitude, confrontation, mobilisation, proximite, institution,kehl, groupe, name) VALUES (103,'Photo_Langage',0,12,7.760682106018066,48.584684456360009,10,'O1',0,0,'E2',0,1,0,1,0,0,0,0,0,0,1,0,0,0,'1_PalaisUniversitaire','palais_universitaire_T_2');
INSERT INTO checkpoint(id, titreActivite,nombreEquipe, absorption, positionX, positionY, duree, originalite, obligatoire, regionnal, europeen, interaction, vivreEnsemble, creatif, intellectuel, physique, theatre, stimulante, fierte, funitude, confrontation, mobilisation, proximite, institution,kehl, groupe, name) VALUES (104,'Photo_Langage',0,12,7.760553359985351,48.585110290020211,10,'O1',0,0,'E2',0,1,0,1,0,0,0,0,0,0,1,0,0,0,'1_PalaisUniversitaire','palais_universitaire_T_3');
INSERT INTO checkpoint(id, titreActivite,nombreEquipe, absorption, positionX, positionY, duree, originalite, obligatoire, regionnal, europeen, interaction, vivreEnsemble, creatif, intellectuel, physique, theatre, stimulante, fierte, funitude, confrontation, mobilisation, proximite, institution,kehl, groupe, name) VALUES (105,'Photo_Langage',0,12,7.761411666870117,48.585280622479658,10,'O1',0,0,'E2',0,1,0,1,0,0,0,0,0,0,1,0,0,0,'1_PalaisUniversitaire','palais_universitaire_T_4');
INSERT INTO checkpoint(id, titreActivite,nombreEquipe, absorption, positionX, positionY, duree, originalite, obligatoire, regionnal, europeen, interaction, vivreEnsemble, creatif, intellectuel, physique, theatre, stimulante, fierte, funitude, confrontation, mobilisation, proximite, institution,kehl, groupe, name) VALUES (106,'Photo_Langage',0,12,7.76209831237793,48.585426114334183,10,'O1',0,0,'E2',0,1,0,1,0,0,0,0,0,0,1,0,0,0,'1_PalaisUniversitaire','palais_universitaire_T_5');
INSERT INTO checkpoint(id, titreActivite,nombreEquipe, absorption, positionX, positionY, duree, originalite, obligatoire, regionnal, europeen, interaction, vivreEnsemble, creatif, intellectuel, physique, theatre, stimulante, fierte, funitude, confrontation, mobilisation, proximite, institution,kehl, groupe, name) VALUES (107,'Beret',0,12,7.757447361946106,48.589203433071994,10,'O0',0,0,'E1',0,0,0,0,1,0,1,0,1,1,1,0,0,0,'32_contades','parc_contades_01');
INSERT INTO checkpoint(id, titreActivite,nombreEquipe, absorption, positionX, positionY, duree, originalite, obligatoire, regionnal, europeen, interaction, vivreEnsemble, creatif, intellectuel, physique, theatre, stimulante, fierte, funitude, confrontation, mobilisation, proximite, institution,kehl, groupe, name) VALUES (108,'Beret',0,12,7.75708794593811,48.589755192494579,10,'O0',0,0,'E1',0,0,0,0,1,0,1,0,1,1,1,0,0,0,'32_contades','parc_contades_02');
INSERT INTO checkpoint(id, titreActivite,nombreEquipe, absorption, positionX, positionY, duree, originalite, obligatoire, regionnal, europeen, interaction, vivreEnsemble, creatif, intellectuel, physique, theatre, stimulante, fierte, funitude, confrontation, mobilisation, proximite, institution,kehl, groupe, name) VALUES (109,'Beret',0,12,7.757527828216553,48.590546451119188,10,'O0',0,0,'E1',0,0,0,0,1,0,1,0,1,1,1,0,0,0,'32_contades','parc_contades_03');
INSERT INTO checkpoint(id, titreActivite,nombreEquipe, absorption, positionX, positionY, duree, originalite, obligatoire, regionnal, europeen, interaction, vivreEnsemble, creatif, intellectuel, physique, theatre, stimulante, fierte, funitude, confrontation, mobilisation, proximite, institution,kehl, groupe, name) VALUES (110,'Beret',0,12,7.758074998855591,48.590177435185822,10,'O0',0,0,'E1',0,0,0,0,1,0,1,0,1,1,1,0,0,0,'32_contades','parc_contades_04');
INSERT INTO checkpoint(id, titreActivite,nombreEquipe, absorption, positionX, positionY, duree, originalite, obligatoire, regionnal, europeen, interaction, vivreEnsemble, creatif, intellectuel, physique, theatre, stimulante, fierte, funitude, confrontation, mobilisation, proximite, institution,kehl, groupe, name) VALUES (111,'Beret',0,12,7.758976221084595,48.590929657120753,10,'O0',0,0,'E1',0,0,0,0,1,0,1,0,1,1,1,0,0,0,'32_contades','parc_contades_05');
INSERT INTO checkpoint(id, titreActivite,nombreEquipe, absorption, positionX, positionY, duree, originalite, obligatoire, regionnal, europeen, interaction, vivreEnsemble, creatif, intellectuel, physique, theatre, stimulante, fierte, funitude, confrontation, mobilisation, proximite, institution,kehl, groupe, name) VALUES (112,'Beret',0,12,7.759402692317962,48.591389145670675,10,'O0',0,0,'E1',0,0,0,0,1,0,1,0,1,1,1,0,0,0,'32_contades','parc_contades_06');
INSERT INTO checkpoint(id, titreActivite,nombreEquipe, absorption, positionX, positionY, duree, originalite, obligatoire, regionnal, europeen, interaction, vivreEnsemble, creatif, intellectuel, physique, theatre, stimulante, fierte, funitude, confrontation, mobilisation, proximite, institution,kehl, groupe, name) VALUES (113,'Beret',0,12,7.758997678756713,48.591743960224704,10,'O0',0,0,'E1',0,0,0,0,1,0,1,0,1,1,1,0,1,0,'32_contades','parc_contades_07');
INSERT INTO checkpoint(id, titreActivite,nombreEquipe, absorption, positionX, positionY, duree, originalite, obligatoire, regionnal, europeen, interaction, vivreEnsemble, creatif, intellectuel, physique, theatre, stimulante, fierte, funitude, confrontation, mobilisation, proximite, institution,kehl, groupe, name) VALUES (114,'Beret',0,12,7.758485376834869,48.591236574646416,10,'O0',0,0,'E1',0,0,0,0,1,0,1,0,1,1,1,0,0,0,'32_contades','parc_contades_08');
INSERT INTO checkpoint(id, titreActivite,nombreEquipe, absorption, positionX, positionY, duree, originalite, obligatoire, regionnal, europeen, interaction, vivreEnsemble, creatif, intellectuel, physique, theatre, stimulante, fierte, funitude, confrontation, mobilisation, proximite, institution,kehl, groupe, name) VALUES (115,'CombatdeSumo_Scouts',0,8,7.758343219757079,48.590674186775964,15,'O2',0,0,'E1',0,0,0,0,1,0,1,0,1,1,0,0,0,0,'36_Contades','parc_contades_09');
INSERT INTO checkpoint(id, titreActivite,nombreEquipe, absorption, positionX, positionY, duree, originalite, obligatoire, regionnal, europeen, interaction, vivreEnsemble, creatif, intellectuel, physique, theatre, stimulante, fierte, funitude, confrontation, mobilisation, proximite, institution,kehl, groupe, name) VALUES (116,'CombatdeSumo_Scouts',0,8,7.758104503154755,48.590773536507982,15,'O2',0,0,'E1',0,0,0,0,1,0,1,0,1,1,0,0,0,0,'36_Contades','parc_contades_10');
INSERT INTO checkpoint(id, titreActivite,nombreEquipe, absorption, positionX, positionY, duree, originalite, obligatoire, regionnal, europeen, interaction, vivreEnsemble, creatif, intellectuel, physique, theatre, stimulante, fierte, funitude, confrontation, mobilisation, proximite, institution,kehl, groupe, name) VALUES (117,'Photo_Langage',0,12,7.759483158588409,48.591905400022036,10,'O1',0,0,'E2',0,1,0,1,0,0,0,0,0,0,1,0,1,0,'1_contades','parc_contades_T_11');
INSERT INTO checkpoint(id, titreActivite,nombreEquipe, absorption, positionX, positionY, duree, originalite, obligatoire, regionnal, europeen, interaction, vivreEnsemble, creatif, intellectuel, physique, theatre, stimulante, fierte, funitude, confrontation, mobilisation, proximite, institution,kehl, groupe, name) VALUES (118,'Photo_Langage',0,12,7.760041058063507,48.591406886457555,10,'O1',0,0,'E2',0,1,0,1,0,0,0,0,0,0,1,0,0,0,'1_contades','parc_contades_T_12');
INSERT INTO checkpoint(id, titreActivite,nombreEquipe, absorption, positionX, positionY, duree, originalite, obligatoire, regionnal, europeen, interaction, vivreEnsemble, creatif, intellectuel, physique, theatre, stimulante, fierte, funitude, confrontation, mobilisation, proximite, institution,kehl, groupe, name) VALUES (119,'Photo_Langage',0,12,7.757656574249268,48.589992926208538,10,'O1',0,0,'E2',0,1,0,1,0,0,0,0,0,0,1,0,0,0,'1_contades','parc_contades_T_13');
INSERT INTO checkpoint(id, titreActivite,nombreEquipe, absorption, positionX, positionY, duree, originalite, obligatoire, regionnal, europeen, interaction, vivreEnsemble, creatif, intellectuel, physique, theatre, stimulante, fierte, funitude, confrontation, mobilisation, proximite, institution,kehl, groupe, name) VALUES (120,'Photo_Langage',0,12,7.758034765720367,48.589576004403781,10,'O1',0,0,'E2',0,1,0,1,0,0,0,0,0,0,1,0,0,0,'1_contades','parc_contades_T_14');
INSERT INTO checkpoint(id, titreActivite,nombreEquipe, absorption, positionX, positionY, duree, originalite, obligatoire, regionnal, europeen, interaction, vivreEnsemble, creatif, intellectuel, physique, theatre, stimulante, fierte, funitude, confrontation, mobilisation, proximite, institution,kehl, groupe, name) VALUES (121,'Photo_Langage',0,12,7.757838964462279,48.591135451736967,10,'O1',0,0,'E2',0,1,0,1,0,0,0,0,0,0,1,0,0,0,'1_contades','parc_contades_T_15');
INSERT INTO checkpoint(id, titreActivite,nombreEquipe, absorption, positionX, positionY, duree, originalite, obligatoire, regionnal, europeen, interaction, vivreEnsemble, creatif, intellectuel, physique, theatre, stimulante, fierte, funitude, confrontation, mobilisation, proximite, institution,kehl, groupe, name) VALUES (122,'VoteSurLaResolutionCitoyenne',0,1500,7.768004536628724,48.598690727203333,20,'O1',0,0,'E',0,0,0,0,0,0,0,0,0,0,0,0,0,0,'122','parlement_1');
INSERT INTO checkpoint(id, titreActivite,nombreEquipe, absorption, positionX, positionY, duree, originalite, obligatoire, regionnal, europeen, interaction, vivreEnsemble, creatif, intellectuel, physique, theatre, stimulante, fierte, funitude, confrontation, mobilisation, proximite, institution,kehl, groupe, name) VALUES (123,'Twister',0,16,7.768473923206329,48.599256573450511,15,'O1',0,0,'E1',0,0,0,0,0,0,1,0,1,0,1,0,0,0,'123','parlement_2');
INSERT INTO checkpoint(id, titreActivite,nombreEquipe, absorption, positionX, positionY, duree, originalite, obligatoire, regionnal, europeen, interaction, vivreEnsemble, creatif, intellectuel, physique, theatre, stimulante, fierte, funitude, confrontation, mobilisation, proximite, institution,kehl, groupe, name) VALUES (124,'LEuropeATrous',0,4,7.742947340011597,48.579694838009665,15,'O0',0,0,'E2',0,0,0,1,0,0,0,0,0,0,1,0,0,0,'124','passerelle_des_moulins_1');
INSERT INTO checkpoint(id, titreActivite,nombreEquipe, absorption, positionX, positionY, duree, originalite, obligatoire, regionnal, europeen, interaction, vivreEnsemble, creatif, intellectuel, physique, theatre, stimulante, fierte, funitude, confrontation, mobilisation, proximite, institution,kehl, groupe, name) VALUES (125,'Lesstatueseuropeennes',0,15,7.774307727813721,48.592221181870642,12,'O1',0,0,'E2',0,0,1,0,0,1,0,0,1,1,1,0,0,0,'45_OrangerieEst','pavillon_josephine_3');
INSERT INTO checkpoint(id, titreActivite,nombreEquipe, absorption, positionX, positionY, duree, originalite, obligatoire, regionnal, europeen, interaction, vivreEnsemble, creatif, intellectuel, physique, theatre, stimulante, fierte, funitude, confrontation, mobilisation, proximite, institution,kehl, groupe, name) VALUES (126,'Lesstatueseuropeennes',0,15,7.775262594223023,48.592859835757118,12,'O1',0,0,'E2',0,0,1,0,0,1,0,0,1,1,1,0,0,0,'45_OrangerieEst','pavillon_josephine_4');
INSERT INTO checkpoint(id, titreActivite,nombreEquipe, absorption, positionX, positionY, duree, originalite, obligatoire, regionnal, europeen, interaction, vivreEnsemble, creatif, intellectuel, physique, theatre, stimulante, fierte, funitude, confrontation, mobilisation, proximite, institution,kehl, groupe, name) VALUES (127,'Creationdunehistoire',0,12,7.77483344078064,48.592859835757118,10,'O1',0,0,'E2',0,0,1,1,0,0,0,0,0,0,0,0,0,0,'3_OrangerieEst','pavillon_josephine_T_1');
INSERT INTO checkpoint(id, titreActivite,nombreEquipe, absorption, positionX, positionY, duree, originalite, obligatoire, regionnal, europeen, interaction, vivreEnsemble, creatif, intellectuel, physique, theatre, stimulante, fierte, funitude, confrontation, mobilisation, proximite, institution,kehl, groupe, name) VALUES (128,'Creationdunehistoire',0,12,7.774329185485839,48.592512125197793,10,'O1',0,0,'E2',0,0,1,1,0,0,0,0,0,0,0,0,0,0,'3_OrangerieEst','pavillon_josephine_T_2');
INSERT INTO checkpoint(id, titreActivite,nombreEquipe, absorption, positionX, positionY, duree, originalite, obligatoire, regionnal, europeen, interaction, vivreEnsemble, creatif, intellectuel, physique, theatre, stimulante, fierte, funitude, confrontation, mobilisation, proximite, institution,kehl, groupe, name) VALUES (129,'Twister',0,16,7.761712074279784,48.598429974604954,15,'O1',0,0,'E1',0,0,0,0,0,0,1,0,1,0,1,0,0,0,'42_Zeller','place_adrien_zeller_1');
INSERT INTO checkpoint(id, titreActivite,nombreEquipe, absorption, positionX, positionY, duree, originalite, obligatoire, regionnal, europeen, interaction, vivreEnsemble, creatif, intellectuel, physique, theatre, stimulante, fierte, funitude, confrontation, mobilisation, proximite, institution,kehl, groupe, name) VALUES (130,'Twister',0,16,7.761518955230713,48.598862787704626,15,'O1',0,0,'E1',0,0,0,0,0,0,1,0,1,0,1,0,0,0,'42_Zeller','place_adrien_zeller_2');
INSERT INTO checkpoint(id, titreActivite,nombreEquipe, absorption, positionX, positionY, duree, originalite, obligatoire, regionnal, europeen, interaction, vivreEnsemble, creatif, intellectuel, physique, theatre, stimulante, fierte, funitude, confrontation, mobilisation, proximite, institution,kehl, groupe, name) VALUES (131,'Twister',0,16,7.761164903640747,48.598408688619138,15,'O1',0,0,'E1',0,0,0,0,0,0,1,0,1,0,1,0,0,0,'42_Zeller','place_adrien_zeller_3');
INSERT INTO checkpoint(id, titreActivite,nombreEquipe, absorption, positionX, positionY, duree, originalite, obligatoire, regionnal, europeen, interaction, vivreEnsemble, creatif, intellectuel, physique, theatre, stimulante, fierte, funitude, confrontation, mobilisation, proximite, institution,kehl, groupe, name) VALUES (132,'Resolutiondeconflits',0,8,7.769994735717773,48.584847693020514,45,'O3',0,0,'E3',0,1,0,1,0,1,0,0,1,1,0,0,0,0,'14_arnold','place_arnold_1');
INSERT INTO checkpoint(id, titreActivite,nombreEquipe, absorption, positionX, positionY, duree, originalite, obligatoire, regionnal, europeen, interaction, vivreEnsemble, creatif, intellectuel, physique, theatre, stimulante, fierte, funitude, confrontation, mobilisation, proximite, institution,kehl, groupe, name) VALUES (133,'Resolutiondeconflits',0,8,7.769705057144165,48.584613483734508,45,'O3',0,0,'E3',0,1,0,1,0,1,0,0,1,1,0,0,0,0,'14_arnold','place_arnold_2');
INSERT INTO checkpoint(id, titreActivite,nombreEquipe, absorption, positionX, positionY, duree, originalite, obligatoire, regionnal, europeen, interaction, vivreEnsemble, creatif, intellectuel, physique, theatre, stimulante, fierte, funitude, confrontation, mobilisation, proximite, institution,kehl, groupe, name) VALUES (134,'Resolutiondeconflits',0,8,7.770305871963502,48.58440766255687,45,'O3',0,0,'E3',0,1,0,1,0,1,0,0,1,1,0,0,0,0,'14_arnold','place_arnold_3');
INSERT INTO checkpoint(id, titreActivite,nombreEquipe, absorption, positionX, positionY, duree, originalite, obligatoire, regionnal, europeen, interaction, vivreEnsemble, creatif, intellectuel, physique, theatre, stimulante, fierte, funitude, confrontation, mobilisation, proximite, institution,kehl, groupe, name) VALUES (135,'Lancerdebudget',0,6,7.770295143127441,48.585152873188896,10,'O1',0,0,'E1',0,1,0,0,0,0,0,0,0,0,1,0,0,0,'135','place_arnold_4');
INSERT INTO checkpoint(id, titreActivite,nombreEquipe, absorption, positionX, positionY, duree, originalite, obligatoire, regionnal, europeen, interaction, vivreEnsemble, creatif, intellectuel, physique, theatre, stimulante, fierte, funitude, confrontation, mobilisation, proximite, institution,kehl, groupe, name) VALUES (136,'Semaphore',0,3,7.742239236831665,48.581277657911798,20,'O2',0,0,'E0',0,1,0,0,0,0,1,1,1,0,1,0,0,0,'136','place_benjamin_zix_1');
INSERT INTO checkpoint(id, titreActivite,nombreEquipe, absorption, positionX, positionY, duree, originalite, obligatoire, regionnal, europeen, interaction, vivreEnsemble, creatif, intellectuel, physique, theatre, stimulante, fierte, funitude, confrontation, mobilisation, proximite, institution,kehl, groupe, name) VALUES (137,'TheatredelOpprime',0,20,7.751541137695313,48.585493537246698,30,'O3',0,0,'E2',0,1,0,0,0,1,0,0,1,0,0,0,0,0,'137','place_broglie_T_1');
INSERT INTO checkpoint(id, titreActivite,nombreEquipe, absorption, positionX, positionY, duree, originalite, obligatoire, regionnal, europeen, interaction, vivreEnsemble, creatif, intellectuel, physique, theatre, stimulante, fierte, funitude, confrontation, mobilisation, proximite, institution,kehl, groupe, name) VALUES (138,'Drapeaueuropeen',0,2500,7.74985671043396,48.584762526132984,12,'O',1,0,'E',0,0,1,0,0,0,1,0,1,0,1,0,0,0,'138','place_broglie_T_2');
INSERT INTO checkpoint(id, titreActivite,nombreEquipe, absorption, positionX, positionY, duree, originalite, obligatoire, regionnal, europeen, interaction, vivreEnsemble, creatif, intellectuel, physique, theatre, stimulante, fierte, funitude, confrontation, mobilisation, proximite, institution,kehl, groupe, name) VALUES (139,'Photo_Langage',0,12,7.748413681983948,48.588406830866234,10,'O1',0,0,'E2',0,1,0,1,0,0,0,0,0,0,1,0,0,0,'1_foucauld','place_charles_de_foucauld_T_1');
INSERT INTO checkpoint(id, titreActivite,nombreEquipe, absorption, positionX, positionY, duree, originalite, obligatoire, regionnal, europeen, interaction, vivreEnsemble, creatif, intellectuel, physique, theatre, stimulante, fierte, funitude, confrontation, mobilisation, proximite, institution,kehl, groupe, name) VALUES (140,'Photo_Langage',0,12,7.748944759368897,48.588644570923776,10,'O1',0,0,'E2',0,1,0,1,0,0,0,0,0,0,1,0,0,0,'1_foucauld','place_charles_de_foucauld_T_2');
INSERT INTO checkpoint(id, titreActivite,nombreEquipe, absorption, positionX, positionY, duree, originalite, obligatoire, regionnal, europeen, interaction, vivreEnsemble, creatif, intellectuel, physique, theatre, stimulante, fierte, funitude, confrontation, mobilisation, proximite, institution,kehl, groupe, name) VALUES (141,'Photo_Langage',0,12,7.74913787841797,48.58833231509557,10,'O1',0,0,'E2',0,1,0,1,0,0,0,0,0,0,1,0,0,0,'1_foucauld','place_charles_de_foucauld_T_3');
INSERT INTO checkpoint(id, titreActivite,nombreEquipe, absorption, positionX, positionY, duree, originalite, obligatoire, regionnal, europeen, interaction, vivreEnsemble, creatif, intellectuel, physique, theatre, stimulante, fierte, funitude, confrontation, mobilisation, proximite, institution,kehl, groupe, name) VALUES (142,'Photo_Langage',0,12,7.748714089393615,48.588012960548255,10,'O1',0,0,'E2',0,1,0,1,0,0,0,0,0,0,1,0,0,0,'1_foucauld','place_charles_de_foucauld_T_4');
INSERT INTO checkpoint(id, titreActivite,nombreEquipe, absorption, positionX, positionY, duree, originalite, obligatoire, regionnal, europeen, interaction, vivreEnsemble, creatif, intellectuel, physique, theatre, stimulante, fierte, funitude, confrontation, mobilisation, proximite, institution,kehl, groupe, name) VALUES (143,'JeparsenvoyageenEurope',0,18,7.753536701202394,48.578072928536187,10,'O1',0,0,'E2',0,0,0,1,0,0,0,0,0,0,1,0,0,0,'6_austerlitz','place_dausterliz_4');
INSERT INTO checkpoint(id, titreActivite,nombreEquipe, absorption, positionX, positionY, duree, originalite, obligatoire, regionnal, europeen, interaction, vivreEnsemble, creatif, intellectuel, physique, theatre, stimulante, fierte, funitude, confrontation, mobilisation, proximite, institution,kehl, groupe, name) VALUES (144,'JeparsenvoyageenEurope',0,18,7.75360107421875,48.577870629831409,10,'O1',0,0,'E2',0,0,0,1,0,0,0,0,0,0,1,0,0,0,'6_austerlitz','place_dausterliz_5');
INSERT INTO checkpoint(id, titreActivite,nombreEquipe, absorption, positionX, positionY, duree, originalite, obligatoire, regionnal, europeen, interaction, vivreEnsemble, creatif, intellectuel, physique, theatre, stimulante, fierte, funitude, confrontation, mobilisation, proximite, institution,kehl, groupe, name) VALUES (145,'DessinInfini',0,6,7.753987312316895,48.57822553930405,10,'O2',0,0,'E2',0,0,1,0,0,0,0,0,0,0,1,0,0,0,'4_austerlitz','place_dausterliz_T_1');
INSERT INTO checkpoint(id, titreActivite,nombreEquipe, absorption, positionX, positionY, duree, originalite, obligatoire, regionnal, europeen, interaction, vivreEnsemble, creatif, intellectuel, physique, theatre, stimulante, fierte, funitude, confrontation, mobilisation, proximite, institution,kehl, groupe, name) VALUES (146,'DessinInfini',0,6,7.753166556358338,48.57782804052723,10,'O2',0,0,'E2',0,0,1,0,0,0,0,0,0,0,1,0,0,0,'4_austerlitz','place_dausterliz_T_2');
INSERT INTO checkpoint(id, titreActivite,nombreEquipe, absorption, positionX, positionY, duree, originalite, obligatoire, regionnal, europeen, interaction, vivreEnsemble, creatif, intellectuel, physique, theatre, stimulante, fierte, funitude, confrontation, mobilisation, proximite, institution,kehl, groupe, name) VALUES (147,'DessinInfini',0,6,7.752930521965027,48.577955808332078,10,'O2',0,0,'E2',0,0,1,0,0,0,0,0,0,0,1,0,0,0,'4_austerlitz','place_dausterliz_T_3');
INSERT INTO checkpoint(id, titreActivite,nombreEquipe, absorption, positionX, positionY, duree, originalite, obligatoire, regionnal, europeen, interaction, vivreEnsemble, creatif, intellectuel, physique, theatre, stimulante, fierte, funitude, confrontation, mobilisation, proximite, institution,kehl, groupe, name) VALUES (148,'Porteurdeparole',0,8,7.750736474990844,48.58210808619814,15,'O1',0,0,'E2',1,1,0,0,0,0,0,0,0,0,1,0,0,0,'148','place_de_la_cathedrale_1');
INSERT INTO checkpoint(id, titreActivite,nombreEquipe, absorption, positionX, positionY, duree, originalite, obligatoire, regionnal, europeen, interaction, vivreEnsemble, creatif, intellectuel, physique, theatre, stimulante, fierte, funitude, confrontation, mobilisation, proximite, institution,kehl, groupe, name) VALUES (149,'Twister',0,16,7.746224999427795,48.581022138771168,15,'O1',0,0,'E1',0,0,0,0,0,0,1,0,1,0,1,0,0,0,'149','place_de_la_chaine_dor_1');
INSERT INTO checkpoint(id, titreActivite,nombreEquipe, absorption, positionX, positionY, duree, originalite, obligatoire, regionnal, europeen, interaction, vivreEnsemble, creatif, intellectuel, physique, theatre, stimulante, fierte, funitude, confrontation, mobilisation, proximite, institution,kehl, groupe, name) VALUES (150,'JeparsenvoyageenEurope',0,18,7.735485434532165,48.584450246317566,10,'O1',0,0,'E2',0,0,0,1,0,0,0,0,0,0,1,0,0,0,'150','place_de_la_gare_1');
INSERT INTO checkpoint(id, titreActivite,nombreEquipe, absorption, positionX, positionY, duree, originalite, obligatoire, regionnal, europeen, interaction, vivreEnsemble, creatif, intellectuel, physique, theatre, stimulante, fierte, funitude, confrontation, mobilisation, proximite, institution,kehl, groupe, name) VALUES (151,'JeparsenvoyageenEurope',0,18,7.735962867736816,48.584684456360009,10,'O1',0,0,'E2',0,0,0,1,0,0,0,0,0,0,1,0,0,0,'151','place_de_la_gare_2');
INSERT INTO checkpoint(id, titreActivite,nombreEquipe, absorption, positionX, positionY, duree, originalite, obligatoire, regionnal, europeen, interaction, vivreEnsemble, creatif, intellectuel, physique, theatre, stimulante, fierte, funitude, confrontation, mobilisation, proximite, institution,kehl, groupe, name) VALUES (152,'Euroku',0,4,7.735919952392578,48.584961248647268,15,'O1',0,0,'E1',0,0,0,1,0,0,0,0,0,0,1,0,0,0,'152','place_de_la_gare_3');
INSERT INTO checkpoint(id, titreActivite,nombreEquipe, absorption, positionX, positionY, duree, originalite, obligatoire, regionnal, europeen, interaction, vivreEnsemble, creatif, intellectuel, physique, theatre, stimulante, fierte, funitude, confrontation, mobilisation, proximite, institution,kehl, groupe, name) VALUES (154,'Reconstitutionshistoriques',0,6,7.753890752792358,48.587147144733862,10,'O2',0,0,'E2',0,0,1,0,0,0,0,0,0,0,1,0,0,0,'43_republique','place_de_la_republique_1');
INSERT INTO checkpoint(id, titreActivite,nombreEquipe, absorption, positionX, positionY, duree, originalite, obligatoire, regionnal, europeen, interaction, vivreEnsemble, creatif, intellectuel, physique, theatre, stimulante, fierte, funitude, confrontation, mobilisation, proximite, institution,kehl, groupe, name) VALUES (155,'Beret',0,12,7.754116058349609,48.587498440643621,10,'O0',0,0,'E1',0,0,0,0,1,0,1,0,1,1,1,0,0,0,'32_republique','place_de_la_republique_6');
INSERT INTO checkpoint(id, titreActivite,nombreEquipe, absorption, positionX, positionY, duree, originalite, obligatoire, regionnal, europeen, interaction, vivreEnsemble, creatif, intellectuel, physique, theatre, stimulante, fierte, funitude, confrontation, mobilisation, proximite, institution,kehl, groupe, name) VALUES (156,'Reconstitutionshistoriques',0,6,7.752973437309265,48.587512634366405,10,'O2',0,0,'E2',0,0,1,0,0,0,0,0,0,0,1,0,0,0,'43_republique','place_de_la_republique_7');
INSERT INTO checkpoint(id, titreActivite,nombreEquipe, absorption, positionX, positionY, duree, originalite, obligatoire, regionnal, europeen, interaction, vivreEnsemble, creatif, intellectuel, physique, theatre, stimulante, fierte, funitude, confrontation, mobilisation, proximite, institution,kehl, groupe, name) VALUES (157,'Beret',0,12,7.752839326858521,48.586909397631572,10,'O0',0,0,'E1',0,0,0,0,1,0,1,0,1,1,1,0,0,0,'32_republique','place_de_la_republique_8');
INSERT INTO checkpoint(id, titreActivite,nombreEquipe, absorption, positionX, positionY, duree, originalite, obligatoire, regionnal, europeen, interaction, vivreEnsemble, creatif, intellectuel, physique, theatre, stimulante, fierte, funitude, confrontation, mobilisation, proximite, institution,kehl, groupe, name) VALUES (158,'Euroku',0,4,7.754309177398681,48.586444545588243,15,'O1',0,0,'E1',0,0,0,1,0,0,0,0,0,0,1,0,0,0,'158','place_de_la_republique_9');
INSERT INTO checkpoint(id, titreActivite,nombreEquipe, absorption, positionX, positionY, duree, originalite, obligatoire, regionnal, europeen, interaction, vivreEnsemble, creatif, intellectuel, physique, theatre, stimulante, fierte, funitude, confrontation, mobilisation, proximite, institution,kehl, groupe, name) VALUES (159,'Photo_Langage',0,12,7.753536701202394,48.58711875707894,10,'O1',0,0,'E2',0,1,0,1,0,0,0,0,0,0,1,0,0,0,'1_republique','place_de_la_republique_T_2');
INSERT INTO checkpoint(id, titreActivite,nombreEquipe, absorption, positionX, positionY, duree, originalite, obligatoire, regionnal, europeen, interaction, vivreEnsemble, creatif, intellectuel, physique, theatre, stimulante, fierte, funitude, confrontation, mobilisation, proximite, institution,kehl, groupe, name) VALUES (160,'Photo_Langage',0,12,7.75409460067749,48.586934236933381,10,'O1',0,0,'E2',0,1,0,1,0,0,0,0,0,0,1,0,0,0,'1_republique','place_de_la_republique_T_3');
INSERT INTO checkpoint(id, titreActivite,nombreEquipe, absorption, positionX, positionY, duree, originalite, obligatoire, regionnal, europeen, interaction, vivreEnsemble, creatif, intellectuel, physique, theatre, stimulante, fierte, funitude, confrontation, mobilisation, proximite, institution,kehl, groupe, name) VALUES (161,'Photo_Langage',0,12,7.754405736923218,48.587338760987365,10,'O1',0,0,'E2',0,1,0,1,0,0,0,0,0,0,1,0,0,0,'1_republique','place_de_la_republique_T_4');
INSERT INTO checkpoint(id, titreActivite,nombreEquipe, absorption, positionX, positionY, duree, originalite, obligatoire, regionnal, europeen, interaction, vivreEnsemble, creatif, intellectuel, physique, theatre, stimulante, fierte, funitude, confrontation, mobilisation, proximite, institution,kehl, groupe, name) VALUES (162,'Photo_Langage',0,12,7.753762006759644,48.587544570228154,10,'O1',0,0,'E2',0,1,0,1,0,0,0,0,0,0,1,0,0,0,'1_republique','place_de_la_republique_T_5');
INSERT INTO checkpoint(id, titreActivite,nombreEquipe, absorption, positionX, positionY, duree, originalite, obligatoire, regionnal, europeen, interaction, vivreEnsemble, creatif, intellectuel, physique, theatre, stimulante, fierte, funitude, confrontation, mobilisation, proximite, institution,kehl, groupe, name) VALUES (163,'TaboosurlespaysdEurope',0,12,7.74963140487671,48.577324064370238,10,'O1',0,0,'E3',0,0,0,1,0,0,1,0,0,1,0,0,0,0,'7_PlaceHopital','place_de_lhopital');
INSERT INTO checkpoint(id, titreActivite,nombreEquipe, absorption, positionX, positionY, duree, originalite, obligatoire, regionnal, europeen, interaction, vivreEnsemble, creatif, intellectuel, physique, theatre, stimulante, fierte, funitude, confrontation, mobilisation, proximite, institution,kehl, groupe, name) VALUES (164,'Europedesrealisationsquotidiennes',0,6,7.756637334823608,48.57983679697481,10,'O1',0,0,'E1',0,1,1,0,0,1,0,0,1,0,1,0,0,0,'164','place_de_zurich_3');
INSERT INTO checkpoint(id, titreActivite,nombreEquipe, absorption, positionX, positionY, duree, originalite, obligatoire, regionnal, europeen, interaction, vivreEnsemble, creatif, intellectuel, physique, theatre, stimulante, fierte, funitude, confrontation, mobilisation, proximite, institution,kehl, groupe, name) VALUES (165,'Dixit',0,3,7.757098674774169,48.579609662439225,20,'O3',0,0,'E2',0,0,0,1,0,0,0,0,0,0,1,0,0,0,'165','place_de_zurich_4');
INSERT INTO checkpoint(id, titreActivite,nombreEquipe, absorption, positionX, positionY, duree, originalite, obligatoire, regionnal, europeen, interaction, vivreEnsemble, creatif, intellectuel, physique, theatre, stimulante, fierte, funitude, confrontation, mobilisation, proximite, institution,kehl, groupe, name) VALUES (166,'DessinInfini',0,6,7.756771445274352,48.579634505328748,10,'O2',0,0,'E2',0,0,1,0,0,0,0,0,0,0,1,0,0,0,'4_zurich','place_de_zurich_T_1');
INSERT INTO checkpoint(id, titreActivite,nombreEquipe, absorption, positionX, positionY, duree, originalite, obligatoire, regionnal, europeen, interaction, vivreEnsemble, creatif, intellectuel, physique, theatre, stimulante, fierte, funitude, confrontation, mobilisation, proximite, institution,kehl, groupe, name) VALUES (167,'DessinInfini',0,6,7.757374942302704,48.579694838009665,10,'O2',0,0,'E2',0,0,1,0,0,0,0,0,0,0,1,0,0,0,'4_zurich','place_de_zurich_T_2');
INSERT INTO checkpoint(id, titreActivite,nombreEquipe, absorption, positionX, positionY, duree, originalite, obligatoire, regionnal, europeen, interaction, vivreEnsemble, creatif, intellectuel, physique, theatre, stimulante, fierte, funitude, confrontation, mobilisation, proximite, institution,kehl, groupe, name) VALUES (168,'DessinInfini',0,6,7.757938206195831,48.579599015482813,10,'O2',0,0,'E2',0,0,1,0,0,0,0,0,0,0,1,0,0,0,'4_zurich','place_de_zurich_T_3');
INSERT INTO checkpoint(id, titreActivite,nombreEquipe, absorption, positionX, positionY, duree, originalite, obligatoire, regionnal, europeen, interaction, vivreEnsemble, creatif, intellectuel, physique, theatre, stimulante, fierte, funitude, confrontation, mobilisation, proximite, institution,kehl, groupe, name) VALUES (169,'Euroku',0,4,7.755789756774902,48.580929867652969,15,'O1',0,0,'E1',0,0,0,1,0,0,0,0,0,0,1,0,0,0,'169','place_des_bateliers_1');
INSERT INTO checkpoint(id, titreActivite,nombreEquipe, absorption, positionX, positionY, duree, originalite, obligatoire, regionnal, europeen, interaction, vivreEnsemble, creatif, intellectuel, physique, theatre, stimulante, fierte, funitude, confrontation, mobilisation, proximite, institution,kehl, groupe, name) VALUES (170,'Europedesrealisationsquotidiennes',0,6,7.747893333435058,48.583964079582856,10,'O1',0,0,'E1',0,1,1,0,0,1,0,0,1,0,1,0,0,0,'170','place_des_etudiants_1');
INSERT INTO checkpoint(id, titreActivite,nombreEquipe, absorption, positionX, positionY, duree, originalite, obligatoire, regionnal, europeen, interaction, vivreEnsemble, creatif, intellectuel, physique, theatre, stimulante, fierte, funitude, confrontation, mobilisation, proximite, institution,kehl, groupe, name) VALUES (171,'Twister',0,16,7.767886519432068,48.595958966505634,15,'O1',0,0,'E1',0,0,0,0,0,0,1,0,1,0,1,0,0,0,'171','place_des_glycines_1');
INSERT INTO checkpoint(id, titreActivite,nombreEquipe, absorption, positionX, positionY, duree, originalite, obligatoire, regionnal, europeen, interaction, vivreEnsemble, creatif, intellectuel, physique, theatre, stimulante, fierte, funitude, confrontation, mobilisation, proximite, institution,kehl, groupe, name) VALUES (172,'ListenUp',0,12,7.742062211036681,48.581845473599756,10,'O2',0,0,'E0',0,0,1,0,0,0,0,0,1,0,1,0,0,0,'12_GrandRue','place_des_meuniers_T_1');
INSERT INTO checkpoint(id, titreActivite,nombreEquipe, absorption, positionX, positionY, duree, originalite, obligatoire, regionnal, europeen, interaction, vivreEnsemble, creatif, intellectuel, physique, theatre, stimulante, fierte, funitude, confrontation, mobilisation, proximite, institution,kehl, groupe, name) VALUES (173,'ListenUp',0,12,7.742013931274413,48.581754978401769,10,'O2',0,0,'E0',0,0,1,0,0,0,0,0,1,0,1,0,0,0,'12_GrandRue','place_des_meuniers_T_2');
INSERT INTO checkpoint(id, titreActivite,nombreEquipe, absorption, positionX, positionY, duree, originalite, obligatoire, regionnal, europeen, interaction, vivreEnsemble, creatif, intellectuel, physique, theatre, stimulante, fierte, funitude, confrontation, mobilisation, proximite, institution,kehl, groupe, name) VALUES (174,'ListenUp',0,12,7.741745710372925,48.581836601528678,10,'O2',0,0,'E0',0,0,1,0,0,0,0,0,1,0,1,0,0,0,'12_GrandRue','place_des_meuniers_T_3');
INSERT INTO checkpoint(id, titreActivite,nombreEquipe, absorption, positionX, positionY, duree, originalite, obligatoire, regionnal, europeen, interaction, vivreEnsemble, creatif, intellectuel, physique, theatre, stimulante, fierte, funitude, confrontation, mobilisation, proximite, institution,kehl, groupe, name) VALUES (175,'JeparsenvoyageenEurope',0,18,7.754051685333252,48.578725957426961,10,'O1',0,0,'E2',0,0,0,1,0,0,0,0,0,0,1,0,0,0,'175','place_des_orphelins');
INSERT INTO checkpoint(id, titreActivite,nombreEquipe, absorption, positionX, positionY, duree, originalite, obligatoire, regionnal, europeen, interaction, vivreEnsemble, creatif, intellectuel, physique, theatre, stimulante, fierte, funitude, confrontation, mobilisation, proximite, institution,kehl, groupe, name) VALUES (176,'Creationdunehistoire',0,12,7.749449014663696,48.580379786337595,10,'O1',0,0,'E2',0,0,1,1,0,0,0,0,0,0,0,0,0,0,'3_VieilHopital_Tripiers','place_des_tripiers_T_1');
INSERT INTO checkpoint(id, titreActivite,nombreEquipe, absorption, positionX, positionY, duree, originalite, obligatoire, regionnal, europeen, interaction, vivreEnsemble, creatif, intellectuel, physique, theatre, stimulante, fierte, funitude, confrontation, mobilisation, proximite, institution,kehl, groupe, name) VALUES (177,'Creationdunehistoire',0,12,7.74936318397522,48.580351394881454,10,'O1',0,0,'E2',0,0,1,1,0,0,0,0,0,0,0,0,0,0,'3_VieilHopital_Tripiers','place_des_tripiers_T_2');
INSERT INTO checkpoint(id, titreActivite,nombreEquipe, absorption, positionX, positionY, duree, originalite, obligatoire, regionnal, europeen, interaction, vivreEnsemble, creatif, intellectuel, physique, theatre, stimulante, fierte, funitude, confrontation, mobilisation, proximite, institution,kehl, groupe, name) VALUES (178,'Dixit',0,3,7.751755714416503,48.581547371158919,20,'O3',0,0,'E2',0,0,0,1,0,0,0,0,0,0,1,0,0,0,'178','place_du_chateau_2');
INSERT INTO checkpoint(id, titreActivite,nombreEquipe, absorption, positionX, positionY, duree, originalite, obligatoire, regionnal, europeen, interaction, vivreEnsemble, creatif, intellectuel, physique, theatre, stimulante, fierte, funitude, confrontation, mobilisation, proximite, institution,kehl, groupe, name) VALUES (179,'JoyeuxAnniversairelaCathedrale!',0,852,7.751090526580811,48.581419612431773,10,'O',1,0,'E',0,0,0,0,0,0,0,0,0,0,0,0,0,0,'179','place_du_chateau_T_1');
INSERT INTO checkpoint(id, titreActivite,nombreEquipe, absorption, positionX, positionY, duree, originalite, obligatoire, regionnal, europeen, interaction, vivreEnsemble, creatif, intellectuel, physique, theatre, stimulante, fierte, funitude, confrontation, mobilisation, proximite, institution,kehl, groupe, name) VALUES (180,'ConvaincreSurLEurope',0,6,7.751289010047913,48.579279605748148,10,'O2',0,0,'E3',1,1,0,1,0,0,0,1,0,0,0,0,0,0,'180','place_du_corbeau_1');
INSERT INTO checkpoint(id, titreActivite,nombreEquipe, absorption, positionX, positionY, duree, originalite, obligatoire, regionnal, europeen, interaction, vivreEnsemble, creatif, intellectuel, physique, theatre, stimulante, fierte, funitude, confrontation, mobilisation, proximite, institution,kehl, groupe, name) VALUES (181,'Apprends_moiquelquechose..',0,6,7.751449942588806,48.579400271885113,10,'O1',0,1,'E1',1,1,0,0,0,0,0,0,1,0,1,0,0,0,'181','place_du_corbeau_2');
INSERT INTO checkpoint(id, titreActivite,nombreEquipe, absorption, positionX, positionY, duree, originalite, obligatoire, regionnal, europeen, interaction, vivreEnsemble, creatif, intellectuel, physique, theatre, stimulante, fierte, funitude, confrontation, mobilisation, proximite, institution,kehl, groupe, name) VALUES (182,'Porteurdeparole',0,8,7.751428484916686,48.579169586372203,15,'O1',0,0,'E2',1,1,0,0,0,0,0,0,0,0,1,0,0,0,'182','place_du_corbeau_3');
INSERT INTO checkpoint(id, titreActivite,nombreEquipe, absorption, positionX, positionY, duree, originalite, obligatoire, regionnal, europeen, interaction, vivreEnsemble, creatif, intellectuel, physique, theatre, stimulante, fierte, funitude, confrontation, mobilisation, proximite, institution,kehl, groupe, name) VALUES (183,'Euroku',0,4,7.761484086513519,48.579638054311992,15,'O1',0,0,'E1',0,0,0,1,0,0,0,0,0,0,1,0,0,0,'27_Foin','place_du_foin_T_1');
INSERT INTO checkpoint(id, titreActivite,nombreEquipe, absorption, positionX, positionY, duree, originalite, obligatoire, regionnal, europeen, interaction, vivreEnsemble, creatif, intellectuel, physique, theatre, stimulante, fierte, funitude, confrontation, mobilisation, proximite, institution,kehl, groupe, name) VALUES (184,'Euroku',0,4,7.761666476726531,48.579591917510633,15,'O1',0,0,'E1',0,0,0,1,0,0,0,0,0,0,1,0,0,0,'27_Foin','place_du_foin_T_2');
INSERT INTO checkpoint(id, titreActivite,nombreEquipe, absorption, positionX, positionY, duree, originalite, obligatoire, regionnal, europeen, interaction, vivreEnsemble, creatif, intellectuel, physique, theatre, stimulante, fierte, funitude, confrontation, mobilisation, proximite, institution,kehl, groupe, name) VALUES (185,'CombatdeSumo_Scouts',0,8,7.755121886730194,48.582879946409584,15,'O2',0,0,'E1',0,0,0,0,1,0,1,0,1,1,0,0,0,0,'185','place_du_frere_medard_1');
INSERT INTO checkpoint(id, titreActivite,nombreEquipe, absorption, positionX, positionY, duree, originalite, obligatoire, regionnal, europeen, interaction, vivreEnsemble, creatif, intellectuel, physique, theatre, stimulante, fierte, funitude, confrontation, mobilisation, proximite, institution,kehl, groupe, name) VALUES (186,'Creationdunehistoire',0,12,7.751846909523009,48.580305258731194,10,'O1',0,0,'E2',0,0,1,1,0,0,0,0,0,0,0,0,0,0,'3_QuaisMusees','place_du_marche_aux_poissons_T_1');
INSERT INTO checkpoint(id, titreActivite,nombreEquipe, absorption, positionX, positionY, duree, originalite, obligatoire, regionnal, europeen, interaction, vivreEnsemble, creatif, intellectuel, physique, theatre, stimulante, fierte, funitude, confrontation, mobilisation, proximite, institution,kehl, groupe, name) VALUES (187,'Creationdunehistoire',0,12,7.751964926719665,48.580358492746974,10,'O1',0,0,'E2',0,0,1,1,0,0,0,0,0,0,0,0,0,0,'3_QuaisMusees','place_du_marche_aux_poissons_T_2');
INSERT INTO checkpoint(id, titreActivite,nombreEquipe, absorption, positionX, positionY, duree, originalite, obligatoire, regionnal, europeen, interaction, vivreEnsemble, creatif, intellectuel, physique, theatre, stimulante, fierte, funitude, confrontation, mobilisation, proximite, institution,kehl, groupe, name) VALUES (188,'Creationdunehistoire',0,12,7.752050757408141,48.580411726706721,10,'O1',0,0,'E2',0,0,1,1,0,0,0,0,0,0,0,0,0,0,'3_QuaisMusees','place_du_marche_aux_poissons_T_3');
INSERT INTO checkpoint(id, titreActivite,nombreEquipe, absorption, positionX, positionY, duree, originalite, obligatoire, regionnal, europeen, interaction, vivreEnsemble, creatif, intellectuel, physique, theatre, stimulante, fierte, funitude, confrontation, mobilisation, proximite, institution,kehl, groupe, name) VALUES (189,'Porteurdeparole',0,8,7.753214836120606,48.582629758528725,15,'O1',0,0,'E2',1,1,0,0,0,0,0,0,0,0,1,0,0,0,'189','place_du_marché_gayot_T_1');
INSERT INTO checkpoint(id, titreActivite,nombreEquipe, absorption, positionX, positionY, duree, originalite, obligatoire, regionnal, europeen, interaction, vivreEnsemble, creatif, intellectuel, physique, theatre, stimulante, fierte, funitude, confrontation, mobilisation, proximite, institution,kehl, groupe, name) VALUES (190,'LEuropeATrous',0,4,7.756658792495728,48.581309597713563,15,'O0',0,0,'E2',0,0,0,1,0,0,0,0,0,0,1,0,0,0,'20_PlaceDuPont','place_du_pont_aux_chats_T_1');
INSERT INTO checkpoint(id, titreActivite,nombreEquipe, absorption, positionX, positionY, duree, originalite, obligatoire, regionnal, europeen, interaction, vivreEnsemble, creatif, intellectuel, physique, theatre, stimulante, fierte, funitude, confrontation, mobilisation, proximite, institution,kehl, groupe, name) VALUES (191,'LEuropeATrous',0,4,7.756650745868682,48.581357507378343,15,'O0',0,0,'E2',0,0,0,1,0,0,0,0,0,0,1,0,0,0,'20_PlaceDuPont','place_du_pont_aux_chats_T_2');
INSERT INTO checkpoint(id, titreActivite,nombreEquipe, absorption, positionX, positionY, duree, originalite, obligatoire, regionnal, europeen, interaction, vivreEnsemble, creatif, intellectuel, physique, theatre, stimulante, fierte, funitude, confrontation, mobilisation, proximite, institution,kehl, groupe, name) VALUES (192,'FrontexPervier',0,8,7.739068865776063,48.579151841289139,15,'O3',0,0,'E0',0,1,0,0,1,0,1,0,1,0,1,0,0,0,'192','place_du_quartier_blanc_1');
INSERT INTO checkpoint(id, titreActivite,nombreEquipe, absorption, positionX, positionY, duree, originalite, obligatoire, regionnal, europeen, interaction, vivreEnsemble, creatif, intellectuel, physique, theatre, stimulante, fierte, funitude, confrontation, mobilisation, proximite, institution,kehl, groupe, name) VALUES (193,'ListenUp',0,12,7.747946977615357,48.583037865781947,10,'O2',0,0,'E0',0,0,1,0,0,0,0,0,1,0,1,0,0,0,'193','place_du_temple_neuf_T_1');
INSERT INTO checkpoint(id, titreActivite,nombreEquipe, absorption, positionX, positionY, duree, originalite, obligatoire, regionnal, europeen, interaction, vivreEnsemble, creatif, intellectuel, physique, theatre, stimulante, fierte, funitude, confrontation, mobilisation, proximite, institution,kehl, groupe, name) VALUES (194,'ConvaincreSurLEurope',0,6,7.74178460240364,48.583659779411256,10,'O2',0,0,'E3',1,1,0,1,0,0,0,1,0,0,0,0,0,0,'194','place_du_vieux_marché_aux_vins_1');
INSERT INTO checkpoint(id, titreActivite,nombreEquipe, absorption, positionX, positionY, duree, originalite, obligatoire, regionnal, europeen, interaction, vivreEnsemble, creatif, intellectuel, physique, theatre, stimulante, fierte, funitude, confrontation, mobilisation, proximite, institution,kehl, groupe, name) VALUES (195,'Lancerdebudget',0,6,7.766153812408446,48.587280211653635,10,'O1',0,0,'E1',0,1,0,0,0,0,0,0,0,0,1,0,0,0,'39_golbery','place_golbery_1');
INSERT INTO checkpoint(id, titreActivite,nombreEquipe, absorption, positionX, positionY, duree, originalite, obligatoire, regionnal, europeen, interaction, vivreEnsemble, creatif, intellectuel, physique, theatre, stimulante, fierte, funitude, confrontation, mobilisation, proximite, institution,kehl, groupe, name) VALUES (196,'Lancerdebudget',0,6,7.766749262809753,48.587521505441153,10,'O1',0,0,'E1',0,1,0,0,0,0,0,0,0,0,1,0,0,0,'39_golbery','place_golbery_2');
INSERT INTO checkpoint(id, titreActivite,nombreEquipe, absorption, positionX, positionY, duree, originalite, obligatoire, regionnal, europeen, interaction, vivreEnsemble, creatif, intellectuel, physique, theatre, stimulante, fierte, funitude, confrontation, mobilisation, proximite, institution,kehl, groupe, name) VALUES (197,'Lancerdebudget',0,6,7.766813635826112,48.587289082769175,10,'O1',0,0,'E1',0,1,0,0,0,0,0,0,0,0,1,0,0,0,'39_golbery','place_golbery_3');
INSERT INTO checkpoint(id, titreActivite,nombreEquipe, absorption, positionX, positionY, duree, originalite, obligatoire, regionnal, europeen, interaction, vivreEnsemble, creatif, intellectuel, physique, theatre, stimulante, fierte, funitude, confrontation, mobilisation, proximite, institution,kehl, groupe, name) VALUES (198,'Reconstitutionshistoriques',0,6,7.74886965751648,48.58113570299313,10,'O2',0,0,'E2',0,0,1,0,0,0,0,0,0,0,1,0,0,0,'198','place_gutemberg_4');
INSERT INTO checkpoint(id, titreActivite,nombreEquipe, absorption, positionX, positionY, duree, originalite, obligatoire, regionnal, europeen, interaction, vivreEnsemble, creatif, intellectuel, physique, theatre, stimulante, fierte, funitude, confrontation, mobilisation, proximite, institution,kehl, groupe, name) VALUES (199,'RencontreEsperanto',0,4,7.748429775238036,48.581142800748552,15,'O1',0,0,'E2',0,0,0,1,0,0,0,0,0,0,1,0,0,0,'31_Gutemberg','place_gutemberg_T_1');
INSERT INTO checkpoint(id, titreActivite,nombreEquipe, absorption, positionX, positionY, duree, originalite, obligatoire, regionnal, europeen, interaction, vivreEnsemble, creatif, intellectuel, physique, theatre, stimulante, fierte, funitude, confrontation, mobilisation, proximite, institution,kehl, groupe, name) VALUES (200,'RencontreEsperanto',0,4,7.748569250106812,48.581071823149678,15,'O1',0,0,'E2',0,0,0,1,0,0,0,0,0,0,1,0,0,0,'31_Gutemberg','place_gutemberg_T_2');
INSERT INTO checkpoint(id, titreActivite,nombreEquipe, absorption, positionX, positionY, duree, originalite, obligatoire, regionnal, europeen, interaction, vivreEnsemble, creatif, intellectuel, physique, theatre, stimulante, fierte, funitude, confrontation, mobilisation, proximite, institution,kehl, groupe, name) VALUES (201,'ValisesDesRegions',0,12,7.748719453811645,48.581178289510611,10,'O2',0,1,'ET',0,1,0,1,0,0,1,0,0,0,1,0,0,0,'201','place_gutemberg_T_3');
INSERT INTO checkpoint(id, titreActivite,nombreEquipe, absorption, positionX, positionY, duree, originalite, obligatoire, regionnal, europeen, interaction, vivreEnsemble, creatif, intellectuel, physique, theatre, stimulante, fierte, funitude, confrontation, mobilisation, proximite, institution,kehl, groupe, name) VALUES (202,'FrontexPervier',0,8,7.736574411392212,48.580056832582905,15,'O3',0,0,'E0',0,1,0,0,1,0,1,0,1,0,1,0,0,0,'34_ENA','place_hans_jean_arp_1');
INSERT INTO checkpoint(id, titreActivite,nombreEquipe, absorption, positionX, positionY, duree, originalite, obligatoire, regionnal, europeen, interaction, vivreEnsemble, creatif, intellectuel, physique, theatre, stimulante, fierte, funitude, confrontation, mobilisation, proximite, institution,kehl, groupe, name) VALUES (203,'FrontexPervier',0,8,7.736939191818237,48.580024891989538,15,'O3',0,0,'E0',0,1,0,0,1,0,1,0,1,0,1,0,0,0,'34_ENA','place_hans_jean_arp_2');
INSERT INTO checkpoint(id, titreActivite,nombreEquipe, absorption, positionX, positionY, duree, originalite, obligatoire, regionnal, europeen, interaction, vivreEnsemble, creatif, intellectuel, physique, theatre, stimulante, fierte, funitude, confrontation, mobilisation, proximite, institution,kehl, groupe, name) VALUES (204,'FrontexPervier',0,8,7.736445665359497,48.580972454343843,15,'O3',0,0,'E0',0,1,0,0,1,0,1,0,1,0,1,0,0,0,'34_ENA','place_hans_jean_arp_3');
INSERT INTO checkpoint(id, titreActivite,nombreEquipe, absorption, positionX, positionY, duree, originalite, obligatoire, regionnal, europeen, interaction, vivreEnsemble, creatif, intellectuel, physique, theatre, stimulante, fierte, funitude, confrontation, mobilisation, proximite, institution,kehl, groupe, name) VALUES (205,'Porteurdeparole',0,8,7.745962142944335,48.583555979808281,15,'O1',0,0,'E2',1,1,0,0,0,0,0,0,0,0,1,0,0,0,'205','place_kleber_T_1');
INSERT INTO checkpoint(id, titreActivite,nombreEquipe, absorption, positionX, positionY, duree, originalite, obligatoire, regionnal, europeen, interaction, vivreEnsemble, creatif, intellectuel, physique, theatre, stimulante, fierte, funitude, confrontation, mobilisation, proximite, institution,kehl, groupe, name) VALUES (206,'DessinInfini',0,6,7.75423675775528,48.58234408149081,10,'O2',0,0,'E2',0,0,1,0,0,0,0,0,0,0,1,0,0,0,'4_Merian','place_mathias_merian_T_1');
INSERT INTO checkpoint(id, titreActivite,nombreEquipe, absorption, positionX, positionY, duree, originalite, obligatoire, regionnal, europeen, interaction, vivreEnsemble, creatif, intellectuel, physique, theatre, stimulante, fierte, funitude, confrontation, mobilisation, proximite, institution,kehl, groupe, name) VALUES (207,'DessinInfini',0,6,7.754169702529907,48.582420380485054,10,'O2',0,0,'E2',0,0,1,0,0,0,0,0,0,0,1,0,0,0,'4_Merian','place_mathias_merian_T_2');
INSERT INTO checkpoint(id, titreActivite,nombreEquipe, absorption, positionX, positionY, duree, originalite, obligatoire, regionnal, europeen, interaction, vivreEnsemble, creatif, intellectuel, physique, theatre, stimulante, fierte, funitude, confrontation, mobilisation, proximite, institution,kehl, groupe, name) VALUES (208,'DessinInfini',0,6,7.754703462123871,48.583389190256199,10,'O2',0,0,'E2',0,0,1,0,0,0,0,0,0,0,1,0,0,0,'4_StEtienne','place_saint_etienne_T_1');
INSERT INTO checkpoint(id, titreActivite,nombreEquipe, absorption, positionX, positionY, duree, originalite, obligatoire, regionnal, europeen, interaction, vivreEnsemble, creatif, intellectuel, physique, theatre, stimulante, fierte, funitude, confrontation, mobilisation, proximite, institution,kehl, groupe, name) VALUES (209,'DessinInfini',0,6,7.754808068275451,48.583280954188567,10,'O2',0,0,'E2',0,0,1,0,0,0,0,0,0,0,1,0,0,0,'4_StEtienne','place_saint_etienne_T_2');
INSERT INTO checkpoint(id, titreActivite,nombreEquipe, absorption, positionX, positionY, duree, originalite, obligatoire, regionnal, europeen, interaction, vivreEnsemble, creatif, intellectuel, physique, theatre, stimulante, fierte, funitude, confrontation, mobilisation, proximite, institution,kehl, groupe, name) VALUES (210,'LEuropeAlAveugle',0,6,7.746930420398712,48.58553079723869,10,'O1',0,0,'E1',0,0,0,0,0,0,0,0,0,0,1,0,0,0,'23_PierreLeJeune','place_saint_pierre_le_jeune_3');
INSERT INTO checkpoint(id, titreActivite,nombreEquipe, absorption, positionX, positionY, duree, originalite, obligatoire, regionnal, europeen, interaction, vivreEnsemble, creatif, intellectuel, physique, theatre, stimulante, fierte, funitude, confrontation, mobilisation, proximite, institution,kehl, groupe, name) VALUES (211,'LEuropeAlAveugle',0,6,7.746804356575012,48.58543498577518,10,'O1',0,0,'E1',0,0,0,0,0,0,0,0,0,0,1,0,0,0,'23_PierreLeJeune','place_saint_pierre_le_jeune_4');
INSERT INTO checkpoint(id, titreActivite,nombreEquipe, absorption, positionX, positionY, duree, originalite, obligatoire, regionnal, europeen, interaction, vivreEnsemble, creatif, intellectuel, physique, theatre, stimulante, fierte, funitude, confrontation, mobilisation, proximite, institution,kehl, groupe, name) VALUES (212,'ListenUp',0,12,7.747238874435424,48.585482891529658,10,'O2',0,0,'E0',0,0,1,0,0,0,0,0,1,0,1,0,0,0,'12_PierreLeJeune','place_saint_pierre_le_jeune_T_');
INSERT INTO checkpoint(id, titreActivite,nombreEquipe, absorption, positionX, positionY, duree, originalite, obligatoire, regionnal, europeen, interaction, vivreEnsemble, creatif, intellectuel, physique, theatre, stimulante, fierte, funitude, confrontation, mobilisation, proximite, institution,kehl, groupe, name) VALUES (213,'ListenUp',0,12,7.747212052345276,48.585351594168344,10,'O2',0,0,'E0',0,0,1,0,0,0,0,0,1,0,1,0,0,0,'12_PierreLeJeune','place_saint_pierre_le_jeune_T_1');
INSERT INTO checkpoint(id, titreActivite,nombreEquipe, absorption, positionX, positionY, duree, originalite, obligatoire, regionnal, europeen, interaction, vivreEnsemble, creatif, intellectuel, physique, theatre, stimulante, fierte, funitude, confrontation, mobilisation, proximite, institution,kehl, groupe, name) VALUES (214,'ConvaincreSurLEurope',0,6,7.73934781551361,48.582714929010173,10,'O2',0,0,'E3',1,1,0,1,0,0,0,1,0,0,0,0,0,0,'214','place_saint_pierre_le_vieux_2');
INSERT INTO checkpoint(id, titreActivite,nombreEquipe, absorption, positionX, positionY, duree, originalite, obligatoire, regionnal, europeen, interaction, vivreEnsemble, creatif, intellectuel, physique, theatre, stimulante, fierte, funitude, confrontation, mobilisation, proximite, institution,kehl, groupe, name) VALUES (215,'ListenUp',0,12,7.740147113800049,48.583169169154075,10,'O2',0,0,'E0',0,0,1,0,0,0,0,0,1,0,1,0,0,0,'215','place_saint_pierre_le_vieux_T_1');
INSERT INTO checkpoint(id, titreActivite,nombreEquipe, absorption, positionX, positionY, duree, originalite, obligatoire, regionnal, europeen, interaction, vivreEnsemble, creatif, intellectuel, physique, theatre, stimulante, fierte, funitude, confrontation, mobilisation, proximite, institution,kehl, groupe, name) VALUES (218,'LEuropeAlAveugle',0,6,7.744771242141723,48.579776464463329,10,'O1',0,0,'E1',0,0,0,0,0,0,0,0,0,0,1,0,0,0,'218','place_saint_thomas_T_3');
INSERT INTO checkpoint(id, titreActivite,nombreEquipe, absorption, positionX, positionY, duree, originalite, obligatoire, regionnal, europeen, interaction, vivreEnsemble, creatif, intellectuel, physique, theatre, stimulante, fierte, funitude, confrontation, mobilisation, proximite, institution,kehl, groupe, name) VALUES (219,'FrontexPervier',0,8,7.754534482955933,48.580216535246969,15,'O3',0,0,'E0',0,1,0,0,1,0,1,0,1,0,1,0,0,0,'34_madeleine','place_sainte_madeleine_3');
INSERT INTO checkpoint(id, titreActivite,nombreEquipe, absorption, positionX, positionY, duree, originalite, obligatoire, regionnal, europeen, interaction, vivreEnsemble, creatif, intellectuel, physique, theatre, stimulante, fierte, funitude, confrontation, mobilisation, proximite, institution,kehl, groupe, name) VALUES (220,'FrontexPervier',0,8,7.754137516021728,48.579815503155444,15,'O3',0,0,'E0',0,1,0,0,1,0,1,0,1,0,1,0,0,0,'34_madeleine','place_sainte_madeleine_4');
INSERT INTO checkpoint(id, titreActivite,nombreEquipe, absorption, positionX, positionY, duree, originalite, obligatoire, regionnal, europeen, interaction, vivreEnsemble, creatif, intellectuel, physique, theatre, stimulante, fierte, funitude, confrontation, mobilisation, proximite, institution,kehl, groupe, name) VALUES (221,'FrontexPervier',0,8,7.754523754119874,48.579588368524185,15,'O3',0,0,'E0',0,1,0,0,1,0,1,0,1,0,1,0,0,0,'34_madeleine','place_sainte_madeleine_5');
INSERT INTO checkpoint(id, titreActivite,nombreEquipe, absorption, positionX, positionY, duree, originalite, obligatoire, regionnal, europeen, interaction, vivreEnsemble, creatif, intellectuel, physique, theatre, stimulante, fierte, funitude, confrontation, mobilisation, proximite, institution,kehl, groupe, name) VALUES (222,'Creationdunehistoire',0,12,7.754411101341248,48.580401079919262,10,'O1',0,0,'E2',0,0,1,1,0,0,0,0,0,0,0,0,0,0,'222','place_sainte_madeleine_T_1');
INSERT INTO checkpoint(id, titreActivite,nombreEquipe, absorption, positionX, positionY, duree, originalite, obligatoire, regionnal, europeen, interaction, vivreEnsemble, creatif, intellectuel, physique, theatre, stimulante, fierte, funitude, confrontation, mobilisation, proximite, institution,kehl, groupe, name) VALUES (223,'Creationdunehistoire',0,12,7.754502296447754,48.580418824563765,10,'O1',0,0,'E2',0,0,1,1,0,0,0,0,0,0,0,0,0,0,'223','place_sainte_madeleine_T_2');
INSERT INTO checkpoint(id, titreActivite,nombreEquipe, absorption, positionX, positionY, duree, originalite, obligatoire, regionnal, europeen, interaction, vivreEnsemble, creatif, intellectuel, physique, theatre, stimulante, fierte, funitude, confrontation, mobilisation, proximite, institution,kehl, groupe, name) VALUES (224,'Lancerdebudget',0,6,7.763814926147461,48.586472933621877,10,'O1',0,0,'E1',0,1,0,0,0,0,0,0,0,0,1,0,0,0,'224','place_sebastien_brant_1');
INSERT INTO checkpoint(id, titreActivite,nombreEquipe, absorption, positionX, positionY, duree, originalite, obligatoire, regionnal, europeen, interaction, vivreEnsemble, creatif, intellectuel, physique, theatre, stimulante, fierte, funitude, confrontation, mobilisation, proximite, institution,kehl, groupe, name) VALUES (225,'Lancerdebudget',0,6,7.764705419540404,48.590858693265645,10,'O1',0,0,'E1',0,1,0,0,0,0,0,0,0,0,1,0,0,0,'39_Dordogne','pont_de_la_dordogne_1');
INSERT INTO checkpoint(id, titreActivite,nombreEquipe, absorption, positionX, positionY, duree, originalite, obligatoire, regionnal, europeen, interaction, vivreEnsemble, creatif, intellectuel, physique, theatre, stimulante, fierte, funitude, confrontation, mobilisation, proximite, institution,kehl, groupe, name) VALUES (226,'Lancerdebudget',0,6,7.765005826950074,48.591021909983411,10,'O1',0,0,'E1',0,1,0,0,0,0,0,0,0,0,1,0,0,0,'39_Dordogne','pont_de_la_dordogne_2');
INSERT INTO checkpoint(id, titreActivite,nombreEquipe, absorption, positionX, positionY, duree, originalite, obligatoire, regionnal, europeen, interaction, vivreEnsemble, creatif, intellectuel, physique, theatre, stimulante, fierte, funitude, confrontation, mobilisation, proximite, institution,kehl, groupe, name) VALUES (227,'TokyoTrain',0,8,7.763364315032959,48.593895857114362,15,'O2',0,0,'E1',0,0,0,1,0,0,1,0,1,1,1,0,0,0,'28_pontlauth','pont_lauth_1');
INSERT INTO checkpoint(id, titreActivite,nombreEquipe, absorption, positionX, positionY, duree, originalite, obligatoire, regionnal, europeen, interaction, vivreEnsemble, creatif, intellectuel, physique, theatre, stimulante, fierte, funitude, confrontation, mobilisation, proximite, institution,kehl, groupe, name) VALUES (228,'TokyoTrain',0,8,7.763340175151825,48.593686525744445,15,'O2',0,0,'E1',0,0,0,1,0,0,1,0,1,1,1,0,0,0,'28_pontlauth','pont_lauth_2');
INSERT INTO checkpoint(id, titreActivite,nombreEquipe, absorption, positionX, positionY, duree, originalite, obligatoire, regionnal, europeen, interaction, vivreEnsemble, creatif, intellectuel, physique, theatre, stimulante, fierte, funitude, confrontation, mobilisation, proximite, institution,kehl, groupe, name) VALUES (229,'Lesstatueseuropeennes',0,15,7.758246660232544,48.584727039887483,12,'O1',0,0,'E2',0,0,1,0,0,1,0,0,1,1,1,0,0,0,'45_pontroyal','pont_royal_1');
INSERT INTO checkpoint(id, titreActivite,nombreEquipe, absorption, positionX, positionY, duree, originalite, obligatoire, regionnal, europeen, interaction, vivreEnsemble, creatif, intellectuel, physique, theatre, stimulante, fierte, funitude, confrontation, mobilisation, proximite, institution,kehl, groupe, name) VALUES (230,'Lesstatueseuropeennes',0,15,7.758343219757079,48.58487253333567,12,'O1',0,0,'E2',0,0,1,0,0,1,0,0,1,1,1,0,0,0,'45_pontroyal','pont_royal_2');
INSERT INTO checkpoint(id, titreActivite,nombreEquipe, absorption, positionX, positionY, duree, originalite, obligatoire, regionnal, europeen, interaction, vivreEnsemble, creatif, intellectuel, physique, theatre, stimulante, fierte, funitude, confrontation, mobilisation, proximite, institution,kehl, groupe, name) VALUES (231,'Semaphore',0,3,7.743033170700073,48.58001779407715,20,'O2',0,0,'E0',0,1,0,0,0,0,1,1,1,0,1,0,0,0,'231','pont_saint_martin_1');
INSERT INTO checkpoint(id, titreActivite,nombreEquipe, absorption, positionX, positionY, duree, originalite, obligatoire, regionnal, europeen, interaction, vivreEnsemble, creatif, intellectuel, physique, theatre, stimulante, fierte, funitude, confrontation, mobilisation, proximite, institution,kehl, groupe, name) VALUES (232,'Apprends_moiquelquechose..',0,6,7.743285298347472,48.580110066860307,10,'O1',0,1,'E1',1,1,0,0,0,0,0,0,1,0,1,0,0,0,'232','pont_saint_martin_2');
INSERT INTO checkpoint(id, titreActivite,nombreEquipe, absorption, positionX, positionY, duree, originalite, obligatoire, regionnal, europeen, interaction, vivreEnsemble, creatif, intellectuel, physique, theatre, stimulante, fierte, funitude, confrontation, mobilisation, proximite, institution,kehl, groupe, name) VALUES (233,'Semaphore',0,3,7.744787335395813,48.578835977768414,20,'O2',0,0,'E0',0,1,0,0,0,0,1,1,1,0,1,0,0,0,'233','pont_saint_thomas_1');
INSERT INTO checkpoint(id, titreActivite,nombreEquipe, absorption, positionX, positionY, duree, originalite, obligatoire, regionnal, europeen, interaction, vivreEnsemble, creatif, intellectuel, physique, theatre, stimulante, fierte, funitude, confrontation, mobilisation, proximite, institution,kehl, groupe, name) VALUES (234,'Semaphore',0,3,7.739261984825133,48.579787111382345,20,'O2',0,0,'E0',0,1,0,0,0,0,1,1,1,0,1,0,0,0,'234','ponts_couvert_2');
INSERT INTO checkpoint(id, titreActivite,nombreEquipe, absorption, positionX, positionY, duree, originalite, obligatoire, regionnal, europeen, interaction, vivreEnsemble, creatif, intellectuel, physique, theatre, stimulante, fierte, funitude, confrontation, mobilisation, proximite, institution,kehl, groupe, name) VALUES (235,'Semaphore',0,3,7.738468050956726,48.579286703764168,20,'O2',0,0,'E0',0,1,0,0,0,0,1,1,1,0,1,0,0,0,'235','ponts_couvert_4');
INSERT INTO checkpoint(id, titreActivite,nombreEquipe, absorption, positionX, positionY, duree, originalite, obligatoire, regionnal, europeen, interaction, vivreEnsemble, creatif, intellectuel, physique, theatre, stimulante, fierte, funitude, confrontation, mobilisation, proximite, institution,kehl, groupe, name) VALUES (236,'Reconstitutionshistoriques',0,6,7.737641930580139,48.579822601096225,10,'O2',0,0,'E2',0,0,1,0,0,0,0,0,0,0,1,0,0,0,'236','ponts_couvert_5');
INSERT INTO checkpoint(id, titreActivite,nombreEquipe, absorption, positionX, positionY, duree, originalite, obligatoire, regionnal, europeen, interaction, vivreEnsemble, creatif, intellectuel, physique, theatre, stimulante, fierte, funitude, confrontation, mobilisation, proximite, institution,kehl, groupe, name) VALUES (237,'TokyoTrain',0,8,7.769699692726135,48.59826146030499,15,'O2',0,0,'E1',0,0,0,1,0,0,1,0,1,1,1,0,0,0,'237','promenade_alcide_de_gasperi_1');
INSERT INTO checkpoint(id, titreActivite,nombreEquipe, absorption, positionX, positionY, duree, originalite, obligatoire, regionnal, europeen, interaction, vivreEnsemble, creatif, intellectuel, physique, theatre, stimulante, fierte, funitude, confrontation, mobilisation, proximite, institution,kehl, groupe, name) VALUES (238,'TaboosurlespaysdEurope',0,12,7.770230770111084,48.597078296706826,10,'O1',0,0,'E3',0,0,0,1,0,0,1,0,0,1,0,0,0,0,'238','promenade_alcide_de_gasperi_2');
INSERT INTO checkpoint(id, titreActivite,nombreEquipe, absorption, positionX, positionY, duree, originalite, obligatoire, regionnal, europeen, interaction, vivreEnsemble, creatif, intellectuel, physique, theatre, stimulante, fierte, funitude, confrontation, mobilisation, proximite, institution,kehl, groupe, name) VALUES (239,'TokyoTrain',0,8,7.769021093845367,48.596326166309808,15,'O2',0,0,'E1',0,0,0,1,0,0,1,0,1,1,1,0,0,0,'239','promenade_alcide_de_gasperi_3');
INSERT INTO checkpoint(id, titreActivite,nombreEquipe, absorption, positionX, positionY, duree, originalite, obligatoire, regionnal, europeen, interaction, vivreEnsemble, creatif, intellectuel, physique, theatre, stimulante, fierte, funitude, confrontation, mobilisation, proximite, institution,kehl, groupe, name) VALUES (240,'Semaphore',0,3,7.73860216140747,48.580660151110848,20,'O2',0,0,'E0',0,1,0,0,0,0,1,1,1,0,1,0,0,0,'240','quai_de_la_bruche_1');
INSERT INTO checkpoint(id, titreActivite,nombreEquipe, absorption, positionX, positionY, duree, originalite, obligatoire, regionnal, europeen, interaction, vivreEnsemble, creatif, intellectuel, physique, theatre, stimulante, fierte, funitude, confrontation, mobilisation, proximite, institution,kehl, groupe, name) VALUES (241,'Lesstatueseuropeennes',0,15,7.738966941833496,48.580787911757561,12,'O1',0,0,'E2',0,0,1,0,0,1,0,0,1,1,1,0,0,0,'241','quai_de_la_bruche_2');
INSERT INTO checkpoint(id, titreActivite,nombreEquipe, absorption, positionX, positionY, duree, originalite, obligatoire, regionnal, europeen, interaction, vivreEnsemble, creatif, intellectuel, physique, theatre, stimulante, fierte, funitude, confrontation, mobilisation, proximite, institution,kehl, groupe, name) VALUES (242,'TokyoTrain',0,8,7.767891883850098,48.595111026325618,15,'O2',0,0,'E1',0,0,0,1,0,0,1,0,1,1,1,0,0,0,'242','quai_du_bassin_de_lill_1');
INSERT INTO checkpoint(id, titreActivite,nombreEquipe, absorption, positionX, positionY, duree, originalite, obligatoire, regionnal, europeen, interaction, vivreEnsemble, creatif, intellectuel, physique, theatre, stimulante, fierte, funitude, confrontation, mobilisation, proximite, institution,kehl, groupe, name) VALUES (243,'TaboosurlespaysdEurope',0,12,7.769546806812286,48.595951870830959,10,'O1',0,0,'E3',0,0,0,1,0,0,1,0,0,1,0,0,0,0,'243','quai_du_bassin_de_lill_2');
INSERT INTO checkpoint(id, titreActivite,nombreEquipe, absorption, positionX, positionY, duree, originalite, obligatoire, regionnal, europeen, interaction, vivreEnsemble, creatif, intellectuel, physique, theatre, stimulante, fierte, funitude, confrontation, mobilisation, proximite, institution,kehl, groupe, name) VALUES (244,'TokyoTrain',0,8,7.771668434143066,48.596223279677297,15,'O2',0,0,'E1',0,0,0,1,0,0,1,0,1,1,1,0,0,0,'244','quai_du_bassin_de_lill_3');
INSERT INTO checkpoint(id, titreActivite,nombreEquipe, absorption, positionX, positionY, duree, originalite, obligatoire, regionnal, europeen, interaction, vivreEnsemble, creatif, intellectuel, physique, theatre, stimulante, fierte, funitude, confrontation, mobilisation, proximite, institution,kehl, groupe, name) VALUES (245,'Reconstitutionshistoriques',0,6,7.771695256233214,48.597454357706162,10,'O2',0,0,'E2',0,0,1,0,0,0,0,0,0,0,1,0,0,0,'245','quai_ernest_bevin_1');
INSERT INTO checkpoint(id, titreActivite,nombreEquipe, absorption, positionX, positionY, duree, originalite, obligatoire, regionnal, europeen, interaction, vivreEnsemble, creatif, intellectuel, physique, theatre, stimulante, fierte, funitude, confrontation, mobilisation, proximite, institution,kehl, groupe, name) VALUES (246,'Dixit',0,3,7.769589722156525,48.598651703090582,20,'O3',0,0,'E2',0,0,0,1,0,0,0,0,0,0,1,0,0,0,'246','quai_ernest_bevin_2');
INSERT INTO checkpoint(id, titreActivite,nombreEquipe, absorption, positionX, positionY, duree, originalite, obligatoire, regionnal, europeen, interaction, vivreEnsemble, creatif, intellectuel, physique, theatre, stimulante, fierte, funitude, confrontation, mobilisation, proximite, institution,kehl, groupe, name) VALUES (247,'JeparsenvoyageenEurope',0,18,7.751219272613525,48.587069078644504,10,'O1',0,0,'E2',0,0,0,1,0,0,0,0,0,0,1,0,0,0,'247','quai_jacques_sturm_1');
INSERT INTO checkpoint(id, titreActivite,nombreEquipe, absorption, positionX, positionY, duree, originalite, obligatoire, regionnal, europeen, interaction, vivreEnsemble, creatif, intellectuel, physique, theatre, stimulante, fierte, funitude, confrontation, mobilisation, proximite, institution,kehl, groupe, name) VALUES (248,'Lancerdebudget',0,6,7.763361632823945,48.587491343780719,10,'O1',0,0,'E1',0,1,0,0,0,0,0,0,0,0,1,0,0,0,'248','quai_rouget_de_lisle_1');
INSERT INTO checkpoint(id, titreActivite,nombreEquipe, absorption, positionX, positionY, duree, originalite, obligatoire, regionnal, europeen, interaction, vivreEnsemble, creatif, intellectuel, physique, theatre, stimulante, fierte, funitude, confrontation, mobilisation, proximite, institution,kehl, groupe, name) VALUES (249,'Lancerdebudget',0,6,7.764405012130737,48.589879381887656,10,'O1',0,0,'E1',0,1,0,0,0,0,0,0,0,0,1,0,0,0,'249','quai_rouget_de_lisle_2');
INSERT INTO checkpoint(id, titreActivite,nombreEquipe, absorption, positionX, positionY, duree, originalite, obligatoire, regionnal, europeen, interaction, vivreEnsemble, creatif, intellectuel, physique, theatre, stimulante, fierte, funitude, confrontation, mobilisation, proximite, institution,kehl, groupe, name) VALUES (250,'Lancerdebudget',0,6,7.7668297290802,48.591752830556629,10,'O1',0,0,'E1',0,1,0,0,0,0,0,0,0,0,1,0,0,0,'250','quai_rouget_de_lisle_3');
INSERT INTO checkpoint(id, titreActivite,nombreEquipe, absorption, positionX, positionY, duree, originalite, obligatoire, regionnal, europeen, interaction, vivreEnsemble, creatif, intellectuel, physique, theatre, stimulante, fierte, funitude, confrontation, mobilisation, proximite, institution,kehl, groupe, name) VALUES (251,'TokyoTrain',0,8,7.766969203948974,48.592703721108109,15,'O2',0,0,'E1',0,0,0,1,0,0,1,0,1,1,1,0,0,0,'251','quai_rouget_de_lisle_4');
INSERT INTO checkpoint(id, titreActivite,nombreEquipe, absorption, positionX, positionY, duree, originalite, obligatoire, regionnal, europeen, interaction, vivreEnsemble, creatif, intellectuel, physique, theatre, stimulante, fierte, funitude, confrontation, mobilisation, proximite, institution,kehl, groupe, name) VALUES (252,'RecetteEnFouillis',0,6,7.75681972503662,48.583115938098381,10,'O2',0,1,'E0',1,0,0,0,0,0,0,0,0,0,0,0,0,0,'252','quai_saint_etienne_1');
INSERT INTO checkpoint(id, titreActivite,nombreEquipe, absorption, positionX, positionY, duree, originalite, obligatoire, regionnal, europeen, interaction, vivreEnsemble, creatif, intellectuel, physique, theatre, stimulante, fierte, funitude, confrontation, mobilisation, proximite, institution,kehl, groupe, name) VALUES (253,'Lesstatueseuropeennes',0,15,7.756213545799255,48.583832778275791,12,'O1',0,0,'E2',0,0,1,0,0,1,0,0,1,1,1,0,0,0,'253','quai_saint_etienne_2');
INSERT INTO checkpoint(id, titreActivite,nombreEquipe, absorption, positionX, positionY, duree, originalite, obligatoire, regionnal, europeen, interaction, vivreEnsemble, creatif, intellectuel, physique, theatre, stimulante, fierte, funitude, confrontation, mobilisation, proximite, institution,kehl, groupe, name) VALUES (254,'Lesstatueseuropeennes',0,15,7.752056121826173,48.586228086307457,12,'O1',0,0,'E2',0,0,1,0,0,1,0,0,1,1,1,0,0,0,'254','quai_schoepflin_1');
INSERT INTO checkpoint(id, titreActivite,nombreEquipe, absorption, positionX, positionY, duree, originalite, obligatoire, regionnal, europeen, interaction, vivreEnsemble, creatif, intellectuel, physique, theatre, stimulante, fierte, funitude, confrontation, mobilisation, proximite, institution,kehl, groupe, name) VALUES (255,'RecetteEnFouillis',0,6,7.751154899597168,48.586551000632149,10,'O2',0,1,'E0',1,0,0,0,0,0,0,0,0,0,0,0,0,0,'255','quai_schoepflin_2');
INSERT INTO checkpoint(id, titreActivite,nombreEquipe, absorption, positionX, positionY, duree, originalite, obligatoire, regionnal, europeen, interaction, vivreEnsemble, creatif, intellectuel, physique, theatre, stimulante, fierte, funitude, confrontation, mobilisation, proximite, institution,kehl, groupe, name) VALUES (256,'RecetteEnFouillis',0,6,7.75232970714569,48.584883179181283,10,'O2',0,1,'E0',1,0,0,0,0,0,0,0,0,0,0,0,0,0,'256','rue_brulée');
INSERT INTO checkpoint(id, titreActivite,nombreEquipe, absorption, positionX, positionY, duree, originalite, obligatoire, regionnal, europeen, interaction, vivreEnsemble, creatif, intellectuel, physique, theatre, stimulante, fierte, funitude, confrontation, mobilisation, proximite, institution,kehl, groupe, name) VALUES (257,'LEuropeATrous',0,4,7.74649053812027,48.580683219029289,15,'O0',0,0,'E2',0,0,0,1,0,0,0,0,0,0,1,0,0,0,'24_Leclerc','rue_de_la_division_leclerc_1');
INSERT INTO checkpoint(id, titreActivite,nombreEquipe, absorption, positionX, positionY, duree, originalite, obligatoire, regionnal, europeen, interaction, vivreEnsemble, creatif, intellectuel, physique, theatre, stimulante, fierte, funitude, confrontation, mobilisation, proximite, institution,kehl, groupe, name) VALUES (258,'LEuropeATrous',0,4,7.746613919734955,48.580569653790718,15,'O0',0,0,'E2',0,0,0,1,0,0,0,0,0,0,1,0,0,0,'24_Leclerc','rue_de_la_division_leclerc_2');
INSERT INTO checkpoint(id, titreActivite,nombreEquipe, absorption, positionX, positionY, duree, originalite, obligatoire, regionnal, europeen, interaction, vivreEnsemble, creatif, intellectuel, physique, theatre, stimulante, fierte, funitude, confrontation, mobilisation, proximite, institution,kehl, groupe, name) VALUES (259,'LEuropeATrous',0,4,7.746734619140625,48.58047383292223,15,'O0',0,0,'E2',0,0,0,1,0,0,0,0,0,0,1,0,0,0,'24_Leclerc','rue_de_la_division_leclerc_3');
INSERT INTO checkpoint(id, titreActivite,nombreEquipe, absorption, positionX, positionY, duree, originalite, obligatoire, regionnal, europeen, interaction, vivreEnsemble, creatif, intellectuel, physique, theatre, stimulante, fierte, funitude, confrontation, mobilisation, proximite, institution,kehl, groupe, name) VALUES (260,'Apprends_moiquelquechose..',0,6,7.744765877723693,48.583027219547652,10,'O1',0,1,'E1',1,1,0,0,0,0,0,0,1,0,1,0,0,0,'260','rue_de_la_grange_1');
INSERT INTO checkpoint(id, titreActivite,nombreEquipe, absorption, positionX, positionY, duree, originalite, obligatoire, regionnal, europeen, interaction, vivreEnsemble, creatif, intellectuel, physique, theatre, stimulante, fierte, funitude, confrontation, mobilisation, proximite, institution,kehl, groupe, name) VALUES (261,'QuiSuis_Je?',0,3,7.757130861282349,48.581103763081494,20,'O0',0,0,'E2',0,0,0,0,0,0,0,0,1,0,1,0,0,0,'22_Krutenau','rue_de_la_krutenau_1');
INSERT INTO checkpoint(id, titreActivite,nombreEquipe, absorption, positionX, positionY, duree, originalite, obligatoire, regionnal, europeen, interaction, vivreEnsemble, creatif, intellectuel, physique, theatre, stimulante, fierte, funitude, confrontation, mobilisation, proximite, institution,kehl, groupe, name) VALUES (262,'RecetteEnFouillis',0,6,7.756119668483733,48.582436350027415,10,'O2',0,1,'E0',1,0,0,0,0,0,0,0,0,0,0,0,0,0,'262','rue_de_la_pierre_large');
INSERT INTO checkpoint(id, titreActivite,nombreEquipe, absorption, positionX, positionY, duree, originalite, obligatoire, regionnal, europeen, interaction, vivreEnsemble, creatif, intellectuel, physique, theatre, stimulante, fierte, funitude, confrontation, mobilisation, proximite, institution,kehl, groupe, name) VALUES (263,'RecetteEnFouillis',0,6,7.753118276596068,48.581817082966843,10,'O2',0,1,'E0',1,0,0,0,0,0,0,0,0,0,0,0,0,0,'263','rue_de_la_rape_1');
INSERT INTO checkpoint(id, titreActivite,nombreEquipe, absorption, positionX, positionY, duree, originalite, obligatoire, regionnal, europeen, interaction, vivreEnsemble, creatif, intellectuel, physique, theatre, stimulante, fierte, funitude, confrontation, mobilisation, proximite, institution,kehl, groupe, name) VALUES (264,'Lancerdebudget',0,6,7.769640684127807,48.590590803814408,10,'O1',0,0,'E1',0,1,0,0,0,0,0,0,0,0,1,0,0,0,'264','rue_de_la_schiffmatt_1');
INSERT INTO checkpoint(id, titreActivite,nombreEquipe, absorption, positionX, positionY, duree, originalite, obligatoire, regionnal, europeen, interaction, vivreEnsemble, creatif, intellectuel, physique, theatre, stimulante, fierte, funitude, confrontation, mobilisation, proximite, institution,kehl, groupe, name) VALUES (265,'ListenUp',0,12,7.74259328842163,48.582533941565529,10,'O2',0,0,'E0',0,0,1,0,0,0,0,0,1,0,1,0,0,0,'12_GrandRue','rue_de_la_vignette_T_1');
INSERT INTO checkpoint(id, titreActivite,nombreEquipe, absorption, positionX, positionY, duree, originalite, obligatoire, regionnal, europeen, interaction, vivreEnsemble, creatif, intellectuel, physique, theatre, stimulante, fierte, funitude, confrontation, mobilisation, proximite, institution,kehl, groupe, name) VALUES (266,'ListenUp',0,12,7.741692066192626,48.582509100100992,10,'O2',0,0,'E0',0,0,1,0,0,0,0,0,1,0,1,0,0,0,'12_GrandRue','rue_des_aveugles_T_1');
INSERT INTO checkpoint(id, titreActivite,nombreEquipe, absorption, positionX, positionY, duree, originalite, obligatoire, regionnal, europeen, interaction, vivreEnsemble, creatif, intellectuel, physique, theatre, stimulante, fierte, funitude, confrontation, mobilisation, proximite, institution,kehl, groupe, name) VALUES (267,'ConvaincreSurLEurope',0,6,7.746455669403075,48.582658148705164,10,'O2',0,0,'E3',1,1,0,1,0,0,0,1,0,0,0,0,0,0,'267','rue_des_chandelles_1');
INSERT INTO checkpoint(id, titreActivite,nombreEquipe, absorption, positionX, positionY, duree, originalite, obligatoire, regionnal, europeen, interaction, vivreEnsemble, creatif, intellectuel, physique, theatre, stimulante, fierte, funitude, confrontation, mobilisation, proximite, institution,kehl, groupe, name) VALUES (268,'RecetteEnFouillis',0,6,7.753413319587708,48.584237327155279,10,'O2',0,1,'E0',1,0,0,0,0,0,0,0,0,0,0,0,0,0,'268','rue_des_juifs');
INSERT INTO checkpoint(id, titreActivite,nombreEquipe, absorption, positionX, positionY, duree, originalite, obligatoire, regionnal, europeen, interaction, vivreEnsemble, creatif, intellectuel, physique, theatre, stimulante, fierte, funitude, confrontation, mobilisation, proximite, institution,kehl, groupe, name) VALUES (269,'LEuropeAlAveugle',0,6,7.75957703590393,48.580787911757561,10,'O1',0,0,'E1',0,0,0,0,0,0,0,0,0,0,1,0,0,0,'269','rue_des_planches_1');
INSERT INTO checkpoint(id, titreActivite,nombreEquipe, absorption, positionX, positionY, duree, originalite, obligatoire, regionnal, europeen, interaction, vivreEnsemble, creatif, intellectuel, physique, theatre, stimulante, fierte, funitude, confrontation, mobilisation, proximite, institution,kehl, groupe, name) VALUES (270,'Porteurdeparole',0,8,7.745264768600463,48.582732672842418,15,'O1',0,0,'E2',1,1,0,0,0,0,0,0,0,0,1,0,0,0,'270','rue_du_22_novembre_1');
INSERT INTO checkpoint(id, titreActivite,nombreEquipe, absorption, positionX, positionY, duree, originalite, obligatoire, regionnal, europeen, interaction, vivreEnsemble, creatif, intellectuel, physique, theatre, stimulante, fierte, funitude, confrontation, mobilisation, proximite, institution,kehl, groupe, name) VALUES (271,'FrontexPervier',0,8,7.740415334701537,48.581433807861856,15,'O3',0,0,'E0',0,1,0,0,1,0,1,0,1,0,1,0,0,0,'271','rue_du_bain_aux_plantes_1');
INSERT INTO checkpoint(id, titreActivite,nombreEquipe, absorption, positionX, positionY, duree, originalite, obligatoire, regionnal, europeen, interaction, vivreEnsemble, creatif, intellectuel, physique, theatre, stimulante, fierte, funitude, confrontation, mobilisation, proximite, institution,kehl, groupe, name) VALUES (272,'RecetteEnFouillis',0,6,7.754191160202026,48.583440646666098,10,'O2',0,1,'E0',1,0,0,0,0,0,0,0,0,0,0,0,0,0,'272','rue_du_ciel_1');
INSERT INTO checkpoint(id, titreActivite,nombreEquipe, absorption, positionX, positionY, duree, originalite, obligatoire, regionnal, europeen, interaction, vivreEnsemble, creatif, intellectuel, physique, theatre, stimulante, fierte, funitude, confrontation, mobilisation, proximite, institution,kehl, groupe, name) VALUES (273,'Lesstatueseuropeennes',0,15,7.748923301696777,48.581655610938945,12,'O1',0,0,'E2',0,0,1,0,0,1,0,0,1,1,1,0,0,0,'273','rue_du_fossé_des_tailleurs_1');
INSERT INTO checkpoint(id, titreActivite,nombreEquipe, absorption, positionX, positionY, duree, originalite, obligatoire, regionnal, europeen, interaction, vivreEnsemble, creatif, intellectuel, physique, theatre, stimulante, fierte, funitude, confrontation, mobilisation, proximite, institution,kehl, groupe, name) VALUES (274,'ListenUp',0,12,7.74286150932312,48.581930645402792,10,'O2',0,0,'E0',0,0,1,0,0,0,0,0,1,0,1,0,0,0,'12_GrandRue','rue_du_fossé_des_tanneurs_T_1');
INSERT INTO checkpoint(id, titreActivite,nombreEquipe, absorption, positionX, positionY, duree, originalite, obligatoire, regionnal, europeen, interaction, vivreEnsemble, creatif, intellectuel, physique, theatre, stimulante, fierte, funitude, confrontation, mobilisation, proximite, institution,kehl, groupe, name) VALUES (275,'ListenUp',0,12,7.743006348609923,48.582099214173169,10,'O2',0,0,'E0',0,0,1,0,0,0,0,0,1,0,1,0,0,0,'12_GrandRue','rue_du_fossé_des_tanneurs_T_2');
INSERT INTO checkpoint(id, titreActivite,nombreEquipe, absorption, positionX, positionY, duree, originalite, obligatoire, regionnal, europeen, interaction, vivreEnsemble, creatif, intellectuel, physique, theatre, stimulante, fierte, funitude, confrontation, mobilisation, proximite, institution,kehl, groupe, name) VALUES (276,'ListenUp',0,12,7.743137776851655,48.582258910384446,10,'O2',0,0,'E0',0,0,1,0,0,0,0,0,1,0,1,0,0,0,'12_GrandRue','rue_du_fossé_des_tanneurs_T_3');
INSERT INTO checkpoint(id, titreActivite,nombreEquipe, absorption, positionX, positionY, duree, originalite, obligatoire, regionnal, europeen, interaction, vivreEnsemble, creatif, intellectuel, physique, theatre, stimulante, fierte, funitude, confrontation, mobilisation, proximite, institution,kehl, groupe, name) VALUES (277,'Porteurdeparole',0,8,7.747807502746581,48.580379786337623,15,'O1',0,0,'E2',1,1,0,0,0,0,0,0,0,0,1,0,0,0,'277','rue_du_paon_T_1');
INSERT INTO checkpoint(id, titreActivite,nombreEquipe, absorption, positionX, positionY, duree, originalite, obligatoire, regionnal, europeen, interaction, vivreEnsemble, creatif, intellectuel, physique, theatre, stimulante, fierte, funitude, confrontation, mobilisation, proximite, institution,kehl, groupe, name) VALUES (278,'Dixit',0,3,7.74935245513916,48.583293374732698,20,'O3',0,0,'E2',0,0,0,1,0,0,0,0,0,0,1,0,0,0,'16_Dome','rue_du_sanglier_1');
INSERT INTO checkpoint(id, titreActivite,nombreEquipe, absorption, positionX, positionY, duree, originalite, obligatoire, regionnal, europeen, interaction, vivreEnsemble, creatif, intellectuel, physique, theatre, stimulante, fierte, funitude, confrontation, mobilisation, proximite, institution,kehl, groupe, name) VALUES (279,'Twister',0,16,7.746680974960327,48.582264233582784,15,'O1',0,0,'E1',0,0,0,0,0,0,1,0,1,0,1,0,0,0,'279','rue_du_saumon_1');
INSERT INTO checkpoint(id, titreActivite,nombreEquipe, absorption, positionX, positionY, duree, originalite, obligatoire, regionnal, europeen, interaction, vivreEnsemble, creatif, intellectuel, physique, theatre, stimulante, fierte, funitude, confrontation, mobilisation, proximite, institution,kehl, groupe, name) VALUES (280,'Twister',0,16,7.744202613830566,48.581884510693953,15,'O1',0,0,'E1',0,0,0,0,0,0,1,0,1,0,1,0,0,0,'280','rue_du_savon_1');
INSERT INTO checkpoint(id, titreActivite,nombreEquipe, absorption, positionX, positionY, duree, originalite, obligatoire, regionnal, europeen, interaction, vivreEnsemble, creatif, intellectuel, physique, theatre, stimulante, fierte, funitude, confrontation, mobilisation, proximite, institution,kehl, groupe, name) VALUES (281,'Creationdunehistoire',0,12,7.750178575515747,48.580539487981333,10,'O1',0,0,'E2',0,0,1,1,0,0,0,0,0,0,0,0,0,0,'3_VieilHopital_Tripiers','rue_du_vieil_hopital_T_1');
INSERT INTO checkpoint(id, titreActivite,nombreEquipe, absorption, positionX, positionY, duree, originalite, obligatoire, regionnal, europeen, interaction, vivreEnsemble, creatif, intellectuel, physique, theatre, stimulante, fierte, funitude, confrontation, mobilisation, proximite, institution,kehl, groupe, name) VALUES (282,'Creationdunehistoire',0,12,7.750248312950135,48.580486254156156,10,'O1',0,0,'E2',0,0,1,1,0,0,0,0,0,0,0,0,0,0,'3_VieilHopital_Tripiers','rue_du_vieil_hopital_T_2');
INSERT INTO checkpoint(id, titreActivite,nombreEquipe, absorption, positionX, positionY, duree, originalite, obligatoire, regionnal, europeen, interaction, vivreEnsemble, creatif, intellectuel, physique, theatre, stimulante, fierte, funitude, confrontation, mobilisation, proximite, institution,kehl, groupe, name) VALUES (283,'Creationdunehistoire',0,12,7.750334143638611,48.580393982059725,10,'O1',0,0,'E2',0,0,1,1,0,0,0,0,0,0,0,0,0,0,'3_VieilHopital_Tripiers','rue_du_vieil_hopital_T_3');
INSERT INTO checkpoint(id, titreActivite,nombreEquipe, absorption, positionX, positionY, duree, originalite, obligatoire, regionnal, europeen, interaction, vivreEnsemble, creatif, intellectuel, physique, theatre, stimulante, fierte, funitude, confrontation, mobilisation, proximite, institution,kehl, groupe, name) VALUES (284,'RecetteEnFouillis',0,6,7.747002840042114,48.582615563434516,10,'O2',0,1,'E0',1,0,0,0,0,0,0,0,0,0,0,0,0,0,'284','rue_du_vieux_marché_aux_grains_1');
INSERT INTO checkpoint(id, titreActivite,nombreEquipe, absorption, positionX, positionY, duree, originalite, obligatoire, regionnal, europeen, interaction, vivreEnsemble, creatif, intellectuel, physique, theatre, stimulante, fierte, funitude, confrontation, mobilisation, proximite, institution,kehl, groupe, name) VALUES (285,'Apprends_moiquelquechose..',0,6,7.747201323509215,48.582143574282462,10,'O1',0,1,'E1',1,1,0,0,0,0,0,0,1,0,1,0,0,0,'285','rue_du_vieux_marché_aux_grains_2');
INSERT INTO checkpoint(id, titreActivite,nombreEquipe, absorption, positionX, positionY, duree, originalite, obligatoire, regionnal, europeen, interaction, vivreEnsemble, creatif, intellectuel, physique, theatre, stimulante, fierte, funitude, confrontation, mobilisation, proximite, institution,kehl, groupe, name) VALUES (286,'LEuropeATrous',0,4,7.749896943569183,48.579932619050894,15,'O0',0,0,'E2',0,0,0,1,0,0,0,0,0,0,1,0,0,0,'16_Douane','rue_du_vieux_marché_aux_poissons_T_1');
INSERT INTO checkpoint(id, titreActivite,nombreEquipe, absorption, positionX, positionY, duree, originalite, obligatoire, regionnal, europeen, interaction, vivreEnsemble, creatif, intellectuel, physique, theatre, stimulante, fierte, funitude, confrontation, mobilisation, proximite, institution,kehl, groupe, name) VALUES (287,'LEuropeATrous',0,4,7.749947905540465,48.57988470803555,15,'O0',0,0,'E2',0,0,0,1,0,0,0,0,0,0,1,0,0,0,'16_Douane','rue_du_vieux_marché_aux_poissons_T_2');
INSERT INTO checkpoint(id, titreActivite,nombreEquipe, absorption, positionX, positionY, duree, originalite, obligatoire, regionnal, europeen, interaction, vivreEnsemble, creatif, intellectuel, physique, theatre, stimulante, fierte, funitude, confrontation, mobilisation, proximite, institution,kehl, groupe, name) VALUES (288,'LEuropeATrous',0,4,7.749988138675689,48.579842120428232,15,'O0',0,0,'E2',0,0,0,1,0,0,0,0,0,0,1,0,0,0,'16_Douane','rue_du_vieux_marché_aux_poissons_T_3');
INSERT INTO checkpoint(id, titreActivite,nombreEquipe, absorption, positionX, positionY, duree, originalite, obligatoire, regionnal, europeen, interaction, vivreEnsemble, creatif, intellectuel, physique, theatre, stimulante, fierte, funitude, confrontation, mobilisation, proximite, institution,kehl, groupe, name) VALUES (289,'Lancerdebudget',0,6,7.770751118659972,48.585890975745208,10,'O1',0,0,'E1',0,1,0,0,0,0,0,0,0,0,1,0,0,0,'289','rue_geiller_1');
INSERT INTO checkpoint(id, titreActivite,nombreEquipe, absorption, positionX, positionY, duree, originalite, obligatoire, regionnal, europeen, interaction, vivreEnsemble, creatif, intellectuel, physique, theatre, stimulante, fierte, funitude, confrontation, mobilisation, proximite, institution,kehl, groupe, name) VALUES (290,'Lancerdebudget',0,6,7.769243717193604,48.586366478413552,10,'O1',0,0,'E1',0,1,0,0,0,0,0,0,0,0,1,0,0,0,'290','rue_geiller_2');
INSERT INTO checkpoint(id, titreActivite,nombreEquipe, absorption, positionX, positionY, duree, originalite, obligatoire, regionnal, europeen, interaction, vivreEnsemble, creatif, intellectuel, physique, theatre, stimulante, fierte, funitude, confrontation, mobilisation, proximite, institution,kehl, groupe, name) VALUES (291,'Lancerdebudget',0,6,7.768353223800659,48.583985371654542,10,'O1',0,0,'E1',0,1,0,0,0,0,0,0,0,0,1,0,0,0,'291','rue_goethe_1');
INSERT INTO checkpoint(id, titreActivite,nombreEquipe, absorption, positionX, positionY, duree, originalite, obligatoire, regionnal, europeen, interaction, vivreEnsemble, creatif, intellectuel, physique, theatre, stimulante, fierte, funitude, confrontation, mobilisation, proximite, institution,kehl, groupe, name) VALUES (292,'Europedesrealisationsquotidiennes',0,6,7.747431993484497,48.581408965856625,10,'O1',0,0,'E1',0,1,1,0,0,1,0,0,1,0,1,0,0,0,'292','rue_gutemberg_1');
INSERT INTO checkpoint(id, titreActivite,nombreEquipe, absorption, positionX, positionY, duree, originalite, obligatoire, regionnal, europeen, interaction, vivreEnsemble, creatif, intellectuel, physique, theatre, stimulante, fierte, funitude, confrontation, mobilisation, proximite, institution,kehl, groupe, name) VALUES (293,'Lancerdebudget',0,6,7.767889201641083,48.588798923944402,10,'O1',0,0,'E1',0,1,0,0,0,0,0,0,0,0,1,0,0,0,'293','rue_herder_1');
INSERT INTO checkpoint(id, titreActivite,nombreEquipe, absorption, positionX, positionY, duree, originalite, obligatoire, regionnal, europeen, interaction, vivreEnsemble, creatif, intellectuel, physique, theatre, stimulante, fierte, funitude, confrontation, mobilisation, proximite, institution,kehl, groupe, name) VALUES (294,'RecetteEnFouillis',0,6,7.755500078201293,48.584826401312093,10,'O2',0,1,'E0',1,0,0,0,0,0,0,0,0,0,0,0,0,0,'294','rue_pierre_bucher_1');
INSERT INTO checkpoint(id, titreActivite,nombreEquipe, absorption, positionX, positionY, duree, originalite, obligatoire, regionnal, europeen, interaction, vivreEnsemble, creatif, intellectuel, physique, theatre, stimulante, fierte, funitude, confrontation, mobilisation, proximite, institution,kehl, groupe, name) VALUES (295,'Twister',0,16,7.771925926208496,48.597878309909774,15,'O1',0,0,'E1',0,0,0,0,0,0,1,0,1,0,1,0,0,0,'295','rue_pierre_de_coubertin_1');
INSERT INTO checkpoint(id, titreActivite,nombreEquipe, absorption, positionX, positionY, duree, originalite, obligatoire, regionnal, europeen, interaction, vivreEnsemble, creatif, intellectuel, physique, theatre, stimulante, fierte, funitude, confrontation, mobilisation, proximite, institution,kehl, groupe, name) VALUES (296,'Apprends_moiquelquechose..',0,6,7.745549082756042,48.581689324921442,10,'O1',0,1,'E1',1,1,0,0,0,0,0,0,1,0,1,0,0,0,'296','rue_sainte_barbe_1');
INSERT INTO checkpoint(id, titreActivite,nombreEquipe, absorption, positionX, positionY, duree, originalite, obligatoire, regionnal, europeen, interaction, vivreEnsemble, creatif, intellectuel, physique, theatre, stimulante, fierte, funitude, confrontation, mobilisation, proximite, institution,kehl, groupe, name) VALUES (297,'RecetteEnFouillis',0,6,7.754676640033721,48.581609475979072,10,'O2',0,1,'E0',1,0,0,0,0,0,0,0,0,0,0,0,0,0,'297','ruelle_de_l''abreuvoir_1');
INSERT INTO checkpoint(id, titreActivite,nombreEquipe, absorption, positionX, positionY, duree, originalite, obligatoire, regionnal, europeen, interaction, vivreEnsemble, creatif, intellectuel, physique, theatre, stimulante, fierte, funitude, confrontation, mobilisation, proximite, institution,kehl, groupe, name) VALUES (298,'TaboosurlespaysdEurope',0,12,7.750216126441956,48.577611544342979,10,'O1',0,0,'E3',0,0,0,1,0,0,1,0,0,1,0,0,0,0,'7_PlaceHopital','ruelle_de_la_farine_1');
INSERT INTO checkpoint(id, titreActivite,nombreEquipe, absorption, positionX, positionY, duree, originalite, obligatoire, regionnal, europeen, interaction, vivreEnsemble, creatif, intellectuel, physique, theatre, stimulante, fierte, funitude, confrontation, mobilisation, proximite, institution,kehl, groupe, name) VALUES (299,'QuiSuis_Je?',0,3,7.756959199905396,48.581494138395179,20,'O0',0,0,'E2',0,0,0,0,0,0,0,0,1,0,1,0,0,0,'22_Krutenau','ruelle_des_chanvriers_1');
INSERT INTO checkpoint(id, titreActivite,nombreEquipe, absorption, positionX, positionY, duree, originalite, obligatoire, regionnal, europeen, interaction, vivreEnsemble, creatif, intellectuel, physique, theatre, stimulante, fierte, funitude, confrontation, mobilisation, proximite, institution,kehl, groupe, name) VALUES (300,'QuiSuis_Je?',0,3,7.756808996200561,48.581668031882479,20,'O0',0,0,'E2',0,0,0,0,0,0,0,0,1,0,1,0,0,0,'22_Krutenau','ruelle_des_ramoneurs_T_1');
INSERT INTO checkpoint(id, titreActivite,nombreEquipe, absorption, positionX, positionY, duree, originalite, obligatoire, regionnal, europeen, interaction, vivreEnsemble, creatif, intellectuel, physique, theatre, stimulante, fierte, funitude, confrontation, mobilisation, proximite, institution,kehl, groupe, name) VALUES (301,'FrontexPervier',0,8,7.761154174804688,48.578921154642529,15,'O3',0,0,'E0',0,1,0,0,1,0,1,0,1,0,1,0,0,0,'34_allende','square_allende_3');
INSERT INTO checkpoint(id, titreActivite,nombreEquipe, absorption, positionX, positionY, duree, originalite, obligatoire, regionnal, europeen, interaction, vivreEnsemble, creatif, intellectuel, physique, theatre, stimulante, fierte, funitude, confrontation, mobilisation, proximite, institution,kehl, groupe, name) VALUES (302,'FrontexPervier',0,8,7.760826945304871,48.578788065713667,15,'O3',0,0,'E0',0,1,0,0,1,0,1,0,1,0,1,0,0,0,'34_allende','square_allende_4');
INSERT INTO checkpoint(id, titreActivite,nombreEquipe, absorption, positionX, positionY, duree, originalite, obligatoire, regionnal, europeen, interaction, vivreEnsemble, creatif, intellectuel, physique, theatre, stimulante, fierte, funitude, confrontation, mobilisation, proximite, institution,kehl, groupe, name) VALUES (303,'ConstruisonsLEurope',0,4,7.761253416538238,48.579355909368239,15,'O2',0,0,'ET',0,1,1,1,0,0,0,0,0,0,1,0,0,0,'24_Allende','square_allende_T_1');
INSERT INTO checkpoint(id, titreActivite,nombreEquipe, absorption, positionX, positionY, duree, originalite, obligatoire, regionnal, europeen, interaction, vivreEnsemble, creatif, intellectuel, physique, theatre, stimulante, fierte, funitude, confrontation, mobilisation, proximite, institution,kehl, groupe, name) VALUES (304,'ConstruisonsLEurope',0,4,7.761371433734893,48.579325742834534,15,'O2',0,0,'ET',0,1,1,1,0,0,0,0,0,0,1,0,0,0,'24_Allende','square_allende_T_2');
INSERT INTO checkpoint(id, titreActivite,nombreEquipe, absorption, positionX, positionY, duree, originalite, obligatoire, regionnal, europeen, interaction, vivreEnsemble, creatif, intellectuel, physique, theatre, stimulante, fierte, funitude, confrontation, mobilisation, proximite, institution,kehl, groupe, name) VALUES (305,'Twister',0,16,7.739916443824767,48.580755971626161,15,'O1',0,0,'E1',0,0,0,0,0,0,1,0,1,0,1,0,0,0,'305','square_louise_weiss_3');
INSERT INTO checkpoint(id, titreActivite,nombreEquipe, absorption, positionX, positionY, duree, originalite, obligatoire, regionnal, europeen, interaction, vivreEnsemble, creatif, intellectuel, physique, theatre, stimulante, fierte, funitude, confrontation, mobilisation, proximite, institution,kehl, groupe, name) VALUES (306,'ListenUp',0,12,7.73961067199707,48.580610466327684,10,'O2',0,0,'E0',0,0,1,0,0,0,0,0,1,0,1,0,0,0,'12_LouiseWeiss','square_louise_weiss_T_1');
INSERT INTO checkpoint(id, titreActivite,nombreEquipe, absorption, positionX, positionY, duree, originalite, obligatoire, regionnal, europeen, interaction, vivreEnsemble, creatif, intellectuel, physique, theatre, stimulante, fierte, funitude, confrontation, mobilisation, proximite, institution,kehl, groupe, name) VALUES (307,'ListenUp',0,12,7.740324139595032,48.580865987549373,10,'O2',0,0,'E0',0,0,1,0,0,0,0,0,1,0,1,0,0,0,'12_LouiseWeiss','square_louise_weiss_T_2');
INSERT INTO checkpoint(id, titreActivite,nombreEquipe, absorption, positionX, positionY, duree, originalite, obligatoire, regionnal, europeen, interaction, vivreEnsemble, creatif, intellectuel, physique, theatre, stimulante, fierte, funitude, confrontation, mobilisation, proximite, institution,kehl, groupe, name) VALUES (308,'CoursedeGarçonsdeCafe',0,8,7.760258316993713,48.5959696100158,15,'O1',0,0,'E0',0,0,0,0,1,0,1,0,1,1,1,0,0,0,'33_Trivoli','square_trivoli_1');
INSERT INTO checkpoint(id, titreActivite,nombreEquipe, absorption, positionX, positionY, duree, originalite, obligatoire, regionnal, europeen, interaction, vivreEnsemble, creatif, intellectuel, physique, theatre, stimulante, fierte, funitude, confrontation, mobilisation, proximite, institution,kehl, groupe, name) VALUES (309,'CoursedeGarçonsdeCafe',0,8,7.759941816329955,48.595655625523889,15,'O1',0,0,'E0',0,0,0,0,1,0,1,0,1,1,1,0,0,0,'33_Trivoli','square_trivoli_2');
INSERT INTO checkpoint(id, titreActivite,nombreEquipe, absorption, positionX, positionY, duree, originalite, obligatoire, regionnal, europeen, interaction, vivreEnsemble, creatif, intellectuel, physique, theatre, stimulante, fierte, funitude, confrontation, mobilisation, proximite, institution,kehl, groupe, name) VALUES (310,'CoursedeGarçonsdeCafe',0,8,7.759142518043518,48.595563381121508,15,'O1',0,0,'E0',0,0,0,0,1,0,1,0,1,1,1,0,0,0,'33_Trivoli','square_trivoli_3');
INSERT INTO checkpoint(id, titreActivite,nombreEquipe, absorption, positionX, positionY, duree, originalite, obligatoire, regionnal, europeen, interaction, vivreEnsemble, creatif, intellectuel, physique, theatre, stimulante, fierte, funitude, confrontation, mobilisation, proximite, institution,kehl, groupe, name) VALUES (311,'CoursedeGarçonsdeCafe',0,8,7.75934636592865,48.59588623579296,15,'O1',0,0,'E0',0,0,0,0,1,0,1,0,1,1,1,0,0,0,'33_Trivoli','square_trivoli_4');
INSERT INTO checkpoint(id, titreActivite,nombreEquipe, absorption, positionX, positionY, duree, originalite, obligatoire, regionnal, europeen, interaction, vivreEnsemble, creatif, intellectuel, physique, theatre, stimulante, fierte, funitude, confrontation, mobilisation, proximite, institution,kehl, groupe, name) VALUES (312,'CoursedeGarçonsdeCafe',0,8,7.759689688682555,48.596225053586537,15,'O1',0,0,'E0',0,0,0,0,1,0,1,0,1,1,1,0,0,0,'33_Trivoli','square_trivoli_5');
INSERT INTO checkpoint(id, titreActivite,nombreEquipe, absorption, positionX, positionY, duree, originalite, obligatoire, regionnal, europeen, interaction, vivreEnsemble, creatif, intellectuel, physique, theatre, stimulante, fierte, funitude, confrontation, mobilisation, proximite, institution,kehl, groupe, name) VALUES (313,'ListenUp',0,12,7.759716510772705,48.596549677927364,10,'O2',0,0,'E0',0,0,1,0,0,0,0,0,1,0,1,0,0,0,'12_Trivoli','square_trivoli_T_6');
INSERT INTO checkpoint(id, titreActivite,nombreEquipe, absorption, positionX, positionY, duree, originalite, obligatoire, regionnal, europeen, interaction, vivreEnsemble, creatif, intellectuel, physique, theatre, stimulante, fierte, funitude, confrontation, mobilisation, proximite, institution,kehl, groupe, name) VALUES (314,'ListenUp',0,12,7.759931087493897,48.596492913165797,10,'O2',0,0,'E0',0,0,1,0,0,0,0,0,1,0,1,0,0,0,'12_Trivoli','square_trivoli_T_7');
INSERT INTO checkpoint(id, titreActivite,nombreEquipe, absorption, positionX, positionY, duree, originalite, obligatoire, regionnal, europeen, interaction, vivreEnsemble, creatif, intellectuel, physique, theatre, stimulante, fierte, funitude, confrontation, mobilisation, proximite, institution,kehl, groupe, name) VALUES (315,'ListenUp',0,12,7.760167121887207,48.596443243947107,10,'O2',0,0,'E0',0,0,1,0,0,0,0,0,1,0,1,0,0,0,'12_Trivoli','square_trivoli_T_8');
INSERT INTO checkpoint(id, titreActivite,nombreEquipe, absorption, positionX, positionY, duree, originalite, obligatoire, regionnal, europeen, interaction, vivreEnsemble, creatif, intellectuel, physique, theatre, stimulante, fierte, funitude, confrontation, mobilisation, proximite, institution,kehl, groupe, name) VALUES (316,'Blasondequipes',0,12,7.748295664787293,48.582505551319322,10,'O1',0,1,'E0',0,0,1,0,0,0,0,0,0,0,0,0,0,0,'13_MarcheNeuf','T_place_du_marche_neuf_1');
INSERT INTO checkpoint(id, titreActivite,nombreEquipe, absorption, positionX, positionY, duree, originalite, obligatoire, regionnal, europeen, interaction, vivreEnsemble, creatif, intellectuel, physique, theatre, stimulante, fierte, funitude, confrontation, mobilisation, proximite, institution,kehl, groupe, name) VALUES (317,'Blasondequipes',0,12,7.748483419418335,48.582576526904923,10,'O1',0,1,'E0',0,0,1,0,0,0,0,0,0,0,0,0,0,0,'13_MarcheNeuf','T_place_du_marche_neuf_2');
INSERT INTO checkpoint(id, titreActivite,nombreEquipe, absorption, positionX, positionY, duree, originalite, obligatoire, regionnal, europeen, interaction, vivreEnsemble, creatif, intellectuel, physique, theatre, stimulante, fierte, funitude, confrontation, mobilisation, proximite, institution,kehl, groupe, name) VALUES (318,'Blasondequipes',0,12,7.748386859893798,48.5827681604882,10,'O1',0,1,'E0',0,0,1,0,0,0,0,0,0,0,0,0,0,0,'13_MarcheNeuf','T_place_du_marche_neuf_3');
INSERT INTO checkpoint(id, titreActivite,nombreEquipe, absorption, positionX, positionY, duree, originalite, obligatoire, regionnal, europeen, interaction, vivreEnsemble, creatif, intellectuel, physique, theatre, stimulante, fierte, funitude, confrontation, mobilisation, proximite, institution,kehl, groupe, name) VALUES (319,'Blasondequipes',0,12,7.748156189918518,48.582690087634596,10,'O1',0,1,'E0',0,0,1,0,0,0,0,0,0,0,0,0,0,0,'13_MarcheNeuf','T_place_du_marche_neuf_4');
INSERT INTO checkpoint(id, titreActivite,nombreEquipe, absorption, positionX, positionY, duree, originalite, obligatoire, regionnal, europeen, interaction, vivreEnsemble, creatif, intellectuel, physique, theatre, stimulante, fierte, funitude, confrontation, mobilisation, proximite, institution,kehl, groupe, name) VALUES (320,'HymnesEuropeens',0,18,7.754942178726196,48.586465836614956,10,'O1',0,0,'E1',0,0,0,1,0,0,0,1,0,1,1,0,0,0,'320','theatre_1');
INSERT INTO checkpoint(id, titreActivite,nombreEquipe, absorption, positionX, positionY, duree, originalite, obligatoire, regionnal, europeen, interaction, vivreEnsemble, creatif, intellectuel, physique, theatre, stimulante, fierte, funitude, confrontation, mobilisation, proximite, institution,kehl, groupe, name) VALUES (321,'HymnesEuropeens',0,18,7.75536060333252,48.585912267005149,10,'O1',0,0,'E1',0,0,0,1,0,0,0,1,0,1,1,0,0,0,'321','theatre_2');
INSERT INTO checkpoint(id, titreActivite,nombreEquipe, absorption, positionX, positionY, duree, originalite, obligatoire, regionnal, europeen, interaction, vivreEnsemble, creatif, intellectuel, physique, theatre, stimulante, fierte, funitude, confrontation, mobilisation, proximite, institution,kehl, groupe, name) VALUES (322,'Dixit',0,3,7.754598855972289,48.58594065533778,20,'O3',0,0,'E2',0,0,0,1,0,0,0,0,0,0,1,0,0,0,'322','theatre_3');

INSERT INTO itineraire (id, nom, distance) VALUES (0, 'itineraire numero 0',0.039329234383407415);
INSERT INTO etapes (id_itineraire, id_checkpoint, position) VALUES (0,163,0);
INSERT INTO etapes (id_itineraire, id_checkpoint, position) VALUES (0,280,1);
INSERT INTO etapes (id_itineraire, id_checkpoint, position) VALUES (0,285,2);
INSERT INTO etapes (id_itineraire, id_checkpoint, position) VALUES (0,179,3);
INSERT INTO etapes (id_itineraire, id_checkpoint, position) VALUES (0,138,4);
INSERT INTO etapes (id_itineraire, id_checkpoint, position) VALUES (0,229,5);
INSERT INTO etapes (id_itineraire, id_checkpoint, position) VALUES (0,42,6);

INSERT INTO itineraire (id, nom, distance) VALUES (1, 'itineraire numero 1',0.039448410265023895);
INSERT INTO etapes (id_itineraire, id_checkpoint, position) VALUES (1,163,0);
INSERT INTO etapes (id_itineraire, id_checkpoint, position) VALUES (1,280,1);
INSERT INTO etapes (id_itineraire, id_checkpoint, position) VALUES (1,285,2);
INSERT INTO etapes (id_itineraire, id_checkpoint, position) VALUES (1,179,3);
INSERT INTO etapes (id_itineraire, id_checkpoint, position) VALUES (1,138,4);
INSERT INTO etapes (id_itineraire, id_checkpoint, position) VALUES (1,253,5);
INSERT INTO etapes (id_itineraire, id_checkpoint, position) VALUES (1,42,6);

INSERT INTO itineraire (id, nom, distance) VALUES (2, 'itineraire numero 2',0.03586269461141661);
INSERT INTO etapes (id_itineraire, id_checkpoint, position) VALUES (2,163,0);
INSERT INTO etapes (id_itineraire, id_checkpoint, position) VALUES (2,280,1);
INSERT INTO etapes (id_itineraire, id_checkpoint, position) VALUES (2,285,2);
INSERT INTO etapes (id_itineraire, id_checkpoint, position) VALUES (2,179,3);
INSERT INTO etapes (id_itineraire, id_checkpoint, position) VALUES (2,138,4);
INSERT INTO etapes (id_itineraire, id_checkpoint, position) VALUES (2,115,5);
INSERT INTO etapes (id_itineraire, id_checkpoint, position) VALUES (2,14,6);

INSERT INTO itineraire (id, nom, distance) VALUES (3, 'itineraire numero 3',0.04103644778891276);
INSERT INTO etapes (id_itineraire, id_checkpoint, position) VALUES (3,163,0);
INSERT INTO etapes (id_itineraire, id_checkpoint, position) VALUES (3,280,1);
INSERT INTO etapes (id_itineraire, id_checkpoint, position) VALUES (3,285,2);
INSERT INTO etapes (id_itineraire, id_checkpoint, position) VALUES (3,179,3);
INSERT INTO etapes (id_itineraire, id_checkpoint, position) VALUES (3,138,4);
INSERT INTO etapes (id_itineraire, id_checkpoint, position) VALUES (3,115,5);
INSERT INTO etapes (id_itineraire, id_checkpoint, position) VALUES (3,29,6);

INSERT INTO itineraire (id, nom, distance) VALUES (4, 'itineraire numero 4',0.04959027155243266);
INSERT INTO etapes (id_itineraire, id_checkpoint, position) VALUES (4,163,0);
INSERT INTO etapes (id_itineraire, id_checkpoint, position) VALUES (4,280,1);
INSERT INTO etapes (id_itineraire, id_checkpoint, position) VALUES (4,285,2);
INSERT INTO etapes (id_itineraire, id_checkpoint, position) VALUES (4,179,3);
INSERT INTO etapes (id_itineraire, id_checkpoint, position) VALUES (4,138,4);
INSERT INTO etapes (id_itineraire, id_checkpoint, position) VALUES (4,11,5);
INSERT INTO etapes (id_itineraire, id_checkpoint, position) VALUES (4,14,6);

INSERT INTO itineraire (id, nom, distance) VALUES (5, 'itineraire numero 5',0.04451336886626289);
INSERT INTO etapes (id_itineraire, id_checkpoint, position) VALUES (5,163,0);
INSERT INTO etapes (id_itineraire, id_checkpoint, position) VALUES (5,280,1);
INSERT INTO etapes (id_itineraire, id_checkpoint, position) VALUES (5,285,2);
INSERT INTO etapes (id_itineraire, id_checkpoint, position) VALUES (5,179,3);
INSERT INTO etapes (id_itineraire, id_checkpoint, position) VALUES (5,138,4);
INSERT INTO etapes (id_itineraire, id_checkpoint, position) VALUES (5,11,5);
INSERT INTO etapes (id_itineraire, id_checkpoint, position) VALUES (5,29,6);

INSERT INTO itineraire (id, nom, distance) VALUES (6, 'itineraire numero 6',0.03951647212230696);
INSERT INTO etapes (id_itineraire, id_checkpoint, position) VALUES (6,163,0);
INSERT INTO etapes (id_itineraire, id_checkpoint, position) VALUES (6,280,1);
INSERT INTO etapes (id_itineraire, id_checkpoint, position) VALUES (6,284,2);
INSERT INTO etapes (id_itineraire, id_checkpoint, position) VALUES (6,179,3);
INSERT INTO etapes (id_itineraire, id_checkpoint, position) VALUES (6,138,4);
INSERT INTO etapes (id_itineraire, id_checkpoint, position) VALUES (6,229,5);
INSERT INTO etapes (id_itineraire, id_checkpoint, position) VALUES (6,42,6);

INSERT INTO itineraire (id, nom, distance) VALUES (7, 'itineraire numero 7',0.03963564800392344);
INSERT INTO etapes (id_itineraire, id_checkpoint, position) VALUES (7,163,0);
INSERT INTO etapes (id_itineraire, id_checkpoint, position) VALUES (7,280,1);
INSERT INTO etapes (id_itineraire, id_checkpoint, position) VALUES (7,284,2);
INSERT INTO etapes (id_itineraire, id_checkpoint, position) VALUES (7,179,3);
INSERT INTO etapes (id_itineraire, id_checkpoint, position) VALUES (7,138,4);
INSERT INTO etapes (id_itineraire, id_checkpoint, position) VALUES (7,253,5);
INSERT INTO etapes (id_itineraire, id_checkpoint, position) VALUES (7,42,6);

INSERT INTO itineraire (id, nom, distance) VALUES (8, 'itineraire numero 8',0.049777509291332206);
INSERT INTO etapes (id_itineraire, id_checkpoint, position) VALUES (8,163,0);
INSERT INTO etapes (id_itineraire, id_checkpoint, position) VALUES (8,280,1);
INSERT INTO etapes (id_itineraire, id_checkpoint, position) VALUES (8,284,2);
INSERT INTO etapes (id_itineraire, id_checkpoint, position) VALUES (8,179,3);
INSERT INTO etapes (id_itineraire, id_checkpoint, position) VALUES (8,138,4);
INSERT INTO etapes (id_itineraire, id_checkpoint, position) VALUES (8,11,5);
INSERT INTO etapes (id_itineraire, id_checkpoint, position) VALUES (8,14,6);

INSERT INTO itineraire (id, nom, distance) VALUES (9, 'itineraire numero 9',0.044700606605162445);
INSERT INTO etapes (id_itineraire, id_checkpoint, position) VALUES (9,163,0);
INSERT INTO etapes (id_itineraire, id_checkpoint, position) VALUES (9,280,1);
INSERT INTO etapes (id_itineraire, id_checkpoint, position) VALUES (9,284,2);
INSERT INTO etapes (id_itineraire, id_checkpoint, position) VALUES (9,179,3);
INSERT INTO etapes (id_itineraire, id_checkpoint, position) VALUES (9,138,4);
INSERT INTO etapes (id_itineraire, id_checkpoint, position) VALUES (9,11,5);
INSERT INTO etapes (id_itineraire, id_checkpoint, position) VALUES (9,29,6);

INSERT INTO itineraire (id, nom, distance) VALUES (10, 'itineraire numero 10',0.04034579768540661);
INSERT INTO etapes (id_itineraire, id_checkpoint, position) VALUES (10,163,0);
INSERT INTO etapes (id_itineraire, id_checkpoint, position) VALUES (10,280,1);
INSERT INTO etapes (id_itineraire, id_checkpoint, position) VALUES (10,205,2);
INSERT INTO etapes (id_itineraire, id_checkpoint, position) VALUES (10,179,3);
INSERT INTO etapes (id_itineraire, id_checkpoint, position) VALUES (10,138,4);
INSERT INTO etapes (id_itineraire, id_checkpoint, position) VALUES (10,229,5);
INSERT INTO etapes (id_itineraire, id_checkpoint, position) VALUES (10,42,6);

INSERT INTO itineraire (id, nom, distance) VALUES (11, 'itineraire numero 11',0.04046497356702309);
INSERT INTO etapes (id_itineraire, id_checkpoint, position) VALUES (11,163,0);
INSERT INTO etapes (id_itineraire, id_checkpoint, position) VALUES (11,280,1);
INSERT INTO etapes (id_itineraire, id_checkpoint, position) VALUES (11,205,2);
INSERT INTO etapes (id_itineraire, id_checkpoint, position) VALUES (11,179,3);
INSERT INTO etapes (id_itineraire, id_checkpoint, position) VALUES (11,138,4);
INSERT INTO etapes (id_itineraire, id_checkpoint, position) VALUES (11,253,5);
INSERT INTO etapes (id_itineraire, id_checkpoint, position) VALUES (11,42,6);

INSERT INTO itineraire (id, nom, distance) VALUES (12, 'itineraire numero 12',0.04606978430532566);
INSERT INTO etapes (id_itineraire, id_checkpoint, position) VALUES (12,298,0);
INSERT INTO etapes (id_itineraire, id_checkpoint, position) VALUES (12,280,1);
INSERT INTO etapes (id_itineraire, id_checkpoint, position) VALUES (12,22,2);
INSERT INTO etapes (id_itineraire, id_checkpoint, position) VALUES (12,179,3);
INSERT INTO etapes (id_itineraire, id_checkpoint, position) VALUES (12,138,4);
INSERT INTO etapes (id_itineraire, id_checkpoint, position) VALUES (12,229,5);
INSERT INTO etapes (id_itineraire, id_checkpoint, position) VALUES (12,42,6);

INSERT INTO itineraire (id, nom, distance) VALUES (13, 'itineraire numero 13',0.04618896018694214);
INSERT INTO etapes (id_itineraire, id_checkpoint, position) VALUES (13,298,0);
INSERT INTO etapes (id_itineraire, id_checkpoint, position) VALUES (13,280,1);
INSERT INTO etapes (id_itineraire, id_checkpoint, position) VALUES (13,22,2);
INSERT INTO etapes (id_itineraire, id_checkpoint, position) VALUES (13,179,3);
INSERT INTO etapes (id_itineraire, id_checkpoint, position) VALUES (13,138,4);
INSERT INTO etapes (id_itineraire, id_checkpoint, position) VALUES (13,253,5);
INSERT INTO etapes (id_itineraire, id_checkpoint, position) VALUES (13,42,6);

INSERT INTO itineraire (id, nom, distance) VALUES (14, 'itineraire numero 14',0.04626548809902827);
INSERT INTO etapes (id_itineraire, id_checkpoint, position) VALUES (14,298,0);
INSERT INTO etapes (id_itineraire, id_checkpoint, position) VALUES (14,280,1);
INSERT INTO etapes (id_itineraire, id_checkpoint, position) VALUES (14,23,2);
INSERT INTO etapes (id_itineraire, id_checkpoint, position) VALUES (14,179,3);
INSERT INTO etapes (id_itineraire, id_checkpoint, position) VALUES (14,138,4);
INSERT INTO etapes (id_itineraire, id_checkpoint, position) VALUES (14,229,5);
INSERT INTO etapes (id_itineraire, id_checkpoint, position) VALUES (14,43,6);

INSERT INTO itineraire (id, nom, distance) VALUES (15, 'itineraire numero 15',0.04638466398064475);
INSERT INTO etapes (id_itineraire, id_checkpoint, position) VALUES (15,298,0);
INSERT INTO etapes (id_itineraire, id_checkpoint, position) VALUES (15,280,1);
INSERT INTO etapes (id_itineraire, id_checkpoint, position) VALUES (15,23,2);
INSERT INTO etapes (id_itineraire, id_checkpoint, position) VALUES (15,179,3);
INSERT INTO etapes (id_itineraire, id_checkpoint, position) VALUES (15,138,4);
INSERT INTO etapes (id_itineraire, id_checkpoint, position) VALUES (15,253,5);
INSERT INTO etapes (id_itineraire, id_checkpoint, position) VALUES (15,43,6);

INSERT INTO itineraire (id, nom, distance) VALUES (16, 'itineraire numero 16',0.04048737936805397);
INSERT INTO etapes (id_itineraire, id_checkpoint, position) VALUES (16,298,0);
INSERT INTO etapes (id_itineraire, id_checkpoint, position) VALUES (16,270,1);
INSERT INTO etapes (id_itineraire, id_checkpoint, position) VALUES (16,280,2);
INSERT INTO etapes (id_itineraire, id_checkpoint, position) VALUES (16,179,3);
INSERT INTO etapes (id_itineraire, id_checkpoint, position) VALUES (16,138,4);
INSERT INTO etapes (id_itineraire, id_checkpoint, position) VALUES (16,229,5);
INSERT INTO etapes (id_itineraire, id_checkpoint, position) VALUES (16,43,6);

INSERT INTO itineraire (id, nom, distance) VALUES (17, 'itineraire numero 17',0.040606555249670453);
INSERT INTO etapes (id_itineraire, id_checkpoint, position) VALUES (17,298,0);
INSERT INTO etapes (id_itineraire, id_checkpoint, position) VALUES (17,270,1);
INSERT INTO etapes (id_itineraire, id_checkpoint, position) VALUES (17,280,2);
INSERT INTO etapes (id_itineraire, id_checkpoint, position) VALUES (17,179,3);
INSERT INTO etapes (id_itineraire, id_checkpoint, position) VALUES (17,138,4);
INSERT INTO etapes (id_itineraire, id_checkpoint, position) VALUES (17,253,5);
INSERT INTO etapes (id_itineraire, id_checkpoint, position) VALUES (17,43,6);

INSERT INTO itineraire (id, nom, distance) VALUES (18, 'itineraire numero 18',0.047506440692073285);
INSERT INTO etapes (id_itineraire, id_checkpoint, position) VALUES (18,298,0);
INSERT INTO etapes (id_itineraire, id_checkpoint, position) VALUES (18,24,1);
INSERT INTO etapes (id_itineraire, id_checkpoint, position) VALUES (18,280,2);
INSERT INTO etapes (id_itineraire, id_checkpoint, position) VALUES (18,179,3);
INSERT INTO etapes (id_itineraire, id_checkpoint, position) VALUES (18,138,4);
INSERT INTO etapes (id_itineraire, id_checkpoint, position) VALUES (18,229,5);
INSERT INTO etapes (id_itineraire, id_checkpoint, position) VALUES (18,43,6);

INSERT INTO itineraire (id, nom, distance) VALUES (19, 'itineraire numero 19',0.04762561657368977);
INSERT INTO etapes (id_itineraire, id_checkpoint, position) VALUES (19,298,0);
INSERT INTO etapes (id_itineraire, id_checkpoint, position) VALUES (19,24,1);
INSERT INTO etapes (id_itineraire, id_checkpoint, position) VALUES (19,280,2);
INSERT INTO etapes (id_itineraire, id_checkpoint, position) VALUES (19,179,3);
INSERT INTO etapes (id_itineraire, id_checkpoint, position) VALUES (19,138,4);
INSERT INTO etapes (id_itineraire, id_checkpoint, position) VALUES (19,253,5);
INSERT INTO etapes (id_itineraire, id_checkpoint, position) VALUES (19,43,6);

INSERT INTO itineraire (id, nom, distance) VALUES (20, 'itineraire numero 20',0.04697694340671891);
INSERT INTO etapes (id_itineraire, id_checkpoint, position) VALUES (20,298,0);
INSERT INTO etapes (id_itineraire, id_checkpoint, position) VALUES (20,179,1);
INSERT INTO etapes (id_itineraire, id_checkpoint, position) VALUES (20,280,2);
INSERT INTO etapes (id_itineraire, id_checkpoint, position) VALUES (20,138,3);
INSERT INTO etapes (id_itineraire, id_checkpoint, position) VALUES (20,272,4);
INSERT INTO etapes (id_itineraire, id_checkpoint, position) VALUES (20,14,5);
INSERT INTO etapes (id_itineraire, id_checkpoint, position) VALUES (20,43,6);

INSERT INTO itineraire (id, nom, distance) VALUES (21, 'itineraire numero 21',0.049915021197183024);
INSERT INTO etapes (id_itineraire, id_checkpoint, position) VALUES (21,298,0);
INSERT INTO etapes (id_itineraire, id_checkpoint, position) VALUES (21,272,1);
INSERT INTO etapes (id_itineraire, id_checkpoint, position) VALUES (21,280,2);
INSERT INTO etapes (id_itineraire, id_checkpoint, position) VALUES (21,179,3);
INSERT INTO etapes (id_itineraire, id_checkpoint, position) VALUES (21,138,4);
INSERT INTO etapes (id_itineraire, id_checkpoint, position) VALUES (21,229,5);
INSERT INTO etapes (id_itineraire, id_checkpoint, position) VALUES (21,43,6);

INSERT INTO itineraire (id, nom, distance) VALUES (22, 'itineraire numero 22',0.049125016160897);
INSERT INTO etapes (id_itineraire, id_checkpoint, position) VALUES (22,42,0);
INSERT INTO etapes (id_itineraire, id_checkpoint, position) VALUES (22,253,1);
INSERT INTO etapes (id_itineraire, id_checkpoint, position) VALUES (22,163,2);
INSERT INTO etapes (id_itineraire, id_checkpoint, position) VALUES (22,280,3);
INSERT INTO etapes (id_itineraire, id_checkpoint, position) VALUES (22,272,4);
INSERT INTO etapes (id_itineraire, id_checkpoint, position) VALUES (22,179,5);
INSERT INTO etapes (id_itineraire, id_checkpoint, position) VALUES (22,138,6);

INSERT INTO itineraire (id, nom, distance) VALUES (23, 'itineraire numero 23',0.04239350902703673);
INSERT INTO etapes (id_itineraire, id_checkpoint, position) VALUES (23,42,0);
INSERT INTO etapes (id_itineraire, id_checkpoint, position) VALUES (23,294,1);
INSERT INTO etapes (id_itineraire, id_checkpoint, position) VALUES (23,163,2);
INSERT INTO etapes (id_itineraire, id_checkpoint, position) VALUES (23,280,3);
INSERT INTO etapes (id_itineraire, id_checkpoint, position) VALUES (23,273,4);
INSERT INTO etapes (id_itineraire, id_checkpoint, position) VALUES (23,179,5);
INSERT INTO etapes (id_itineraire, id_checkpoint, position) VALUES (23,138,6);

INSERT INTO itineraire (id, nom, distance) VALUES (24, 'itineraire numero 24',0.042260628382833856);
INSERT INTO etapes (id_itineraire, id_checkpoint, position) VALUES (24,42,0);
INSERT INTO etapes (id_itineraire, id_checkpoint, position) VALUES (24,252,1);
INSERT INTO etapes (id_itineraire, id_checkpoint, position) VALUES (24,163,2);
INSERT INTO etapes (id_itineraire, id_checkpoint, position) VALUES (24,280,3);
INSERT INTO etapes (id_itineraire, id_checkpoint, position) VALUES (24,273,4);
INSERT INTO etapes (id_itineraire, id_checkpoint, position) VALUES (24,179,5);
INSERT INTO etapes (id_itineraire, id_checkpoint, position) VALUES (24,138,6);

INSERT INTO itineraire (id, nom, distance) VALUES (25, 'itineraire numero 25',0.04268240100267522);
INSERT INTO etapes (id_itineraire, id_checkpoint, position) VALUES (25,42,0);
INSERT INTO etapes (id_itineraire, id_checkpoint, position) VALUES (25,229,1);
INSERT INTO etapes (id_itineraire, id_checkpoint, position) VALUES (25,163,2);
INSERT INTO etapes (id_itineraire, id_checkpoint, position) VALUES (25,280,3);
INSERT INTO etapes (id_itineraire, id_checkpoint, position) VALUES (25,277,4);
INSERT INTO etapes (id_itineraire, id_checkpoint, position) VALUES (25,179,5);
INSERT INTO etapes (id_itineraire, id_checkpoint, position) VALUES (25,138,6);

INSERT INTO itineraire (id, nom, distance) VALUES (26, 'itineraire numero 26',0.042664920955935534);
INSERT INTO etapes (id_itineraire, id_checkpoint, position) VALUES (26,42,0);
INSERT INTO etapes (id_itineraire, id_checkpoint, position) VALUES (26,253,1);
INSERT INTO etapes (id_itineraire, id_checkpoint, position) VALUES (26,163,2);
INSERT INTO etapes (id_itineraire, id_checkpoint, position) VALUES (26,280,3);
INSERT INTO etapes (id_itineraire, id_checkpoint, position) VALUES (26,277,4);
INSERT INTO etapes (id_itineraire, id_checkpoint, position) VALUES (26,179,5);
INSERT INTO etapes (id_itineraire, id_checkpoint, position) VALUES (26,138,6);

INSERT INTO itineraire (id, nom, distance) VALUES (27, 'itineraire numero 27',0.05207155545992136);
INSERT INTO etapes (id_itineraire, id_checkpoint, position) VALUES (27,42,0);
INSERT INTO etapes (id_itineraire, id_checkpoint, position) VALUES (27,229,1);
INSERT INTO etapes (id_itineraire, id_checkpoint, position) VALUES (27,163,2);
INSERT INTO etapes (id_itineraire, id_checkpoint, position) VALUES (27,280,3);
INSERT INTO etapes (id_itineraire, id_checkpoint, position) VALUES (27,214,4);
INSERT INTO etapes (id_itineraire, id_checkpoint, position) VALUES (27,179,5);
INSERT INTO etapes (id_itineraire, id_checkpoint, position) VALUES (27,138,6);

INSERT INTO itineraire (id, nom, distance) VALUES (28, 'itineraire numero 28',0.052054075413181675);
INSERT INTO etapes (id_itineraire, id_checkpoint, position) VALUES (28,42,0);
INSERT INTO etapes (id_itineraire, id_checkpoint, position) VALUES (28,253,1);
INSERT INTO etapes (id_itineraire, id_checkpoint, position) VALUES (28,163,2);
INSERT INTO etapes (id_itineraire, id_checkpoint, position) VALUES (28,280,3);
INSERT INTO etapes (id_itineraire, id_checkpoint, position) VALUES (28,214,4);
INSERT INTO etapes (id_itineraire, id_checkpoint, position) VALUES (28,179,5);
INSERT INTO etapes (id_itineraire, id_checkpoint, position) VALUES (28,138,6);

INSERT INTO itineraire (id, nom, distance) VALUES (29, 'itineraire numero 29',0.047382329560142426);
INSERT INTO etapes (id_itineraire, id_checkpoint, position) VALUES (29,298,0);
INSERT INTO etapes (id_itineraire, id_checkpoint, position) VALUES (29,179,1);
INSERT INTO etapes (id_itineraire, id_checkpoint, position) VALUES (29,280,2);
INSERT INTO etapes (id_itineraire, id_checkpoint, position) VALUES (29,138,3);
INSERT INTO etapes (id_itineraire, id_checkpoint, position) VALUES (29,294,4);
INSERT INTO etapes (id_itineraire, id_checkpoint, position) VALUES (29,42,5);
INSERT INTO etapes (id_itineraire, id_checkpoint, position) VALUES (29,14,6);

INSERT INTO itineraire (id, nom, distance) VALUES (30, 'itineraire numero 30',0.04984652255074246);
INSERT INTO etapes (id_itineraire, id_checkpoint, position) VALUES (30,42,0);
INSERT INTO etapes (id_itineraire, id_checkpoint, position) VALUES (30,14,1);
INSERT INTO etapes (id_itineraire, id_checkpoint, position) VALUES (30,268,2);
INSERT INTO etapes (id_itineraire, id_checkpoint, position) VALUES (30,163,3);
INSERT INTO etapes (id_itineraire, id_checkpoint, position) VALUES (30,280,4);
INSERT INTO etapes (id_itineraire, id_checkpoint, position) VALUES (30,179,5);
INSERT INTO etapes (id_itineraire, id_checkpoint, position) VALUES (30,138,6);

INSERT INTO itineraire (id, nom, distance) VALUES (31, 'itineraire numero 31',0.04905446955044455);
INSERT INTO etapes (id_itineraire, id_checkpoint, position) VALUES (31,298,0);
INSERT INTO etapes (id_itineraire, id_checkpoint, position) VALUES (31,179,1);
INSERT INTO etapes (id_itineraire, id_checkpoint, position) VALUES (31,280,2);
INSERT INTO etapes (id_itineraire, id_checkpoint, position) VALUES (31,138,3);
INSERT INTO etapes (id_itineraire, id_checkpoint, position) VALUES (31,252,4);
INSERT INTO etapes (id_itineraire, id_checkpoint, position) VALUES (31,42,5);
INSERT INTO etapes (id_itineraire, id_checkpoint, position) VALUES (31,14,6);

INSERT INTO itineraire (id, nom, distance) VALUES (32, 'itineraire numero 32',0.049899931606492205);
INSERT INTO etapes (id_itineraire, id_checkpoint, position) VALUES (32,43,0);
INSERT INTO etapes (id_itineraire, id_checkpoint, position) VALUES (32,14,1);
INSERT INTO etapes (id_itineraire, id_checkpoint, position) VALUES (32,256,2);
INSERT INTO etapes (id_itineraire, id_checkpoint, position) VALUES (32,163,3);
INSERT INTO etapes (id_itineraire, id_checkpoint, position) VALUES (32,280,4);
INSERT INTO etapes (id_itineraire, id_checkpoint, position) VALUES (32,179,5);
INSERT INTO etapes (id_itineraire, id_checkpoint, position) VALUES (32,138,6);

INSERT INTO itineraire (id, nom, distance) VALUES (33, 'itineraire numero 33',0.050448184679818486);
INSERT INTO etapes (id_itineraire, id_checkpoint, position) VALUES (33,43,0);
INSERT INTO etapes (id_itineraire, id_checkpoint, position) VALUES (33,14,1);
INSERT INTO etapes (id_itineraire, id_checkpoint, position) VALUES (33,255,2);
INSERT INTO etapes (id_itineraire, id_checkpoint, position) VALUES (33,163,3);
INSERT INTO etapes (id_itineraire, id_checkpoint, position) VALUES (33,280,4);
INSERT INTO etapes (id_itineraire, id_checkpoint, position) VALUES (33,179,5);
INSERT INTO etapes (id_itineraire, id_checkpoint, position) VALUES (33,138,6);

INSERT INTO itineraire (id, nom, distance) VALUES (34, 'itineraire numero 34',0.05297654887748669);
INSERT INTO etapes (id_itineraire, id_checkpoint, position) VALUES (34,43,0);
INSERT INTO etapes (id_itineraire, id_checkpoint, position) VALUES (34,294,1);
INSERT INTO etapes (id_itineraire, id_checkpoint, position) VALUES (34,163,2);
INSERT INTO etapes (id_itineraire, id_checkpoint, position) VALUES (34,280,3);
INSERT INTO etapes (id_itineraire, id_checkpoint, position) VALUES (34,241,4);
INSERT INTO etapes (id_itineraire, id_checkpoint, position) VALUES (34,179,5);
INSERT INTO etapes (id_itineraire, id_checkpoint, position) VALUES (34,138,6);

INSERT INTO itineraire (id, nom, distance) VALUES (35, 'itineraire numero 35',0.056690609952588046);
INSERT INTO etapes (id_itineraire, id_checkpoint, position) VALUES (35,280,0);
INSERT INTO etapes (id_itineraire, id_checkpoint, position) VALUES (35,163,1);
INSERT INTO etapes (id_itineraire, id_checkpoint, position) VALUES (35,294,2);
INSERT INTO etapes (id_itineraire, id_checkpoint, position) VALUES (35,42,3);
INSERT INTO etapes (id_itineraire, id_checkpoint, position) VALUES (35,229,4);
INSERT INTO etapes (id_itineraire, id_checkpoint, position) VALUES (35,179,5);
INSERT INTO etapes (id_itineraire, id_checkpoint, position) VALUES (35,138,6);

INSERT INTO itineraire (id, nom, distance) VALUES (36, 'itineraire numero 36',0.039808470589890274);
INSERT INTO etapes (id_itineraire, id_checkpoint, position) VALUES (36,280,0);
INSERT INTO etapes (id_itineraire, id_checkpoint, position) VALUES (36,163,1);
INSERT INTO etapes (id_itineraire, id_checkpoint, position) VALUES (36,179,2);
INSERT INTO etapes (id_itineraire, id_checkpoint, position) VALUES (36,138,3);
INSERT INTO etapes (id_itineraire, id_checkpoint, position) VALUES (36,294,4);
INSERT INTO etapes (id_itineraire, id_checkpoint, position) VALUES (36,42,5);
INSERT INTO etapes (id_itineraire, id_checkpoint, position) VALUES (36,29,6);

INSERT INTO itineraire (id, nom, distance) VALUES (37, 'itineraire numero 37',0.049366349407070166);
INSERT INTO etapes (id_itineraire, id_checkpoint, position) VALUES (37,43,0);
INSERT INTO etapes (id_itineraire, id_checkpoint, position) VALUES (37,294,1);
INSERT INTO etapes (id_itineraire, id_checkpoint, position) VALUES (37,163,2);
INSERT INTO etapes (id_itineraire, id_checkpoint, position) VALUES (37,280,3);
INSERT INTO etapes (id_itineraire, id_checkpoint, position) VALUES (37,254,4);
INSERT INTO etapes (id_itineraire, id_checkpoint, position) VALUES (37,179,5);
INSERT INTO etapes (id_itineraire, id_checkpoint, position) VALUES (37,138,6);

INSERT INTO itineraire (id, nom, distance) VALUES (38, 'itineraire numero 38',0.056554781372297185);
INSERT INTO etapes (id_itineraire, id_checkpoint, position) VALUES (38,280,0);
INSERT INTO etapes (id_itineraire, id_checkpoint, position) VALUES (38,163,1);
INSERT INTO etapes (id_itineraire, id_checkpoint, position) VALUES (38,294,2);
INSERT INTO etapes (id_itineraire, id_checkpoint, position) VALUES (38,42,3);
INSERT INTO etapes (id_itineraire, id_checkpoint, position) VALUES (38,253,4);
INSERT INTO etapes (id_itineraire, id_checkpoint, position) VALUES (38,179,5);
INSERT INTO etapes (id_itineraire, id_checkpoint, position) VALUES (38,138,6);

INSERT INTO itineraire (id, nom, distance) VALUES (39, 'itineraire numero 39',0.04224085639127273);
INSERT INTO etapes (id_itineraire, id_checkpoint, position) VALUES (39,43,0);
INSERT INTO etapes (id_itineraire, id_checkpoint, position) VALUES (39,229,1);
INSERT INTO etapes (id_itineraire, id_checkpoint, position) VALUES (39,163,2);
INSERT INTO etapes (id_itineraire, id_checkpoint, position) VALUES (39,280,3);
INSERT INTO etapes (id_itineraire, id_checkpoint, position) VALUES (39,296,4);
INSERT INTO etapes (id_itineraire, id_checkpoint, position) VALUES (39,179,5);
INSERT INTO etapes (id_itineraire, id_checkpoint, position) VALUES (39,138,6);

INSERT INTO itineraire (id, nom, distance) VALUES (40, 'itineraire numero 40',0.04222337634453304);
INSERT INTO etapes (id_itineraire, id_checkpoint, position) VALUES (40,43,0);
INSERT INTO etapes (id_itineraire, id_checkpoint, position) VALUES (40,253,1);
INSERT INTO etapes (id_itineraire, id_checkpoint, position) VALUES (40,163,2);
INSERT INTO etapes (id_itineraire, id_checkpoint, position) VALUES (40,280,3);
INSERT INTO etapes (id_itineraire, id_checkpoint, position) VALUES (40,296,4);
INSERT INTO etapes (id_itineraire, id_checkpoint, position) VALUES (40,179,5);
INSERT INTO etapes (id_itineraire, id_checkpoint, position) VALUES (40,138,6);

INSERT INTO itineraire (id, nom, distance) VALUES (41, 'itineraire numero 41',0.046820113323780485);
INSERT INTO etapes (id_itineraire, id_checkpoint, position) VALUES (41,43,0);
INSERT INTO etapes (id_itineraire, id_checkpoint, position) VALUES (41,229,1);
INSERT INTO etapes (id_itineraire, id_checkpoint, position) VALUES (41,163,2);
INSERT INTO etapes (id_itineraire, id_checkpoint, position) VALUES (41,280,3);
INSERT INTO etapes (id_itineraire, id_checkpoint, position) VALUES (41,189,4);
INSERT INTO etapes (id_itineraire, id_checkpoint, position) VALUES (41,179,5);
INSERT INTO etapes (id_itineraire, id_checkpoint, position) VALUES (41,138,6);

INSERT INTO itineraire (id, nom, distance) VALUES (42, 'itineraire numero 42',0.0468026332770408);
INSERT INTO etapes (id_itineraire, id_checkpoint, position) VALUES (42,43,0);
INSERT INTO etapes (id_itineraire, id_checkpoint, position) VALUES (42,253,1);
INSERT INTO etapes (id_itineraire, id_checkpoint, position) VALUES (42,298,2);
INSERT INTO etapes (id_itineraire, id_checkpoint, position) VALUES (42,280,3);
INSERT INTO etapes (id_itineraire, id_checkpoint, position) VALUES (42,189,4);
INSERT INTO etapes (id_itineraire, id_checkpoint, position) VALUES (42,179,5);
INSERT INTO etapes (id_itineraire, id_checkpoint, position) VALUES (42,138,6);

INSERT INTO itineraire (id, nom, distance) VALUES (43, 'itineraire numero 43',0.045180741732785454);
INSERT INTO etapes (id_itineraire, id_checkpoint, position) VALUES (43,280,0);
INSERT INTO etapes (id_itineraire, id_checkpoint, position) VALUES (43,163,1);
INSERT INTO etapes (id_itineraire, id_checkpoint, position) VALUES (43,179,2);
INSERT INTO etapes (id_itineraire, id_checkpoint, position) VALUES (43,138,3);
INSERT INTO etapes (id_itineraire, id_checkpoint, position) VALUES (43,229,4);
INSERT INTO etapes (id_itineraire, id_checkpoint, position) VALUES (43,42,5);
INSERT INTO etapes (id_itineraire, id_checkpoint, position) VALUES (43,85,6);

INSERT INTO itineraire (id, nom, distance) VALUES (44, 'itineraire numero 44',0.056776940905929926);
INSERT INTO etapes (id_itineraire, id_checkpoint, position) VALUES (44,280,0);
INSERT INTO etapes (id_itineraire, id_checkpoint, position) VALUES (44,163,1);
INSERT INTO etapes (id_itineraire, id_checkpoint, position) VALUES (44,229,2);
INSERT INTO etapes (id_itineraire, id_checkpoint, position) VALUES (44,42,3);
INSERT INTO etapes (id_itineraire, id_checkpoint, position) VALUES (44,252,4);
INSERT INTO etapes (id_itineraire, id_checkpoint, position) VALUES (44,179,5);
INSERT INTO etapes (id_itineraire, id_checkpoint, position) VALUES (44,138,6);

INSERT INTO itineraire (id, nom, distance) VALUES (45, 'itineraire numero 45',0.04529991761440193);
INSERT INTO etapes (id_itineraire, id_checkpoint, position) VALUES (45,280,0);
INSERT INTO etapes (id_itineraire, id_checkpoint, position) VALUES (45,163,1);
INSERT INTO etapes (id_itineraire, id_checkpoint, position) VALUES (45,179,2);
INSERT INTO etapes (id_itineraire, id_checkpoint, position) VALUES (45,138,3);
INSERT INTO etapes (id_itineraire, id_checkpoint, position) VALUES (45,253,4);
INSERT INTO etapes (id_itineraire, id_checkpoint, position) VALUES (45,42,5);
INSERT INTO etapes (id_itineraire, id_checkpoint, position) VALUES (45,85,6);

INSERT INTO itineraire (id, nom, distance) VALUES (46, 'itineraire numero 46',0.041480610580192395);
INSERT INTO etapes (id_itineraire, id_checkpoint, position) VALUES (46,280,0);
INSERT INTO etapes (id_itineraire, id_checkpoint, position) VALUES (46,163,1);
INSERT INTO etapes (id_itineraire, id_checkpoint, position) VALUES (46,179,2);
INSERT INTO etapes (id_itineraire, id_checkpoint, position) VALUES (46,138,3);
INSERT INTO etapes (id_itineraire, id_checkpoint, position) VALUES (46,252,4);
INSERT INTO etapes (id_itineraire, id_checkpoint, position) VALUES (46,42,5);
INSERT INTO etapes (id_itineraire, id_checkpoint, position) VALUES (46,29,6);

INSERT INTO itineraire (id, nom, distance) VALUES (47, 'itineraire numero 47',0.05642190072809431);
INSERT INTO etapes (id_itineraire, id_checkpoint, position) VALUES (47,280,0);
INSERT INTO etapes (id_itineraire, id_checkpoint, position) VALUES (47,163,1);
INSERT INTO etapes (id_itineraire, id_checkpoint, position) VALUES (47,252,2);
INSERT INTO etapes (id_itineraire, id_checkpoint, position) VALUES (47,42,3);
INSERT INTO etapes (id_itineraire, id_checkpoint, position) VALUES (47,253,4);
INSERT INTO etapes (id_itineraire, id_checkpoint, position) VALUES (47,179,5);
INSERT INTO etapes (id_itineraire, id_checkpoint, position) VALUES (47,138,6);

INSERT INTO itineraire (id, nom, distance) VALUES (48, 'itineraire numero 48',0.04168426824411468);
INSERT INTO etapes (id_itineraire, id_checkpoint, position) VALUES (48,280,0);
INSERT INTO etapes (id_itineraire, id_checkpoint, position) VALUES (48,163,1);
INSERT INTO etapes (id_itineraire, id_checkpoint, position) VALUES (48,205,2);
INSERT INTO etapes (id_itineraire, id_checkpoint, position) VALUES (48,179,3);
INSERT INTO etapes (id_itineraire, id_checkpoint, position) VALUES (48,138,4);
INSERT INTO etapes (id_itineraire, id_checkpoint, position) VALUES (48,115,5);
INSERT INTO etapes (id_itineraire, id_checkpoint, position) VALUES (48,14,6);

INSERT INTO itineraire (id, nom, distance) VALUES (49, 'itineraire numero 49',0.04685802142161083);
INSERT INTO etapes (id_itineraire, id_checkpoint, position) VALUES (49,280,0);
INSERT INTO etapes (id_itineraire, id_checkpoint, position) VALUES (49,163,1);
INSERT INTO etapes (id_itineraire, id_checkpoint, position) VALUES (49,205,2);
INSERT INTO etapes (id_itineraire, id_checkpoint, position) VALUES (49,179,3);
INSERT INTO etapes (id_itineraire, id_checkpoint, position) VALUES (49,138,4);
INSERT INTO etapes (id_itineraire, id_checkpoint, position) VALUES (49,115,5);
INSERT INTO etapes (id_itineraire, id_checkpoint, position) VALUES (49,29,6);

INSERT INTO itineraire (id, nom, distance) VALUES (50, 'itineraire numero 50',0.04182000300239943);
INSERT INTO etapes (id_itineraire, id_checkpoint, position) VALUES (50,280,0);
INSERT INTO etapes (id_itineraire, id_checkpoint, position) VALUES (50,163,1);
INSERT INTO etapes (id_itineraire, id_checkpoint, position) VALUES (50,270,2);
INSERT INTO etapes (id_itineraire, id_checkpoint, position) VALUES (50,179,3);
INSERT INTO etapes (id_itineraire, id_checkpoint, position) VALUES (50,138,4);
INSERT INTO etapes (id_itineraire, id_checkpoint, position) VALUES (50,115,5);
INSERT INTO etapes (id_itineraire, id_checkpoint, position) VALUES (50,14,6);

INSERT INTO itineraire (id, nom, distance) VALUES (51, 'itineraire numero 51',0.046993756179895575);
INSERT INTO etapes (id_itineraire, id_checkpoint, position) VALUES (51,280,0);
INSERT INTO etapes (id_itineraire, id_checkpoint, position) VALUES (51,163,1);
INSERT INTO etapes (id_itineraire, id_checkpoint, position) VALUES (51,270,2);
INSERT INTO etapes (id_itineraire, id_checkpoint, position) VALUES (51,179,3);
INSERT INTO etapes (id_itineraire, id_checkpoint, position) VALUES (51,138,4);
INSERT INTO etapes (id_itineraire, id_checkpoint, position) VALUES (51,115,5);
INSERT INTO etapes (id_itineraire, id_checkpoint, position) VALUES (51,29,6);

INSERT INTO itineraire (id, nom, distance) VALUES (52, 'itineraire numero 52',0.035899223869419516);
INSERT INTO etapes (id_itineraire, id_checkpoint, position) VALUES (52,280,0);
INSERT INTO etapes (id_itineraire, id_checkpoint, position) VALUES (52,298,1);
INSERT INTO etapes (id_itineraire, id_checkpoint, position) VALUES (52,277,2);
INSERT INTO etapes (id_itineraire, id_checkpoint, position) VALUES (52,179,3);
INSERT INTO etapes (id_itineraire, id_checkpoint, position) VALUES (52,138,4);
INSERT INTO etapes (id_itineraire, id_checkpoint, position) VALUES (52,115,5);
INSERT INTO etapes (id_itineraire, id_checkpoint, position) VALUES (52,14,6);

INSERT INTO itineraire (id, nom, distance) VALUES (53, 'itineraire numero 53',0.04107297704691566);
INSERT INTO etapes (id_itineraire, id_checkpoint, position) VALUES (53,280,0);
INSERT INTO etapes (id_itineraire, id_checkpoint, position) VALUES (53,298,1);
INSERT INTO etapes (id_itineraire, id_checkpoint, position) VALUES (53,277,2);
INSERT INTO etapes (id_itineraire, id_checkpoint, position) VALUES (53,179,3);
INSERT INTO etapes (id_itineraire, id_checkpoint, position) VALUES (53,138,4);
INSERT INTO etapes (id_itineraire, id_checkpoint, position) VALUES (53,115,5);
INSERT INTO etapes (id_itineraire, id_checkpoint, position) VALUES (53,29,6);

INSERT INTO itineraire (id, nom, distance) VALUES (54, 'itineraire numero 54',0.05232166877538899);
INSERT INTO etapes (id_itineraire, id_checkpoint, position) VALUES (54,280,0);
INSERT INTO etapes (id_itineraire, id_checkpoint, position) VALUES (54,298,1);
INSERT INTO etapes (id_itineraire, id_checkpoint, position) VALUES (54,214,2);
INSERT INTO etapes (id_itineraire, id_checkpoint, position) VALUES (54,179,3);
INSERT INTO etapes (id_itineraire, id_checkpoint, position) VALUES (54,138,4);
INSERT INTO etapes (id_itineraire, id_checkpoint, position) VALUES (54,116,5);
INSERT INTO etapes (id_itineraire, id_checkpoint, position) VALUES (54,14,6);

INSERT INTO itineraire (id, nom, distance) VALUES (55, 'itineraire numero 55',0.05749542195288514);
INSERT INTO etapes (id_itineraire, id_checkpoint, position) VALUES (55,280,0);
INSERT INTO etapes (id_itineraire, id_checkpoint, position) VALUES (55,298,1);
INSERT INTO etapes (id_itineraire, id_checkpoint, position) VALUES (55,214,2);
INSERT INTO etapes (id_itineraire, id_checkpoint, position) VALUES (55,179,3);
INSERT INTO etapes (id_itineraire, id_checkpoint, position) VALUES (55,138,4);
INSERT INTO etapes (id_itineraire, id_checkpoint, position) VALUES (55,116,5);
INSERT INTO etapes (id_itineraire, id_checkpoint, position) VALUES (55,29,6);

INSERT INTO itineraire (id, nom, distance) VALUES (56, 'itineraire numero 56',0.04140397787179122);
INSERT INTO etapes (id_itineraire, id_checkpoint, position) VALUES (56,14,0);
INSERT INTO etapes (id_itineraire, id_checkpoint, position) VALUES (56,115,1);
INSERT INTO etapes (id_itineraire, id_checkpoint, position) VALUES (56,298,2);
INSERT INTO etapes (id_itineraire, id_checkpoint, position) VALUES (56,280,3);
INSERT INTO etapes (id_itineraire, id_checkpoint, position) VALUES (56,296,4);
INSERT INTO etapes (id_itineraire, id_checkpoint, position) VALUES (56,179,5);
INSERT INTO etapes (id_itineraire, id_checkpoint, position) VALUES (56,138,6);

INSERT INTO itineraire (id, nom, distance) VALUES (57, 'itineraire numero 57',0.04598323480429897);
INSERT INTO etapes (id_itineraire, id_checkpoint, position) VALUES (57,14,0);
INSERT INTO etapes (id_itineraire, id_checkpoint, position) VALUES (57,115,1);
INSERT INTO etapes (id_itineraire, id_checkpoint, position) VALUES (57,298,2);
INSERT INTO etapes (id_itineraire, id_checkpoint, position) VALUES (57,280,3);
INSERT INTO etapes (id_itineraire, id_checkpoint, position) VALUES (57,189,4);
INSERT INTO etapes (id_itineraire, id_checkpoint, position) VALUES (57,179,5);
INSERT INTO etapes (id_itineraire, id_checkpoint, position) VALUES (57,138,6);

INSERT INTO itineraire (id, nom, distance) VALUES (58, 'itineraire numero 58',0.044194625931911445);
INSERT INTO etapes (id_itineraire, id_checkpoint, position) VALUES (58,14,0);
INSERT INTO etapes (id_itineraire, id_checkpoint, position) VALUES (58,115,1);
INSERT INTO etapes (id_itineraire, id_checkpoint, position) VALUES (58,298,2);
INSERT INTO etapes (id_itineraire, id_checkpoint, position) VALUES (58,280,3);
INSERT INTO etapes (id_itineraire, id_checkpoint, position) VALUES (58,180,4);
INSERT INTO etapes (id_itineraire, id_checkpoint, position) VALUES (58,179,5);
INSERT INTO etapes (id_itineraire, id_checkpoint, position) VALUES (58,138,6);

INSERT INTO itineraire (id, nom, distance) VALUES (59, 'itineraire numero 59',0.04473022254565631);
INSERT INTO etapes (id_itineraire, id_checkpoint, position) VALUES (59,14,0);
INSERT INTO etapes (id_itineraire, id_checkpoint, position) VALUES (59,115,1);
INSERT INTO etapes (id_itineraire, id_checkpoint, position) VALUES (59,298,2);
INSERT INTO etapes (id_itineraire, id_checkpoint, position) VALUES (59,181,3);
INSERT INTO etapes (id_itineraire, id_checkpoint, position) VALUES (59,280,4);
INSERT INTO etapes (id_itineraire, id_checkpoint, position) VALUES (59,179,5);
INSERT INTO etapes (id_itineraire, id_checkpoint, position) VALUES (59,138,6);

INSERT INTO itineraire (id, nom, distance) VALUES (60, 'itineraire numero 60',0.04460392640246446);
INSERT INTO etapes (id_itineraire, id_checkpoint, position) VALUES (60,14,0);
INSERT INTO etapes (id_itineraire, id_checkpoint, position) VALUES (60,115,1);
INSERT INTO etapes (id_itineraire, id_checkpoint, position) VALUES (60,298,2);
INSERT INTO etapes (id_itineraire, id_checkpoint, position) VALUES (60,182,3);
INSERT INTO etapes (id_itineraire, id_checkpoint, position) VALUES (60,280,4);
INSERT INTO etapes (id_itineraire, id_checkpoint, position) VALUES (60,179,5);
INSERT INTO etapes (id_itineraire, id_checkpoint, position) VALUES (60,138,6);

INSERT INTO itineraire (id, nom, distance) VALUES (61, 'itineraire numero 61',0.04739396312590144);
INSERT INTO etapes (id_itineraire, id_checkpoint, position) VALUES (61,14,0);
INSERT INTO etapes (id_itineraire, id_checkpoint, position) VALUES (61,115,1);
INSERT INTO etapes (id_itineraire, id_checkpoint, position) VALUES (61,298,2);
INSERT INTO etapes (id_itineraire, id_checkpoint, position) VALUES (61,194,3);
INSERT INTO etapes (id_itineraire, id_checkpoint, position) VALUES (61,280,4);
INSERT INTO etapes (id_itineraire, id_checkpoint, position) VALUES (61,179,5);
INSERT INTO etapes (id_itineraire, id_checkpoint, position) VALUES (61,138,6);

INSERT INTO itineraire (id, nom, distance) VALUES (62, 'itineraire numero 62',0.043237168989699044);
INSERT INTO etapes (id_itineraire, id_checkpoint, position) VALUES (62,14,0);
INSERT INTO etapes (id_itineraire, id_checkpoint, position) VALUES (62,115,1);
INSERT INTO etapes (id_itineraire, id_checkpoint, position) VALUES (62,298,2);
INSERT INTO etapes (id_itineraire, id_checkpoint, position) VALUES (62,232,3);
INSERT INTO etapes (id_itineraire, id_checkpoint, position) VALUES (62,280,4);
INSERT INTO etapes (id_itineraire, id_checkpoint, position) VALUES (62,179,5);
INSERT INTO etapes (id_itineraire, id_checkpoint, position) VALUES (62,138,6);

INSERT INTO itineraire (id, nom, distance) VALUES (63, 'itineraire numero 63',0.043079532153107884);
INSERT INTO etapes (id_itineraire, id_checkpoint, position) VALUES (63,14,0);
INSERT INTO etapes (id_itineraire, id_checkpoint, position) VALUES (63,115,1);
INSERT INTO etapes (id_itineraire, id_checkpoint, position) VALUES (63,298,2);
INSERT INTO etapes (id_itineraire, id_checkpoint, position) VALUES (63,260,3);
INSERT INTO etapes (id_itineraire, id_checkpoint, position) VALUES (63,280,4);
INSERT INTO etapes (id_itineraire, id_checkpoint, position) VALUES (63,179,5);
INSERT INTO etapes (id_itineraire, id_checkpoint, position) VALUES (63,138,6);

INSERT INTO itineraire (id, nom, distance) VALUES (64, 'itineraire numero 64',0.04289897783387985);
INSERT INTO etapes (id_itineraire, id_checkpoint, position) VALUES (64,14,0);
INSERT INTO etapes (id_itineraire, id_checkpoint, position) VALUES (64,116,1);
INSERT INTO etapes (id_itineraire, id_checkpoint, position) VALUES (64,298,2);
INSERT INTO etapes (id_itineraire, id_checkpoint, position) VALUES (64,267,3);
INSERT INTO etapes (id_itineraire, id_checkpoint, position) VALUES (64,280,4);
INSERT INTO etapes (id_itineraire, id_checkpoint, position) VALUES (64,179,5);
INSERT INTO etapes (id_itineraire, id_checkpoint, position) VALUES (64,138,6);

INSERT INTO itineraire (id, nom, distance) VALUES (65, 'itineraire numero 65',0.04575660056226255);
INSERT INTO etapes (id_itineraire, id_checkpoint, position) VALUES (65,14,0);
INSERT INTO etapes (id_itineraire, id_checkpoint, position) VALUES (65,116,1);
INSERT INTO etapes (id_itineraire, id_checkpoint, position) VALUES (65,298,2);
INSERT INTO etapes (id_itineraire, id_checkpoint, position) VALUES (65,148,3);
INSERT INTO etapes (id_itineraire, id_checkpoint, position) VALUES (65,280,4);
INSERT INTO etapes (id_itineraire, id_checkpoint, position) VALUES (65,179,5);
INSERT INTO etapes (id_itineraire, id_checkpoint, position) VALUES (65,138,6);

INSERT INTO itineraire (id, nom, distance) VALUES (66, 'itineraire numero 66',0.0469508342197833);
INSERT INTO etapes (id_itineraire, id_checkpoint, position) VALUES (66,296,0);
INSERT INTO etapes (id_itineraire, id_checkpoint, position) VALUES (66,298,1);
INSERT INTO etapes (id_itineraire, id_checkpoint, position) VALUES (66,280,2);
INSERT INTO etapes (id_itineraire, id_checkpoint, position) VALUES (66,179,3);
INSERT INTO etapes (id_itineraire, id_checkpoint, position) VALUES (66,138,4);
INSERT INTO etapes (id_itineraire, id_checkpoint, position) VALUES (66,116,5);
INSERT INTO etapes (id_itineraire, id_checkpoint, position) VALUES (66,29,6);

INSERT INTO itineraire (id, nom, distance) VALUES (67, 'itineraire numero 67',0.047376592002438926);
INSERT INTO etapes (id_itineraire, id_checkpoint, position) VALUES (67,189,0);
INSERT INTO etapes (id_itineraire, id_checkpoint, position) VALUES (67,298,1);
INSERT INTO etapes (id_itineraire, id_checkpoint, position) VALUES (67,280,2);
INSERT INTO etapes (id_itineraire, id_checkpoint, position) VALUES (67,179,3);
INSERT INTO etapes (id_itineraire, id_checkpoint, position) VALUES (67,138,4);
INSERT INTO etapes (id_itineraire, id_checkpoint, position) VALUES (67,116,5);
INSERT INTO etapes (id_itineraire, id_checkpoint, position) VALUES (67,29,6);

INSERT INTO itineraire (id, nom, distance) VALUES (68, 'itineraire numero 68',0.04353769332637677);
INSERT INTO etapes (id_itineraire, id_checkpoint, position) VALUES (68,180,0);
INSERT INTO etapes (id_itineraire, id_checkpoint, position) VALUES (68,298,1);
INSERT INTO etapes (id_itineraire, id_checkpoint, position) VALUES (68,280,2);
INSERT INTO etapes (id_itineraire, id_checkpoint, position) VALUES (68,179,3);
INSERT INTO etapes (id_itineraire, id_checkpoint, position) VALUES (68,138,4);
INSERT INTO etapes (id_itineraire, id_checkpoint, position) VALUES (68,116,5);
INSERT INTO etapes (id_itineraire, id_checkpoint, position) VALUES (68,29,6);

INSERT INTO itineraire (id, nom, distance) VALUES (69, 'itineraire numero 69',0.04373416289713067);
INSERT INTO etapes (id_itineraire, id_checkpoint, position) VALUES (69,181,0);
INSERT INTO etapes (id_itineraire, id_checkpoint, position) VALUES (69,298,1);
INSERT INTO etapes (id_itineraire, id_checkpoint, position) VALUES (69,280,2);
INSERT INTO etapes (id_itineraire, id_checkpoint, position) VALUES (69,179,3);
INSERT INTO etapes (id_itineraire, id_checkpoint, position) VALUES (69,138,4);
INSERT INTO etapes (id_itineraire, id_checkpoint, position) VALUES (69,116,5);
INSERT INTO etapes (id_itineraire, id_checkpoint, position) VALUES (69,29,6);

INSERT INTO itineraire (id, nom, distance) VALUES (70, 'itineraire numero 70',0.04355007805138561);
INSERT INTO etapes (id_itineraire, id_checkpoint, position) VALUES (70,182,0);
INSERT INTO etapes (id_itineraire, id_checkpoint, position) VALUES (70,298,1);
INSERT INTO etapes (id_itineraire, id_checkpoint, position) VALUES (70,280,2);
INSERT INTO etapes (id_itineraire, id_checkpoint, position) VALUES (70,179,3);
INSERT INTO etapes (id_itineraire, id_checkpoint, position) VALUES (70,138,4);
INSERT INTO etapes (id_itineraire, id_checkpoint, position) VALUES (70,116,5);
INSERT INTO etapes (id_itineraire, id_checkpoint, position) VALUES (70,29,6);

INSERT INTO itineraire (id, nom, distance) VALUES (71, 'itineraire numero 71',0.05105945745917876);
INSERT INTO etapes (id_itineraire, id_checkpoint, position) VALUES (71,194,0);
INSERT INTO etapes (id_itineraire, id_checkpoint, position) VALUES (71,298,1);
INSERT INTO etapes (id_itineraire, id_checkpoint, position) VALUES (71,280,2);
INSERT INTO etapes (id_itineraire, id_checkpoint, position) VALUES (71,179,3);
INSERT INTO etapes (id_itineraire, id_checkpoint, position) VALUES (71,138,4);
INSERT INTO etapes (id_itineraire, id_checkpoint, position) VALUES (71,116,5);
INSERT INTO etapes (id_itineraire, id_checkpoint, position) VALUES (71,29,6);

INSERT INTO itineraire (id, nom, distance) VALUES (72, 'itineraire numero 72',0.05119191849567202);
INSERT INTO etapes (id_itineraire, id_checkpoint, position) VALUES (72,85,0);
INSERT INTO etapes (id_itineraire, id_checkpoint, position) VALUES (72,29,1);
INSERT INTO etapes (id_itineraire, id_checkpoint, position) VALUES (72,115,2);
INSERT INTO etapes (id_itineraire, id_checkpoint, position) VALUES (72,163,3);
INSERT INTO etapes (id_itineraire, id_checkpoint, position) VALUES (72,280,4);
INSERT INTO etapes (id_itineraire, id_checkpoint, position) VALUES (72,179,5);
INSERT INTO etapes (id_itineraire, id_checkpoint, position) VALUES (72,138,6);

INSERT INTO itineraire (id, nom, distance) VALUES (73, 'itineraire numero 73',0.04841092216719519);
INSERT INTO etapes (id_itineraire, id_checkpoint, position) VALUES (73,29,0);
INSERT INTO etapes (id_itineraire, id_checkpoint, position) VALUES (73,116,1);
INSERT INTO etapes (id_itineraire, id_checkpoint, position) VALUES (73,298,2);
INSERT INTO etapes (id_itineraire, id_checkpoint, position) VALUES (73,232,3);
INSERT INTO etapes (id_itineraire, id_checkpoint, position) VALUES (73,280,4);
INSERT INTO etapes (id_itineraire, id_checkpoint, position) VALUES (73,179,5);
INSERT INTO etapes (id_itineraire, id_checkpoint, position) VALUES (73,138,6);

INSERT INTO itineraire (id, nom, distance) VALUES (74, 'itineraire numero 74',0.05371089507451727);
INSERT INTO etapes (id_itineraire, id_checkpoint, position) VALUES (74,29,0);
INSERT INTO etapes (id_itineraire, id_checkpoint, position) VALUES (74,116,1);
INSERT INTO etapes (id_itineraire, id_checkpoint, position) VALUES (74,260,2);
INSERT INTO etapes (id_itineraire, id_checkpoint, position) VALUES (74,163,3);
INSERT INTO etapes (id_itineraire, id_checkpoint, position) VALUES (74,280,4);
INSERT INTO etapes (id_itineraire, id_checkpoint, position) VALUES (74,179,5);
INSERT INTO etapes (id_itineraire, id_checkpoint, position) VALUES (74,138,6);

INSERT INTO itineraire (id, nom, distance) VALUES (75, 'itineraire numero 75',0.051177196287057886);
INSERT INTO etapes (id_itineraire, id_checkpoint, position) VALUES (75,29,0);
INSERT INTO etapes (id_itineraire, id_checkpoint, position) VALUES (75,116,1);
INSERT INTO etapes (id_itineraire, id_checkpoint, position) VALUES (75,267,2);
INSERT INTO etapes (id_itineraire, id_checkpoint, position) VALUES (75,163,3);
INSERT INTO etapes (id_itineraire, id_checkpoint, position) VALUES (75,280,4);
INSERT INTO etapes (id_itineraire, id_checkpoint, position) VALUES (75,179,5);
INSERT INTO etapes (id_itineraire, id_checkpoint, position) VALUES (75,138,6);

INSERT INTO itineraire (id, nom, distance) VALUES (76, 'itineraire numero 76',0.04699760582375697);
INSERT INTO etapes (id_itineraire, id_checkpoint, position) VALUES (76,29,0);
INSERT INTO etapes (id_itineraire, id_checkpoint, position) VALUES (76,116,1);
INSERT INTO etapes (id_itineraire, id_checkpoint, position) VALUES (76,148,2);
INSERT INTO etapes (id_itineraire, id_checkpoint, position) VALUES (76,163,3);
INSERT INTO etapes (id_itineraire, id_checkpoint, position) VALUES (76,280,4);
INSERT INTO etapes (id_itineraire, id_checkpoint, position) VALUES (76,179,5);
INSERT INTO etapes (id_itineraire, id_checkpoint, position) VALUES (76,138,6);

INSERT INTO itineraire (id, nom, distance) VALUES (77, 'itineraire numero 77',0.046563552468633945);
INSERT INTO etapes (id_itineraire, id_checkpoint, position) VALUES (77,214,0);
INSERT INTO etapes (id_itineraire, id_checkpoint, position) VALUES (77,298,1);
INSERT INTO etapes (id_itineraire, id_checkpoint, position) VALUES (77,280,2);
INSERT INTO etapes (id_itineraire, id_checkpoint, position) VALUES (77,179,3);
INSERT INTO etapes (id_itineraire, id_checkpoint, position) VALUES (77,138,4);
INSERT INTO etapes (id_itineraire, id_checkpoint, position) VALUES (77,155,5);
INSERT INTO etapes (id_itineraire, id_checkpoint, position) VALUES (77,14,6);

INSERT INTO itineraire (id, nom, distance) VALUES (78, 'itineraire numero 78',0.03909210085027384);
INSERT INTO etapes (id_itineraire, id_checkpoint, position) VALUES (78,14,0);
INSERT INTO etapes (id_itineraire, id_checkpoint, position) VALUES (78,155,1);
INSERT INTO etapes (id_itineraire, id_checkpoint, position) VALUES (78,280,2);
INSERT INTO etapes (id_itineraire, id_checkpoint, position) VALUES (78,163,3);
INSERT INTO etapes (id_itineraire, id_checkpoint, position) VALUES (78,180,4);
INSERT INTO etapes (id_itineraire, id_checkpoint, position) VALUES (78,179,5);
INSERT INTO etapes (id_itineraire, id_checkpoint, position) VALUES (78,138,6);

INSERT INTO itineraire (id, nom, distance) VALUES (79, 'itineraire numero 79',0.05289071460642752);
INSERT INTO etapes (id_itineraire, id_checkpoint, position) VALUES (79,14,0);
INSERT INTO etapes (id_itineraire, id_checkpoint, position) VALUES (79,155,1);
INSERT INTO etapes (id_itineraire, id_checkpoint, position) VALUES (79,194,2);
INSERT INTO etapes (id_itineraire, id_checkpoint, position) VALUES (79,163,3);
INSERT INTO etapes (id_itineraire, id_checkpoint, position) VALUES (79,280,4);
INSERT INTO etapes (id_itineraire, id_checkpoint, position) VALUES (79,179,5);
INSERT INTO etapes (id_itineraire, id_checkpoint, position) VALUES (79,138,6);

INSERT INTO itineraire (id, nom, distance) VALUES (80, 'itineraire numero 80',0.0451983239434791);
INSERT INTO etapes (id_itineraire, id_checkpoint, position) VALUES (80,14,0);
INSERT INTO etapes (id_itineraire, id_checkpoint, position) VALUES (80,155,1);
INSERT INTO etapes (id_itineraire, id_checkpoint, position) VALUES (80,267,2);
INSERT INTO etapes (id_itineraire, id_checkpoint, position) VALUES (80,163,3);
INSERT INTO etapes (id_itineraire, id_checkpoint, position) VALUES (80,179,4);
INSERT INTO etapes (id_itineraire, id_checkpoint, position) VALUES (80,280,5);
INSERT INTO etapes (id_itineraire, id_checkpoint, position) VALUES (80,138,6);

INSERT INTO itineraire (id, nom, distance) VALUES (81, 'itineraire numero 81',0.05116729828704392);
INSERT INTO etapes (id_itineraire, id_checkpoint, position) VALUES (81,14,0);
INSERT INTO etapes (id_itineraire, id_checkpoint, position) VALUES (81,11,1);
INSERT INTO etapes (id_itineraire, id_checkpoint, position) VALUES (81,179,2);
INSERT INTO etapes (id_itineraire, id_checkpoint, position) VALUES (81,163,3);
INSERT INTO etapes (id_itineraire, id_checkpoint, position) VALUES (81,205,4);
INSERT INTO etapes (id_itineraire, id_checkpoint, position) VALUES (81,280,5);
INSERT INTO etapes (id_itineraire, id_checkpoint, position) VALUES (81,138,6);

INSERT INTO itineraire (id, nom, distance) VALUES (82, 'itineraire numero 82',0.046090395600874155);
INSERT INTO etapes (id_itineraire, id_checkpoint, position) VALUES (82,29,0);
INSERT INTO etapes (id_itineraire, id_checkpoint, position) VALUES (82,11,1);
INSERT INTO etapes (id_itineraire, id_checkpoint, position) VALUES (82,179,2);
INSERT INTO etapes (id_itineraire, id_checkpoint, position) VALUES (82,163,3);
INSERT INTO etapes (id_itineraire, id_checkpoint, position) VALUES (82,205,4);
INSERT INTO etapes (id_itineraire, id_checkpoint, position) VALUES (82,280,5);
INSERT INTO etapes (id_itineraire, id_checkpoint, position) VALUES (82,138,6);

INSERT INTO itineraire (id, nom, distance) VALUES (83, 'itineraire numero 83',0.05656969591341719);
INSERT INTO etapes (id_itineraire, id_checkpoint, position) VALUES (83,14,0);
INSERT INTO etapes (id_itineraire, id_checkpoint, position) VALUES (83,11,1);
INSERT INTO etapes (id_itineraire, id_checkpoint, position) VALUES (83,179,2);
INSERT INTO etapes (id_itineraire, id_checkpoint, position) VALUES (83,298,3);
INSERT INTO etapes (id_itineraire, id_checkpoint, position) VALUES (83,22,4);
INSERT INTO etapes (id_itineraire, id_checkpoint, position) VALUES (83,280,5);
INSERT INTO etapes (id_itineraire, id_checkpoint, position) VALUES (83,138,6);

INSERT INTO itineraire (id, nom, distance) VALUES (84, 'itineraire numero 84',0.051492793227247424);
INSERT INTO etapes (id_itineraire, id_checkpoint, position) VALUES (84,29,0);
INSERT INTO etapes (id_itineraire, id_checkpoint, position) VALUES (84,11,1);
INSERT INTO etapes (id_itineraire, id_checkpoint, position) VALUES (84,179,2);
INSERT INTO etapes (id_itineraire, id_checkpoint, position) VALUES (84,298,3);
INSERT INTO etapes (id_itineraire, id_checkpoint, position) VALUES (84,22,4);
INSERT INTO etapes (id_itineraire, id_checkpoint, position) VALUES (84,280,5);
INSERT INTO etapes (id_itineraire, id_checkpoint, position) VALUES (84,138,6);

INSERT INTO itineraire (id, nom, distance) VALUES (85, 'itineraire numero 85',0.05162596398305538);
INSERT INTO etapes (id_itineraire, id_checkpoint, position) VALUES (85,29,0);
INSERT INTO etapes (id_itineraire, id_checkpoint, position) VALUES (85,11,1);
INSERT INTO etapes (id_itineraire, id_checkpoint, position) VALUES (85,179,2);
INSERT INTO etapes (id_itineraire, id_checkpoint, position) VALUES (85,298,3);
INSERT INTO etapes (id_itineraire, id_checkpoint, position) VALUES (85,23,4);
INSERT INTO etapes (id_itineraire, id_checkpoint, position) VALUES (85,280,5);
INSERT INTO etapes (id_itineraire, id_checkpoint, position) VALUES (85,138,6);

INSERT INTO itineraire (id, nom, distance) VALUES (86, 'itineraire numero 86',0.04474216892546641);
INSERT INTO etapes (id_itineraire, id_checkpoint, position) VALUES (86,29,0);
INSERT INTO etapes (id_itineraire, id_checkpoint, position) VALUES (86,11,1);
INSERT INTO etapes (id_itineraire, id_checkpoint, position) VALUES (86,179,2);
INSERT INTO etapes (id_itineraire, id_checkpoint, position) VALUES (86,298,3);
INSERT INTO etapes (id_itineraire, id_checkpoint, position) VALUES (86,270,4);
INSERT INTO etapes (id_itineraire, id_checkpoint, position) VALUES (86,280,5);
INSERT INTO etapes (id_itineraire, id_checkpoint, position) VALUES (86,138,6);

INSERT INTO itineraire (id, nom, distance) VALUES (87, 'itineraire numero 87',0.05176123024948572);
INSERT INTO etapes (id_itineraire, id_checkpoint, position) VALUES (87,29,0);
INSERT INTO etapes (id_itineraire, id_checkpoint, position) VALUES (87,11,1);
INSERT INTO etapes (id_itineraire, id_checkpoint, position) VALUES (87,179,2);
INSERT INTO etapes (id_itineraire, id_checkpoint, position) VALUES (87,298,3);
INSERT INTO etapes (id_itineraire, id_checkpoint, position) VALUES (87,24,4);
INSERT INTO etapes (id_itineraire, id_checkpoint, position) VALUES (87,280,5);
INSERT INTO etapes (id_itineraire, id_checkpoint, position) VALUES (87,138,6);

INSERT INTO itineraire (id, nom, distance) VALUES (88, 'itineraire numero 88',0.06461419369691462);
INSERT INTO etapes (id_itineraire, id_checkpoint, position) VALUES (88,272,0);
INSERT INTO etapes (id_itineraire, id_checkpoint, position) VALUES (88,14,1);
INSERT INTO etapes (id_itineraire, id_checkpoint, position) VALUES (88,11,2);
INSERT INTO etapes (id_itineraire, id_checkpoint, position) VALUES (88,179,3);
INSERT INTO etapes (id_itineraire, id_checkpoint, position) VALUES (88,163,4);
INSERT INTO etapes (id_itineraire, id_checkpoint, position) VALUES (88,280,5);
INSERT INTO etapes (id_itineraire, id_checkpoint, position) VALUES (88,138,6);

INSERT INTO itineraire (id, nom, distance) VALUES (89, 'itineraire numero 89',0.04772734444055115);
INSERT INTO etapes (id_itineraire, id_checkpoint, position) VALUES (89,29,0);
INSERT INTO etapes (id_itineraire, id_checkpoint, position) VALUES (89,11,1);
INSERT INTO etapes (id_itineraire, id_checkpoint, position) VALUES (89,272,2);
INSERT INTO etapes (id_itineraire, id_checkpoint, position) VALUES (89,298,3);
INSERT INTO etapes (id_itineraire, id_checkpoint, position) VALUES (89,179,4);
INSERT INTO etapes (id_itineraire, id_checkpoint, position) VALUES (89,280,5);
INSERT INTO etapes (id_itineraire, id_checkpoint, position) VALUES (89,138,6);

INSERT INTO itineraire (id, nom, distance) VALUES (90, 'itineraire numero 90',0.05753928752502179);
INSERT INTO etapes (id_itineraire, id_checkpoint, position) VALUES (90,29,0);
INSERT INTO etapes (id_itineraire, id_checkpoint, position) VALUES (90,308,1);
INSERT INTO etapes (id_itineraire, id_checkpoint, position) VALUES (90,138,2);
INSERT INTO etapes (id_itineraire, id_checkpoint, position) VALUES (90,298,3);
INSERT INTO etapes (id_itineraire, id_checkpoint, position) VALUES (90,214,4);
INSERT INTO etapes (id_itineraire, id_checkpoint, position) VALUES (90,280,5);
INSERT INTO etapes (id_itineraire, id_checkpoint, position) VALUES (90,179,6);

INSERT INTO itineraire (id, nom, distance) VALUES (91, 'itineraire numero 91',0.05148401330853765);
INSERT INTO etapes (id_itineraire, id_checkpoint, position) VALUES (91,29,0);
INSERT INTO etapes (id_itineraire, id_checkpoint, position) VALUES (91,96,1);
INSERT INTO etapes (id_itineraire, id_checkpoint, position) VALUES (91,179,2);
INSERT INTO etapes (id_itineraire, id_checkpoint, position) VALUES (91,298,3);
INSERT INTO etapes (id_itineraire, id_checkpoint, position) VALUES (91,214,4);
INSERT INTO etapes (id_itineraire, id_checkpoint, position) VALUES (91,280,5);
INSERT INTO etapes (id_itineraire, id_checkpoint, position) VALUES (91,138,6);

INSERT INTO itineraire (id, nom, distance) VALUES (92, 'itineraire numero 92',0.05154968805694146);
INSERT INTO etapes (id_itineraire, id_checkpoint, position) VALUES (92,29,0);
INSERT INTO etapes (id_itineraire, id_checkpoint, position) VALUES (92,107,1);
INSERT INTO etapes (id_itineraire, id_checkpoint, position) VALUES (92,179,2);
INSERT INTO etapes (id_itineraire, id_checkpoint, position) VALUES (92,298,3);
INSERT INTO etapes (id_itineraire, id_checkpoint, position) VALUES (92,214,4);
INSERT INTO etapes (id_itineraire, id_checkpoint, position) VALUES (92,280,5);
INSERT INTO etapes (id_itineraire, id_checkpoint, position) VALUES (92,138,6);

INSERT INTO itineraire (id, nom, distance) VALUES (93, 'itineraire numero 93',0.057514033297897504);
INSERT INTO etapes (id_itineraire, id_checkpoint, position) VALUES (93,11,0);
INSERT INTO etapes (id_itineraire, id_checkpoint, position) VALUES (93,14,1);
INSERT INTO etapes (id_itineraire, id_checkpoint, position) VALUES (93,294,2);
INSERT INTO etapes (id_itineraire, id_checkpoint, position) VALUES (93,298,3);
INSERT INTO etapes (id_itineraire, id_checkpoint, position) VALUES (93,179,4);
INSERT INTO etapes (id_itineraire, id_checkpoint, position) VALUES (93,280,5);
INSERT INTO etapes (id_itineraire, id_checkpoint, position) VALUES (93,138,6);

INSERT INTO itineraire (id, nom, distance) VALUES (94, 'itineraire numero 94',0.05716670313301534);
INSERT INTO etapes (id_itineraire, id_checkpoint, position) VALUES (94,11,0);
INSERT INTO etapes (id_itineraire, id_checkpoint, position) VALUES (94,14,1);
INSERT INTO etapes (id_itineraire, id_checkpoint, position) VALUES (94,268,2);
INSERT INTO etapes (id_itineraire, id_checkpoint, position) VALUES (94,298,3);
INSERT INTO etapes (id_itineraire, id_checkpoint, position) VALUES (94,179,4);
INSERT INTO etapes (id_itineraire, id_checkpoint, position) VALUES (94,280,5);
INSERT INTO etapes (id_itineraire, id_checkpoint, position) VALUES (94,138,6);

INSERT INTO itineraire (id, nom, distance) VALUES (95, 'itineraire numero 95',0.05855346120480351);
INSERT INTO etapes (id_itineraire, id_checkpoint, position) VALUES (95,11,0);
INSERT INTO etapes (id_itineraire, id_checkpoint, position) VALUES (95,14,1);
INSERT INTO etapes (id_itineraire, id_checkpoint, position) VALUES (95,252,2);
INSERT INTO etapes (id_itineraire, id_checkpoint, position) VALUES (95,298,3);
INSERT INTO etapes (id_itineraire, id_checkpoint, position) VALUES (95,179,4);
INSERT INTO etapes (id_itineraire, id_checkpoint, position) VALUES (95,280,5);
INSERT INTO etapes (id_itineraire, id_checkpoint, position) VALUES (95,138,6);

INSERT INTO itineraire (id, nom, distance) VALUES (96, 'itineraire numero 96',0.05276722177107696);
INSERT INTO etapes (id_itineraire, id_checkpoint, position) VALUES (96,11,0);
INSERT INTO etapes (id_itineraire, id_checkpoint, position) VALUES (96,14,1);
INSERT INTO etapes (id_itineraire, id_checkpoint, position) VALUES (96,256,2);
INSERT INTO etapes (id_itineraire, id_checkpoint, position) VALUES (96,138,3);
INSERT INTO etapes (id_itineraire, id_checkpoint, position) VALUES (96,163,4);
INSERT INTO etapes (id_itineraire, id_checkpoint, position) VALUES (96,179,5);
INSERT INTO etapes (id_itineraire, id_checkpoint, position) VALUES (96,280,6);

INSERT INTO itineraire (id, nom, distance) VALUES (97, 'itineraire numero 97',0.0517239066543724);
INSERT INTO etapes (id_itineraire, id_checkpoint, position) VALUES (97,11,0);
INSERT INTO etapes (id_itineraire, id_checkpoint, position) VALUES (97,14,1);
INSERT INTO etapes (id_itineraire, id_checkpoint, position) VALUES (97,255,2);
INSERT INTO etapes (id_itineraire, id_checkpoint, position) VALUES (97,138,3);
INSERT INTO etapes (id_itineraire, id_checkpoint, position) VALUES (97,163,4);
INSERT INTO etapes (id_itineraire, id_checkpoint, position) VALUES (97,179,5);
INSERT INTO etapes (id_itineraire, id_checkpoint, position) VALUES (97,280,6);

INSERT INTO itineraire (id, nom, distance) VALUES (98, 'itineraire numero 98',0.04849264591587078);
INSERT INTO etapes (id_itineraire, id_checkpoint, position) VALUES (98,85,0);
INSERT INTO etapes (id_itineraire, id_checkpoint, position) VALUES (98,29,1);
INSERT INTO etapes (id_itineraire, id_checkpoint, position) VALUES (98,11,2);
INSERT INTO etapes (id_itineraire, id_checkpoint, position) VALUES (98,179,3);
INSERT INTO etapes (id_itineraire, id_checkpoint, position) VALUES (98,163,4);
INSERT INTO etapes (id_itineraire, id_checkpoint, position) VALUES (98,138,5);
INSERT INTO etapes (id_itineraire, id_checkpoint, position) VALUES (98,280,6);

INSERT INTO itineraire (id, nom, distance) VALUES (99, 'itineraire numero 99',0.04613934938567642);
INSERT INTO etapes (id_itineraire, id_checkpoint, position) VALUES (99,29,0);
INSERT INTO etapes (id_itineraire, id_checkpoint, position) VALUES (99,308,1);
INSERT INTO etapes (id_itineraire, id_checkpoint, position) VALUES (99,138,2);
INSERT INTO etapes (id_itineraire, id_checkpoint, position) VALUES (99,180,3);
INSERT INTO etapes (id_itineraire, id_checkpoint, position) VALUES (99,163,4);
INSERT INTO etapes (id_itineraire, id_checkpoint, position) VALUES (99,179,5);
INSERT INTO etapes (id_itineraire, id_checkpoint, position) VALUES (99,280,6);

INSERT INTO itineraire (id, nom, distance) VALUES (100, 'itineraire numero 100',0.056141284985544236);
INSERT INTO etapes (id_itineraire, id_checkpoint, position) VALUES (100,29,0);
INSERT INTO etapes (id_itineraire, id_checkpoint, position) VALUES (100,308,1);
INSERT INTO etapes (id_itineraire, id_checkpoint, position) VALUES (100,138,2);
INSERT INTO etapes (id_itineraire, id_checkpoint, position) VALUES (100,194,3);
INSERT INTO etapes (id_itineraire, id_checkpoint, position) VALUES (100,163,4);
INSERT INTO etapes (id_itineraire, id_checkpoint, position) VALUES (100,179,5);
INSERT INTO etapes (id_itineraire, id_checkpoint, position) VALUES (100,280,6);

INSERT INTO itineraire (id, nom, distance) VALUES (101, 'itineraire numero 101',0.04996990795121524);
INSERT INTO etapes (id_itineraire, id_checkpoint, position) VALUES (101,85,0);
INSERT INTO etapes (id_itineraire, id_checkpoint, position) VALUES (101,29,1);
INSERT INTO etapes (id_itineraire, id_checkpoint, position) VALUES (101,308,2);
INSERT INTO etapes (id_itineraire, id_checkpoint, position) VALUES (101,138,3);
INSERT INTO etapes (id_itineraire, id_checkpoint, position) VALUES (101,163,4);
INSERT INTO etapes (id_itineraire, id_checkpoint, position) VALUES (101,179,5);
INSERT INTO etapes (id_itineraire, id_checkpoint, position) VALUES (101,280,6);

INSERT INTO itineraire (id, nom, distance) VALUES (102, 'itineraire numero 102',0.04811619887221376);
INSERT INTO etapes (id_itineraire, id_checkpoint, position) VALUES (102,30,0);
INSERT INTO etapes (id_itineraire, id_checkpoint, position) VALUES (102,308,1);
INSERT INTO etapes (id_itineraire, id_checkpoint, position) VALUES (102,138,2);
INSERT INTO etapes (id_itineraire, id_checkpoint, position) VALUES (102,267,3);
INSERT INTO etapes (id_itineraire, id_checkpoint, position) VALUES (102,163,4);
INSERT INTO etapes (id_itineraire, id_checkpoint, position) VALUES (102,179,5);
INSERT INTO etapes (id_itineraire, id_checkpoint, position) VALUES (102,280,6);

INSERT INTO itineraire (id, nom, distance) VALUES (103, 'itineraire numero 103',0.04501226972521408);
INSERT INTO etapes (id_itineraire, id_checkpoint, position) VALUES (103,30,0);
INSERT INTO etapes (id_itineraire, id_checkpoint, position) VALUES (103,96,1);
INSERT INTO etapes (id_itineraire, id_checkpoint, position) VALUES (103,180,2);
INSERT INTO etapes (id_itineraire, id_checkpoint, position) VALUES (103,179,3);
INSERT INTO etapes (id_itineraire, id_checkpoint, position) VALUES (103,163,4);
INSERT INTO etapes (id_itineraire, id_checkpoint, position) VALUES (103,138,5);
INSERT INTO etapes (id_itineraire, id_checkpoint, position) VALUES (103,280,6);

INSERT INTO itineraire (id, nom, distance) VALUES (104, 'itineraire numero 104',0.04623414838907372);
INSERT INTO etapes (id_itineraire, id_checkpoint, position) VALUES (104,30,0);
INSERT INTO etapes (id_itineraire, id_checkpoint, position) VALUES (104,107,1);
INSERT INTO etapes (id_itineraire, id_checkpoint, position) VALUES (104,180,2);
INSERT INTO etapes (id_itineraire, id_checkpoint, position) VALUES (104,179,3);
INSERT INTO etapes (id_itineraire, id_checkpoint, position) VALUES (104,163,4);
INSERT INTO etapes (id_itineraire, id_checkpoint, position) VALUES (104,138,5);
INSERT INTO etapes (id_itineraire, id_checkpoint, position) VALUES (104,280,6);

INSERT INTO itineraire (id, nom, distance) VALUES (105, 'itineraire numero 105',0.057699019560597885);
INSERT INTO etapes (id_itineraire, id_checkpoint, position) VALUES (105,30,0);
INSERT INTO etapes (id_itineraire, id_checkpoint, position) VALUES (105,96,1);
INSERT INTO etapes (id_itineraire, id_checkpoint, position) VALUES (105,179,2);
INSERT INTO etapes (id_itineraire, id_checkpoint, position) VALUES (105,194,3);
INSERT INTO etapes (id_itineraire, id_checkpoint, position) VALUES (105,163,4);
INSERT INTO etapes (id_itineraire, id_checkpoint, position) VALUES (105,138,5);
INSERT INTO etapes (id_itineraire, id_checkpoint, position) VALUES (105,280,6);

INSERT INTO itineraire (id, nom, distance) VALUES (106, 'itineraire numero 106',0.04700880058527735);
INSERT INTO etapes (id_itineraire, id_checkpoint, position) VALUES (106,85,0);
INSERT INTO etapes (id_itineraire, id_checkpoint, position) VALUES (106,29,1);
INSERT INTO etapes (id_itineraire, id_checkpoint, position) VALUES (106,96,2);
INSERT INTO etapes (id_itineraire, id_checkpoint, position) VALUES (106,179,3);
INSERT INTO etapes (id_itineraire, id_checkpoint, position) VALUES (106,163,4);
INSERT INTO etapes (id_itineraire, id_checkpoint, position) VALUES (106,138,5);
INSERT INTO etapes (id_itineraire, id_checkpoint, position) VALUES (106,280,6);

INSERT INTO itineraire (id, nom, distance) VALUES (107, 'itineraire numero 107',0.04904730896915187);
INSERT INTO etapes (id_itineraire, id_checkpoint, position) VALUES (107,30,0);
INSERT INTO etapes (id_itineraire, id_checkpoint, position) VALUES (107,96,1);
INSERT INTO etapes (id_itineraire, id_checkpoint, position) VALUES (107,179,2);
INSERT INTO etapes (id_itineraire, id_checkpoint, position) VALUES (107,267,3);
INSERT INTO etapes (id_itineraire, id_checkpoint, position) VALUES (107,298,4);
INSERT INTO etapes (id_itineraire, id_checkpoint, position) VALUES (107,138,5);
INSERT INTO etapes (id_itineraire, id_checkpoint, position) VALUES (107,280,6);

INSERT INTO itineraire (id, nom, distance) VALUES (108, 'itineraire numero 108',0.057764694309001705);
INSERT INTO etapes (id_itineraire, id_checkpoint, position) VALUES (108,30,0);
INSERT INTO etapes (id_itineraire, id_checkpoint, position) VALUES (108,107,1);
INSERT INTO etapes (id_itineraire, id_checkpoint, position) VALUES (108,179,2);
INSERT INTO etapes (id_itineraire, id_checkpoint, position) VALUES (108,194,3);
INSERT INTO etapes (id_itineraire, id_checkpoint, position) VALUES (108,298,4);
INSERT INTO etapes (id_itineraire, id_checkpoint, position) VALUES (108,138,5);
INSERT INTO etapes (id_itineraire, id_checkpoint, position) VALUES (108,280,6);

INSERT INTO itineraire (id, nom, distance) VALUES (109, 'itineraire numero 109',0.047074475333681164);
INSERT INTO etapes (id_itineraire, id_checkpoint, position) VALUES (109,85,0);
INSERT INTO etapes (id_itineraire, id_checkpoint, position) VALUES (109,29,1);
INSERT INTO etapes (id_itineraire, id_checkpoint, position) VALUES (109,107,2);
INSERT INTO etapes (id_itineraire, id_checkpoint, position) VALUES (109,179,3);
INSERT INTO etapes (id_itineraire, id_checkpoint, position) VALUES (109,298,4);
INSERT INTO etapes (id_itineraire, id_checkpoint, position) VALUES (109,138,5);
INSERT INTO etapes (id_itineraire, id_checkpoint, position) VALUES (109,280,6);

INSERT INTO itineraire (id, nom, distance) VALUES (110, 'itineraire numero 110',0.049995965244777944);
INSERT INTO etapes (id_itineraire, id_checkpoint, position) VALUES (110,30,0);
INSERT INTO etapes (id_itineraire, id_checkpoint, position) VALUES (110,107,1);
INSERT INTO etapes (id_itineraire, id_checkpoint, position) VALUES (110,267,2);
INSERT INTO etapes (id_itineraire, id_checkpoint, position) VALUES (110,179,3);
INSERT INTO etapes (id_itineraire, id_checkpoint, position) VALUES (110,298,4);
INSERT INTO etapes (id_itineraire, id_checkpoint, position) VALUES (110,138,5);
INSERT INTO etapes (id_itineraire, id_checkpoint, position) VALUES (110,280,6);

INSERT INTO itineraire (id, nom, distance) VALUES (111, 'itineraire numero 111',0.04228853329766151);
INSERT INTO etapes (id_itineraire, id_checkpoint, position) VALUES (111,285,0);
INSERT INTO etapes (id_itineraire, id_checkpoint, position) VALUES (111,298,1);
INSERT INTO etapes (id_itineraire, id_checkpoint, position) VALUES (111,179,2);
INSERT INTO etapes (id_itineraire, id_checkpoint, position) VALUES (111,138,3);
INSERT INTO etapes (id_itineraire, id_checkpoint, position) VALUES (111,158,4);
INSERT INTO etapes (id_itineraire, id_checkpoint, position) VALUES (111,42,5);
INSERT INTO etapes (id_itineraire, id_checkpoint, position) VALUES (111,14,6);

INSERT INTO itineraire (id, nom, distance) VALUES (112, 'itineraire numero 112',0.05335816626784697);
INSERT INTO etapes (id_itineraire, id_checkpoint, position) VALUES (112,158,0);
INSERT INTO etapes (id_itineraire, id_checkpoint, position) VALUES (112,42,1);
INSERT INTO etapes (id_itineraire, id_checkpoint, position) VALUES (112,229,2);
INSERT INTO etapes (id_itineraire, id_checkpoint, position) VALUES (112,285,3);
INSERT INTO etapes (id_itineraire, id_checkpoint, position) VALUES (112,298,4);
INSERT INTO etapes (id_itineraire, id_checkpoint, position) VALUES (112,179,5);
INSERT INTO etapes (id_itineraire, id_checkpoint, position) VALUES (112,138,6);

INSERT INTO itineraire (id, nom, distance) VALUES (113, 'itineraire numero 113',0.040857494146829175);
INSERT INTO etapes (id_itineraire, id_checkpoint, position) VALUES (113,30,0);
INSERT INTO etapes (id_itineraire, id_checkpoint, position) VALUES (113,42,1);
INSERT INTO etapes (id_itineraire, id_checkpoint, position) VALUES (113,158,2);
INSERT INTO etapes (id_itineraire, id_checkpoint, position) VALUES (113,285,3);
INSERT INTO etapes (id_itineraire, id_checkpoint, position) VALUES (113,298,4);
INSERT INTO etapes (id_itineraire, id_checkpoint, position) VALUES (113,179,5);
INSERT INTO etapes (id_itineraire, id_checkpoint, position) VALUES (113,138,6);

INSERT INTO itineraire (id, nom, distance) VALUES (114, 'itineraire numero 114',0.05326861714949717);
INSERT INTO etapes (id_itineraire, id_checkpoint, position) VALUES (114,158,0);
INSERT INTO etapes (id_itineraire, id_checkpoint, position) VALUES (114,42,1);
INSERT INTO etapes (id_itineraire, id_checkpoint, position) VALUES (114,253,2);
INSERT INTO etapes (id_itineraire, id_checkpoint, position) VALUES (114,285,3);
INSERT INTO etapes (id_itineraire, id_checkpoint, position) VALUES (114,298,4);
INSERT INTO etapes (id_itineraire, id_checkpoint, position) VALUES (114,179,5);
INSERT INTO etapes (id_itineraire, id_checkpoint, position) VALUES (114,138,6);

INSERT INTO itineraire (id, nom, distance) VALUES (115, 'itineraire numero 115',0.048437134682561105);
INSERT INTO etapes (id_itineraire, id_checkpoint, position) VALUES (115,158,0);
INSERT INTO etapes (id_itineraire, id_checkpoint, position) VALUES (115,14,1);
INSERT INTO etapes (id_itineraire, id_checkpoint, position) VALUES (115,115,2);
INSERT INTO etapes (id_itineraire, id_checkpoint, position) VALUES (115,285,3);
INSERT INTO etapes (id_itineraire, id_checkpoint, position) VALUES (115,298,4);
INSERT INTO etapes (id_itineraire, id_checkpoint, position) VALUES (115,179,5);
INSERT INTO etapes (id_itineraire, id_checkpoint, position) VALUES (115,138,6);

INSERT INTO itineraire (id, nom, distance) VALUES (116, 'itineraire numero 116',0.04053587222427343);
INSERT INTO etapes (id_itineraire, id_checkpoint, position) VALUES (116,30,0);
INSERT INTO etapes (id_itineraire, id_checkpoint, position) VALUES (116,116,1);
INSERT INTO etapes (id_itineraire, id_checkpoint, position) VALUES (116,158,2);
INSERT INTO etapes (id_itineraire, id_checkpoint, position) VALUES (116,285,3);
INSERT INTO etapes (id_itineraire, id_checkpoint, position) VALUES (116,298,4);
INSERT INTO etapes (id_itineraire, id_checkpoint, position) VALUES (116,179,5);
INSERT INTO etapes (id_itineraire, id_checkpoint, position) VALUES (116,138,6);

INSERT INTO itineraire (id, nom, distance) VALUES (117, 'itineraire numero 117',0.05194873365177439);
INSERT INTO etapes (id_itineraire, id_checkpoint, position) VALUES (117,285,0);
INSERT INTO etapes (id_itineraire, id_checkpoint, position) VALUES (117,271,1);
INSERT INTO etapes (id_itineraire, id_checkpoint, position) VALUES (117,179,2);
INSERT INTO etapes (id_itineraire, id_checkpoint, position) VALUES (117,138,3);
INSERT INTO etapes (id_itineraire, id_checkpoint, position) VALUES (117,298,4);
INSERT INTO etapes (id_itineraire, id_checkpoint, position) VALUES (117,158,5);
INSERT INTO etapes (id_itineraire, id_checkpoint, position) VALUES (117,14,6);

INSERT INTO itineraire (id, nom, distance) VALUES (118, 'itineraire numero 118',0.05748640973025502);
INSERT INTO etapes (id_itineraire, id_checkpoint, position) VALUES (118,158,0);
INSERT INTO etapes (id_itineraire, id_checkpoint, position) VALUES (118,14,1);
INSERT INTO etapes (id_itineraire, id_checkpoint, position) VALUES (118,11,2);
INSERT INTO etapes (id_itineraire, id_checkpoint, position) VALUES (118,179,3);
INSERT INTO etapes (id_itineraire, id_checkpoint, position) VALUES (118,298,4);
INSERT INTO etapes (id_itineraire, id_checkpoint, position) VALUES (118,285,5);
INSERT INTO etapes (id_itineraire, id_checkpoint, position) VALUES (118,138,6);

INSERT INTO itineraire (id, nom, distance) VALUES (119, 'itineraire numero 119',0.04669295393656823);
INSERT INTO etapes (id_itineraire, id_checkpoint, position) VALUES (119,285,0);
INSERT INTO etapes (id_itineraire, id_checkpoint, position) VALUES (119,185,1);
INSERT INTO etapes (id_itineraire, id_checkpoint, position) VALUES (119,179,2);
INSERT INTO etapes (id_itineraire, id_checkpoint, position) VALUES (119,138,3);
INSERT INTO etapes (id_itineraire, id_checkpoint, position) VALUES (119,298,4);
INSERT INTO etapes (id_itineraire, id_checkpoint, position) VALUES (119,158,5);
INSERT INTO etapes (id_itineraire, id_checkpoint, position) VALUES (119,14,6);

INSERT INTO itineraire (id, nom, distance) VALUES (120, 'itineraire numero 120',0.05662810258340761);
INSERT INTO etapes (id_itineraire, id_checkpoint, position) VALUES (120,284,0);
INSERT INTO etapes (id_itineraire, id_checkpoint, position) VALUES (120,158,1);
INSERT INTO etapes (id_itineraire, id_checkpoint, position) VALUES (120,42,2);
INSERT INTO etapes (id_itineraire, id_checkpoint, position) VALUES (120,229,3);
INSERT INTO etapes (id_itineraire, id_checkpoint, position) VALUES (120,179,4);
INSERT INTO etapes (id_itineraire, id_checkpoint, position) VALUES (120,163,5);
INSERT INTO etapes (id_itineraire, id_checkpoint, position) VALUES (120,138,6);

INSERT INTO itineraire (id, nom, distance) VALUES (121, 'itineraire numero 121',0.0435386144784236);
INSERT INTO etapes (id_itineraire, id_checkpoint, position) VALUES (121,30,0);
INSERT INTO etapes (id_itineraire, id_checkpoint, position) VALUES (121,42,1);
INSERT INTO etapes (id_itineraire, id_checkpoint, position) VALUES (121,158,2);
INSERT INTO etapes (id_itineraire, id_checkpoint, position) VALUES (121,284,3);
INSERT INTO etapes (id_itineraire, id_checkpoint, position) VALUES (121,179,4);
INSERT INTO etapes (id_itineraire, id_checkpoint, position) VALUES (121,163,5);
INSERT INTO etapes (id_itineraire, id_checkpoint, position) VALUES (121,138,6);

INSERT INTO itineraire (id, nom, distance) VALUES (122, 'itineraire numero 122',0.056492274003116745);
INSERT INTO etapes (id_itineraire, id_checkpoint, position) VALUES (122,284,0);
INSERT INTO etapes (id_itineraire, id_checkpoint, position) VALUES (122,158,1);
INSERT INTO etapes (id_itineraire, id_checkpoint, position) VALUES (122,42,2);
INSERT INTO etapes (id_itineraire, id_checkpoint, position) VALUES (122,253,3);
INSERT INTO etapes (id_itineraire, id_checkpoint, position) VALUES (122,179,4);
INSERT INTO etapes (id_itineraire, id_checkpoint, position) VALUES (122,163,5);
INSERT INTO etapes (id_itineraire, id_checkpoint, position) VALUES (122,138,6);

INSERT INTO itineraire (id, nom, distance) VALUES (123, 'itineraire numero 123',0.06405003512624625);
INSERT INTO etapes (id_itineraire, id_checkpoint, position) VALUES (123,284,0);
INSERT INTO etapes (id_itineraire, id_checkpoint, position) VALUES (123,158,1);
INSERT INTO etapes (id_itineraire, id_checkpoint, position) VALUES (123,14,2);
INSERT INTO etapes (id_itineraire, id_checkpoint, position) VALUES (123,11,3);
INSERT INTO etapes (id_itineraire, id_checkpoint, position) VALUES (123,179,4);
INSERT INTO etapes (id_itineraire, id_checkpoint, position) VALUES (123,163,5);
INSERT INTO etapes (id_itineraire, id_checkpoint, position) VALUES (123,138,6);

INSERT INTO itineraire (id, nom, distance) VALUES (124, 'itineraire numero 124',0.057211955607152386);
INSERT INTO etapes (id_itineraire, id_checkpoint, position) VALUES (124,205,0);
INSERT INTO etapes (id_itineraire, id_checkpoint, position) VALUES (124,158,1);
INSERT INTO etapes (id_itineraire, id_checkpoint, position) VALUES (124,42,2);
INSERT INTO etapes (id_itineraire, id_checkpoint, position) VALUES (124,229,3);
INSERT INTO etapes (id_itineraire, id_checkpoint, position) VALUES (124,179,4);
INSERT INTO etapes (id_itineraire, id_checkpoint, position) VALUES (124,163,5);
INSERT INTO etapes (id_itineraire, id_checkpoint, position) VALUES (124,138,6);

INSERT INTO itineraire (id, nom, distance) VALUES (125, 'itineraire numero 125',0.04541899301967271);
INSERT INTO etapes (id_itineraire, id_checkpoint, position) VALUES (125,30,0);
INSERT INTO etapes (id_itineraire, id_checkpoint, position) VALUES (125,42,1);
INSERT INTO etapes (id_itineraire, id_checkpoint, position) VALUES (125,158,2);
INSERT INTO etapes (id_itineraire, id_checkpoint, position) VALUES (125,205,3);
INSERT INTO etapes (id_itineraire, id_checkpoint, position) VALUES (125,179,4);
INSERT INTO etapes (id_itineraire, id_checkpoint, position) VALUES (125,163,5);
INSERT INTO etapes (id_itineraire, id_checkpoint, position) VALUES (125,138,6);

INSERT INTO itineraire (id, nom, distance) VALUES (126, 'itineraire numero 126',0.058803015077901366);
INSERT INTO etapes (id_itineraire, id_checkpoint, position) VALUES (126,205,0);
INSERT INTO etapes (id_itineraire, id_checkpoint, position) VALUES (126,253,1);
INSERT INTO etapes (id_itineraire, id_checkpoint, position) VALUES (126,42,2);
INSERT INTO etapes (id_itineraire, id_checkpoint, position) VALUES (126,158,3);
INSERT INTO etapes (id_itineraire, id_checkpoint, position) VALUES (126,179,4);
INSERT INTO etapes (id_itineraire, id_checkpoint, position) VALUES (126,163,5);
INSERT INTO etapes (id_itineraire, id_checkpoint, position) VALUES (126,138,6);

INSERT INTO itineraire (id, nom, distance) VALUES (127, 'itineraire numero 127',0.0622904204254129);
INSERT INTO etapes (id_itineraire, id_checkpoint, position) VALUES (127,22,0);
INSERT INTO etapes (id_itineraire, id_checkpoint, position) VALUES (127,229,1);
INSERT INTO etapes (id_itineraire, id_checkpoint, position) VALUES (127,42,2);
INSERT INTO etapes (id_itineraire, id_checkpoint, position) VALUES (127,158,3);
INSERT INTO etapes (id_itineraire, id_checkpoint, position) VALUES (127,179,4);
INSERT INTO etapes (id_itineraire, id_checkpoint, position) VALUES (127,163,5);
INSERT INTO etapes (id_itineraire, id_checkpoint, position) VALUES (127,138,6);

INSERT INTO itineraire (id, nom, distance) VALUES (128, 'itineraire numero 128',0.062430369162723987);
INSERT INTO etapes (id_itineraire, id_checkpoint, position) VALUES (128,22,0);
INSERT INTO etapes (id_itineraire, id_checkpoint, position) VALUES (128,253,1);
INSERT INTO etapes (id_itineraire, id_checkpoint, position) VALUES (128,42,2);
INSERT INTO etapes (id_itineraire, id_checkpoint, position) VALUES (128,158,3);
INSERT INTO etapes (id_itineraire, id_checkpoint, position) VALUES (128,179,4);
INSERT INTO etapes (id_itineraire, id_checkpoint, position) VALUES (128,163,5);
INSERT INTO etapes (id_itineraire, id_checkpoint, position) VALUES (128,138,6);

INSERT INTO itineraire (id, nom, distance) VALUES (129, 'itineraire numero 129',0.06248064546708933);
INSERT INTO etapes (id_itineraire, id_checkpoint, position) VALUES (129,23,0);
INSERT INTO etapes (id_itineraire, id_checkpoint, position) VALUES (129,229,1);
INSERT INTO etapes (id_itineraire, id_checkpoint, position) VALUES (129,42,2);
INSERT INTO etapes (id_itineraire, id_checkpoint, position) VALUES (129,158,3);
INSERT INTO etapes (id_itineraire, id_checkpoint, position) VALUES (129,179,4);
INSERT INTO etapes (id_itineraire, id_checkpoint, position) VALUES (129,163,5);
INSERT INTO etapes (id_itineraire, id_checkpoint, position) VALUES (129,138,6);

INSERT INTO itineraire (id, nom, distance) VALUES (130, 'itineraire numero 130',0.06390079789475568);
INSERT INTO etapes (id_itineraire, id_checkpoint, position) VALUES (130,23,0);
INSERT INTO etapes (id_itineraire, id_checkpoint, position) VALUES (130,179,1);
INSERT INTO etapes (id_itineraire, id_checkpoint, position) VALUES (130,253,2);
INSERT INTO etapes (id_itineraire, id_checkpoint, position) VALUES (130,42,3);
INSERT INTO etapes (id_itineraire, id_checkpoint, position) VALUES (130,158,4);
INSERT INTO etapes (id_itineraire, id_checkpoint, position) VALUES (130,163,5);
INSERT INTO etapes (id_itineraire, id_checkpoint, position) VALUES (130,138,6);

INSERT INTO itineraire (id, nom, distance) VALUES (131, 'itineraire numero 131',0.06025354603101608);
INSERT INTO etapes (id_itineraire, id_checkpoint, position) VALUES (131,270,0);
INSERT INTO etapes (id_itineraire, id_checkpoint, position) VALUES (131,179,1);
INSERT INTO etapes (id_itineraire, id_checkpoint, position) VALUES (131,229,2);
INSERT INTO etapes (id_itineraire, id_checkpoint, position) VALUES (131,42,3);
INSERT INTO etapes (id_itineraire, id_checkpoint, position) VALUES (131,158,4);
INSERT INTO etapes (id_itineraire, id_checkpoint, position) VALUES (131,163,5);
INSERT INTO etapes (id_itineraire, id_checkpoint, position) VALUES (131,138,6);

INSERT INTO itineraire (id, nom, distance) VALUES (132, 'itineraire numero 132',0.06011771745072522);
INSERT INTO etapes (id_itineraire, id_checkpoint, position) VALUES (132,270,0);
INSERT INTO etapes (id_itineraire, id_checkpoint, position) VALUES (132,179,1);
INSERT INTO etapes (id_itineraire, id_checkpoint, position) VALUES (132,253,2);
INSERT INTO etapes (id_itineraire, id_checkpoint, position) VALUES (132,42,3);
INSERT INTO etapes (id_itineraire, id_checkpoint, position) VALUES (132,158,4);
INSERT INTO etapes (id_itineraire, id_checkpoint, position) VALUES (132,298,5);
INSERT INTO etapes (id_itineraire, id_checkpoint, position) VALUES (132,138,6);

INSERT INTO itineraire (id, nom, distance) VALUES (133, 'itineraire numero 133',0.060823416712253116);
INSERT INTO etapes (id_itineraire, id_checkpoint, position) VALUES (133,24,0);
INSERT INTO etapes (id_itineraire, id_checkpoint, position) VALUES (133,179,1);
INSERT INTO etapes (id_itineraire, id_checkpoint, position) VALUES (133,138,2);
INSERT INTO etapes (id_itineraire, id_checkpoint, position) VALUES (133,229,3);
INSERT INTO etapes (id_itineraire, id_checkpoint, position) VALUES (133,42,4);
INSERT INTO etapes (id_itineraire, id_checkpoint, position) VALUES (133,158,5);
INSERT INTO etapes (id_itineraire, id_checkpoint, position) VALUES (133,163,6);

INSERT INTO itineraire (id, nom, distance) VALUES (134, 'itineraire numero 134',0.0609425925938696);
INSERT INTO etapes (id_itineraire, id_checkpoint, position) VALUES (134,24,0);
INSERT INTO etapes (id_itineraire, id_checkpoint, position) VALUES (134,179,1);
INSERT INTO etapes (id_itineraire, id_checkpoint, position) VALUES (134,138,2);
INSERT INTO etapes (id_itineraire, id_checkpoint, position) VALUES (134,253,3);
INSERT INTO etapes (id_itineraire, id_checkpoint, position) VALUES (134,42,4);
INSERT INTO etapes (id_itineraire, id_checkpoint, position) VALUES (134,158,5);
INSERT INTO etapes (id_itineraire, id_checkpoint, position) VALUES (134,163,6);

INSERT INTO itineraire (id, nom, distance) VALUES (135, 'itineraire numero 135',0.05776745739009367);
INSERT INTO etapes (id_itineraire, id_checkpoint, position) VALUES (135,294,0);
INSERT INTO etapes (id_itineraire, id_checkpoint, position) VALUES (135,42,1);
INSERT INTO etapes (id_itineraire, id_checkpoint, position) VALUES (135,229,2);
INSERT INTO etapes (id_itineraire, id_checkpoint, position) VALUES (135,179,3);
INSERT INTO etapes (id_itineraire, id_checkpoint, position) VALUES (135,138,4);
INSERT INTO etapes (id_itineraire, id_checkpoint, position) VALUES (135,298,5);
INSERT INTO etapes (id_itineraire, id_checkpoint, position) VALUES (135,158,6);

INSERT INTO itineraire (id, nom, distance) VALUES (136, 'itineraire numero 136',0.04599120706613595);
INSERT INTO etapes (id_itineraire, id_checkpoint, position) VALUES (136,30,0);
INSERT INTO etapes (id_itineraire, id_checkpoint, position) VALUES (136,42,1);
INSERT INTO etapes (id_itineraire, id_checkpoint, position) VALUES (136,294,2);
INSERT INTO etapes (id_itineraire, id_checkpoint, position) VALUES (136,179,3);
INSERT INTO etapes (id_itineraire, id_checkpoint, position) VALUES (136,138,4);
INSERT INTO etapes (id_itineraire, id_checkpoint, position) VALUES (136,298,5);
INSERT INTO etapes (id_itineraire, id_checkpoint, position) VALUES (136,158,6);

INSERT INTO itineraire (id, nom, distance) VALUES (137, 'itineraire numero 137',0.057631628809802805);
INSERT INTO etapes (id_itineraire, id_checkpoint, position) VALUES (137,294,0);
INSERT INTO etapes (id_itineraire, id_checkpoint, position) VALUES (137,42,1);
INSERT INTO etapes (id_itineraire, id_checkpoint, position) VALUES (137,253,2);
INSERT INTO etapes (id_itineraire, id_checkpoint, position) VALUES (137,179,3);
INSERT INTO etapes (id_itineraire, id_checkpoint, position) VALUES (137,138,4);
INSERT INTO etapes (id_itineraire, id_checkpoint, position) VALUES (137,298,5);
INSERT INTO etapes (id_itineraire, id_checkpoint, position) VALUES (137,158,6);

INSERT INTO itineraire (id, nom, distance) VALUES (138, 'itineraire numero 138',0.05092838231448644);
INSERT INTO etapes (id_itineraire, id_checkpoint, position) VALUES (138,85,0);
INSERT INTO etapes (id_itineraire, id_checkpoint, position) VALUES (138,43,1);
INSERT INTO etapes (id_itineraire, id_checkpoint, position) VALUES (138,229,2);
INSERT INTO etapes (id_itineraire, id_checkpoint, position) VALUES (138,179,3);
INSERT INTO etapes (id_itineraire, id_checkpoint, position) VALUES (138,138,4);
INSERT INTO etapes (id_itineraire, id_checkpoint, position) VALUES (138,298,5);
INSERT INTO etapes (id_itineraire, id_checkpoint, position) VALUES (138,158,6);

INSERT INTO itineraire (id, nom, distance) VALUES (139, 'itineraire numero 139',0.043244246827752617);
INSERT INTO etapes (id_itineraire, id_checkpoint, position) VALUES (139,30,0);
INSERT INTO etapes (id_itineraire, id_checkpoint, position) VALUES (139,116,1);
INSERT INTO etapes (id_itineraire, id_checkpoint, position) VALUES (139,284,2);
INSERT INTO etapes (id_itineraire, id_checkpoint, position) VALUES (139,285,3);
INSERT INTO etapes (id_itineraire, id_checkpoint, position) VALUES (139,179,4);
INSERT INTO etapes (id_itineraire, id_checkpoint, position) VALUES (139,298,5);
INSERT INTO etapes (id_itineraire, id_checkpoint, position) VALUES (139,138,6);

INSERT INTO itineraire (id, nom, distance) VALUES (140, 'itineraire numero 140',0.04048610054202501);
INSERT INTO etapes (id_itineraire, id_checkpoint, position) VALUES (140,30,0);
INSERT INTO etapes (id_itineraire, id_checkpoint, position) VALUES (140,308,1);
INSERT INTO etapes (id_itineraire, id_checkpoint, position) VALUES (140,138,2);
INSERT INTO etapes (id_itineraire, id_checkpoint, position) VALUES (140,284,3);
INSERT INTO etapes (id_itineraire, id_checkpoint, position) VALUES (140,285,4);
INSERT INTO etapes (id_itineraire, id_checkpoint, position) VALUES (140,298,5);
INSERT INTO etapes (id_itineraire, id_checkpoint, position) VALUES (140,179,6);

INSERT INTO itineraire (id, nom, distance) VALUES (141, 'itineraire numero 141',0.041866083961613634);
INSERT INTO etapes (id_itineraire, id_checkpoint, position) VALUES (141,30,0);
INSERT INTO etapes (id_itineraire, id_checkpoint, position) VALUES (141,96,1);
INSERT INTO etapes (id_itineraire, id_checkpoint, position) VALUES (141,179,2);
INSERT INTO etapes (id_itineraire, id_checkpoint, position) VALUES (141,284,3);
INSERT INTO etapes (id_itineraire, id_checkpoint, position) VALUES (141,285,4);
INSERT INTO etapes (id_itineraire, id_checkpoint, position) VALUES (141,298,5);
INSERT INTO etapes (id_itineraire, id_checkpoint, position) VALUES (141,138,6);

INSERT INTO itineraire (id, nom, distance) VALUES (142, 'itineraire numero 142',0.047674613107639596);
INSERT INTO etapes (id_itineraire, id_checkpoint, position) VALUES (142,31,0);
INSERT INTO etapes (id_itineraire, id_checkpoint, position) VALUES (142,107,1);
INSERT INTO etapes (id_itineraire, id_checkpoint, position) VALUES (142,284,2);
INSERT INTO etapes (id_itineraire, id_checkpoint, position) VALUES (142,179,3);
INSERT INTO etapes (id_itineraire, id_checkpoint, position) VALUES (142,285,4);
INSERT INTO etapes (id_itineraire, id_checkpoint, position) VALUES (142,298,5);
INSERT INTO etapes (id_itineraire, id_checkpoint, position) VALUES (142,138,6);

INSERT INTO itineraire (id, nom, distance) VALUES (143, 'itineraire numero 143',0.04691951506650822);
INSERT INTO etapes (id_itineraire, id_checkpoint, position) VALUES (143,289,0);
INSERT INTO etapes (id_itineraire, id_checkpoint, position) VALUES (143,43,1);
INSERT INTO etapes (id_itineraire, id_checkpoint, position) VALUES (143,229,2);
INSERT INTO etapes (id_itineraire, id_checkpoint, position) VALUES (143,179,3);
INSERT INTO etapes (id_itineraire, id_checkpoint, position) VALUES (143,285,4);
INSERT INTO etapes (id_itineraire, id_checkpoint, position) VALUES (143,298,5);
INSERT INTO etapes (id_itineraire, id_checkpoint, position) VALUES (143,138,6);

INSERT INTO itineraire (id, nom, distance) VALUES (144, 'itineraire numero 144',0.04678368648621736);
INSERT INTO etapes (id_itineraire, id_checkpoint, position) VALUES (144,289,0);
INSERT INTO etapes (id_itineraire, id_checkpoint, position) VALUES (144,43,1);
INSERT INTO etapes (id_itineraire, id_checkpoint, position) VALUES (144,253,2);
INSERT INTO etapes (id_itineraire, id_checkpoint, position) VALUES (144,179,3);
INSERT INTO etapes (id_itineraire, id_checkpoint, position) VALUES (144,285,4);
INSERT INTO etapes (id_itineraire, id_checkpoint, position) VALUES (144,298,5);
INSERT INTO etapes (id_itineraire, id_checkpoint, position) VALUES (144,138,6);

INSERT INTO itineraire (id, nom, distance) VALUES (145, 'itineraire numero 145',0.03972491992618283);
INSERT INTO etapes (id_itineraire, id_checkpoint, position) VALUES (145,41,0);
INSERT INTO etapes (id_itineraire, id_checkpoint, position) VALUES (145,43,1);
INSERT INTO etapes (id_itineraire, id_checkpoint, position) VALUES (145,229,2);
INSERT INTO etapes (id_itineraire, id_checkpoint, position) VALUES (145,179,3);
INSERT INTO etapes (id_itineraire, id_checkpoint, position) VALUES (145,138,4);
INSERT INTO etapes (id_itineraire, id_checkpoint, position) VALUES (145,298,5);
INSERT INTO etapes (id_itineraire, id_checkpoint, position) VALUES (145,285,6);

INSERT INTO itineraire (id, nom, distance) VALUES (146, 'itineraire numero 146',0.0369449516401863);
INSERT INTO etapes (id_itineraire, id_checkpoint, position) VALUES (146,41,0);
INSERT INTO etapes (id_itineraire, id_checkpoint, position) VALUES (146,43,1);
INSERT INTO etapes (id_itineraire, id_checkpoint, position) VALUES (146,44,2);
INSERT INTO etapes (id_itineraire, id_checkpoint, position) VALUES (146,179,3);
INSERT INTO etapes (id_itineraire, id_checkpoint, position) VALUES (146,138,4);
INSERT INTO etapes (id_itineraire, id_checkpoint, position) VALUES (146,285,5);
INSERT INTO etapes (id_itineraire, id_checkpoint, position) VALUES (146,163,6);

INSERT INTO itineraire (id, nom, distance) VALUES (147, 'itineraire numero 147',0.03587682789541969);
INSERT INTO etapes (id_itineraire, id_checkpoint, position) VALUES (147,41,0);
INSERT INTO etapes (id_itineraire, id_checkpoint, position) VALUES (147,43,1);
INSERT INTO etapes (id_itineraire, id_checkpoint, position) VALUES (147,253,2);
INSERT INTO etapes (id_itineraire, id_checkpoint, position) VALUES (147,179,3);
INSERT INTO etapes (id_itineraire, id_checkpoint, position) VALUES (147,138,4);
INSERT INTO etapes (id_itineraire, id_checkpoint, position) VALUES (147,285,5);
INSERT INTO etapes (id_itineraire, id_checkpoint, position) VALUES (147,163,6);

INSERT INTO itineraire (id, nom, distance) VALUES (148, 'itineraire numero 148',0.05732450571765764);
INSERT INTO etapes (id_itineraire, id_checkpoint, position) VALUES (148,285,0);
INSERT INTO etapes (id_itineraire, id_checkpoint, position) VALUES (148,229,1);
INSERT INTO etapes (id_itineraire, id_checkpoint, position) VALUES (148,42,2);
INSERT INTO etapes (id_itineraire, id_checkpoint, position) VALUES (148,115,3);
INSERT INTO etapes (id_itineraire, id_checkpoint, position) VALUES (148,179,4);
INSERT INTO etapes (id_itineraire, id_checkpoint, position) VALUES (148,138,5);
INSERT INTO etapes (id_itineraire, id_checkpoint, position) VALUES (148,163,6);

INSERT INTO itineraire (id, nom, distance) VALUES (149, 'itineraire numero 149',0.04063829246610787);
INSERT INTO etapes (id_itineraire, id_checkpoint, position) VALUES (149,31,0);
INSERT INTO etapes (id_itineraire, id_checkpoint, position) VALUES (149,43,1);
INSERT INTO etapes (id_itineraire, id_checkpoint, position) VALUES (149,115,2);
INSERT INTO etapes (id_itineraire, id_checkpoint, position) VALUES (149,179,3);
INSERT INTO etapes (id_itineraire, id_checkpoint, position) VALUES (149,285,4);
INSERT INTO etapes (id_itineraire, id_checkpoint, position) VALUES (149,138,5);
INSERT INTO etapes (id_itineraire, id_checkpoint, position) VALUES (149,163,6);

INSERT INTO itineraire (id, nom, distance) VALUES (150, 'itineraire numero 150',0.05723495659930783);
INSERT INTO etapes (id_itineraire, id_checkpoint, position) VALUES (150,285,0);
INSERT INTO etapes (id_itineraire, id_checkpoint, position) VALUES (150,253,1);
INSERT INTO etapes (id_itineraire, id_checkpoint, position) VALUES (150,43,2);
INSERT INTO etapes (id_itineraire, id_checkpoint, position) VALUES (150,115,3);
INSERT INTO etapes (id_itineraire, id_checkpoint, position) VALUES (150,179,4);
INSERT INTO etapes (id_itineraire, id_checkpoint, position) VALUES (150,138,5);
INSERT INTO etapes (id_itineraire, id_checkpoint, position) VALUES (150,163,6);

INSERT INTO itineraire (id, nom, distance) VALUES (151, 'itineraire numero 151',0.05600767839708308);
INSERT INTO etapes (id_itineraire, id_checkpoint, position) VALUES (151,285,0);
INSERT INTO etapes (id_itineraire, id_checkpoint, position) VALUES (151,155,1);
INSERT INTO etapes (id_itineraire, id_checkpoint, position) VALUES (151,43,2);
INSERT INTO etapes (id_itineraire, id_checkpoint, position) VALUES (151,229,3);
INSERT INTO etapes (id_itineraire, id_checkpoint, position) VALUES (151,179,4);
INSERT INTO etapes (id_itineraire, id_checkpoint, position) VALUES (151,138,5);
INSERT INTO etapes (id_itineraire, id_checkpoint, position) VALUES (151,163,6);

INSERT INTO itineraire (id, nom, distance) VALUES (152, 'itineraire numero 152',0.038388765796862);
INSERT INTO etapes (id_itineraire, id_checkpoint, position) VALUES (152,31,0);
INSERT INTO etapes (id_itineraire, id_checkpoint, position) VALUES (152,43,1);
INSERT INTO etapes (id_itineraire, id_checkpoint, position) VALUES (152,155,2);
INSERT INTO etapes (id_itineraire, id_checkpoint, position) VALUES (152,179,3);
INSERT INTO etapes (id_itineraire, id_checkpoint, position) VALUES (152,138,4);
INSERT INTO etapes (id_itineraire, id_checkpoint, position) VALUES (152,285,5);
INSERT INTO etapes (id_itineraire, id_checkpoint, position) VALUES (152,163,6);

INSERT INTO itineraire (id, nom, distance) VALUES (153, 'itineraire numero 153',0.05702606804920689);
INSERT INTO etapes (id_itineraire, id_checkpoint, position) VALUES (153,179,0);
INSERT INTO etapes (id_itineraire, id_checkpoint, position) VALUES (153,285,1);
INSERT INTO etapes (id_itineraire, id_checkpoint, position) VALUES (153,155,2);
INSERT INTO etapes (id_itineraire, id_checkpoint, position) VALUES (153,42,3);
INSERT INTO etapes (id_itineraire, id_checkpoint, position) VALUES (153,253,4);
INSERT INTO etapes (id_itineraire, id_checkpoint, position) VALUES (153,138,5);
INSERT INTO etapes (id_itineraire, id_checkpoint, position) VALUES (153,163,6);

INSERT INTO itineraire (id, nom, distance) VALUES (154, 'itineraire numero 154',0.056543072790444834);
INSERT INTO etapes (id_itineraire, id_checkpoint, position) VALUES (154,179,0);
INSERT INTO etapes (id_itineraire, id_checkpoint, position) VALUES (154,285,1);
INSERT INTO etapes (id_itineraire, id_checkpoint, position) VALUES (154,229,2);
INSERT INTO etapes (id_itineraire, id_checkpoint, position) VALUES (154,43,3);
INSERT INTO etapes (id_itineraire, id_checkpoint, position) VALUES (154,225,4);
INSERT INTO etapes (id_itineraire, id_checkpoint, position) VALUES (154,138,5);
INSERT INTO etapes (id_itineraire, id_checkpoint, position) VALUES (154,163,6);

INSERT INTO itineraire (id, nom, distance) VALUES (155, 'itineraire numero 155',0.056453523672095024);
INSERT INTO etapes (id_itineraire, id_checkpoint, position) VALUES (155,179,0);
INSERT INTO etapes (id_itineraire, id_checkpoint, position) VALUES (155,285,1);
INSERT INTO etapes (id_itineraire, id_checkpoint, position) VALUES (155,253,2);
INSERT INTO etapes (id_itineraire, id_checkpoint, position) VALUES (155,43,3);
INSERT INTO etapes (id_itineraire, id_checkpoint, position) VALUES (155,225,4);
INSERT INTO etapes (id_itineraire, id_checkpoint, position) VALUES (155,138,5);
INSERT INTO etapes (id_itineraire, id_checkpoint, position) VALUES (155,163,6);

INSERT INTO itineraire (id, nom, distance) VALUES (156, 'itineraire numero 156',0.06193895443840351);
INSERT INTO etapes (id_itineraire, id_checkpoint, position) VALUES (156,179,0);
INSERT INTO etapes (id_itineraire, id_checkpoint, position) VALUES (156,285,1);
INSERT INTO etapes (id_itineraire, id_checkpoint, position) VALUES (156,138,2);
INSERT INTO etapes (id_itineraire, id_checkpoint, position) VALUES (156,99,3);
INSERT INTO etapes (id_itineraire, id_checkpoint, position) VALUES (156,42,4);
INSERT INTO etapes (id_itineraire, id_checkpoint, position) VALUES (156,46,5);
INSERT INTO etapes (id_itineraire, id_checkpoint, position) VALUES (156,298,6);

INSERT INTO itineraire (id, nom, distance) VALUES (157, 'itineraire numero 157',0.059537377301754804);
INSERT INTO etapes (id_itineraire, id_checkpoint, position) VALUES (157,179,0);
INSERT INTO etapes (id_itineraire, id_checkpoint, position) VALUES (157,285,1);
INSERT INTO etapes (id_itineraire, id_checkpoint, position) VALUES (157,138,2);
INSERT INTO etapes (id_itineraire, id_checkpoint, position) VALUES (157,154,3);
INSERT INTO etapes (id_itineraire, id_checkpoint, position) VALUES (157,42,4);
INSERT INTO etapes (id_itineraire, id_checkpoint, position) VALUES (157,46,5);
INSERT INTO etapes (id_itineraire, id_checkpoint, position) VALUES (157,298,6);

INSERT INTO itineraire (id, nom, distance) VALUES (158, 'itineraire numero 158',0.06366411643752967);
INSERT INTO etapes (id_itineraire, id_checkpoint, position) VALUES (158,179,0);
INSERT INTO etapes (id_itineraire, id_checkpoint, position) VALUES (158,285,1);
INSERT INTO etapes (id_itineraire, id_checkpoint, position) VALUES (158,138,2);
INSERT INTO etapes (id_itineraire, id_checkpoint, position) VALUES (158,96,3);
INSERT INTO etapes (id_itineraire, id_checkpoint, position) VALUES (158,42,4);
INSERT INTO etapes (id_itineraire, id_checkpoint, position) VALUES (158,46,5);
INSERT INTO etapes (id_itineraire, id_checkpoint, position) VALUES (158,298,6);

INSERT INTO itineraire (id, nom, distance) VALUES (159, 'itineraire numero 159',0.061342373324424264);
INSERT INTO etapes (id_itineraire, id_checkpoint, position) VALUES (159,179,0);
INSERT INTO etapes (id_itineraire, id_checkpoint, position) VALUES (159,46,1);
INSERT INTO etapes (id_itineraire, id_checkpoint, position) VALUES (159,43,2);
INSERT INTO etapes (id_itineraire, id_checkpoint, position) VALUES (159,229,3);
INSERT INTO etapes (id_itineraire, id_checkpoint, position) VALUES (159,138,4);
INSERT INTO etapes (id_itineraire, id_checkpoint, position) VALUES (159,285,5);
INSERT INTO etapes (id_itineraire, id_checkpoint, position) VALUES (159,298,6);

INSERT INTO itineraire (id, nom, distance) VALUES (160, 'itineraire numero 160',0.06319911332395158);
INSERT INTO etapes (id_itineraire, id_checkpoint, position) VALUES (160,179,0);
INSERT INTO etapes (id_itineraire, id_checkpoint, position) VALUES (160,46,1);
INSERT INTO etapes (id_itineraire, id_checkpoint, position) VALUES (160,43,2);
INSERT INTO etapes (id_itineraire, id_checkpoint, position) VALUES (160,313,3);
INSERT INTO etapes (id_itineraire, id_checkpoint, position) VALUES (160,138,4);
INSERT INTO etapes (id_itineraire, id_checkpoint, position) VALUES (160,285,5);
INSERT INTO etapes (id_itineraire, id_checkpoint, position) VALUES (160,298,6);

INSERT INTO itineraire (id, nom, distance) VALUES (161, 'itineraire numero 161',0.057421419618307934);
INSERT INTO etapes (id_itineraire, id_checkpoint, position) VALUES (161,284,0);
INSERT INTO etapes (id_itineraire, id_checkpoint, position) VALUES (161,229,1);
INSERT INTO etapes (id_itineraire, id_checkpoint, position) VALUES (161,43,2);
INSERT INTO etapes (id_itineraire, id_checkpoint, position) VALUES (161,115,3);
INSERT INTO etapes (id_itineraire, id_checkpoint, position) VALUES (161,179,4);
INSERT INTO etapes (id_itineraire, id_checkpoint, position) VALUES (161,138,5);
INSERT INTO etapes (id_itineraire, id_checkpoint, position) VALUES (161,298,6);

INSERT INTO itineraire (id, nom, distance) VALUES (162, 'itineraire numero 162',0.05735657945186309);
INSERT INTO etapes (id_itineraire, id_checkpoint, position) VALUES (162,284,0);
INSERT INTO etapes (id_itineraire, id_checkpoint, position) VALUES (162,253,1);
INSERT INTO etapes (id_itineraire, id_checkpoint, position) VALUES (162,43,2);
INSERT INTO etapes (id_itineraire, id_checkpoint, position) VALUES (162,115,3);
INSERT INTO etapes (id_itineraire, id_checkpoint, position) VALUES (162,179,4);
INSERT INTO etapes (id_itineraire, id_checkpoint, position) VALUES (162,138,5);
INSERT INTO etapes (id_itineraire, id_checkpoint, position) VALUES (162,298,6);

INSERT INTO itineraire (id, nom, distance) VALUES (163, 'itineraire numero 163',0.05588981087477173);
INSERT INTO etapes (id_itineraire, id_checkpoint, position) VALUES (163,284,0);
INSERT INTO etapes (id_itineraire, id_checkpoint, position) VALUES (163,155,1);
INSERT INTO etapes (id_itineraire, id_checkpoint, position) VALUES (163,43,2);
INSERT INTO etapes (id_itineraire, id_checkpoint, position) VALUES (163,229,3);
INSERT INTO etapes (id_itineraire, id_checkpoint, position) VALUES (163,179,4);
INSERT INTO etapes (id_itineraire, id_checkpoint, position) VALUES (163,138,5);
INSERT INTO etapes (id_itineraire, id_checkpoint, position) VALUES (163,298,6);

INSERT INTO itineraire (id, nom, distance) VALUES (164, 'itineraire numero 164',0.057211236593030686);
INSERT INTO etapes (id_itineraire, id_checkpoint, position) VALUES (164,179,0);
INSERT INTO etapes (id_itineraire, id_checkpoint, position) VALUES (164,284,1);
INSERT INTO etapes (id_itineraire, id_checkpoint, position) VALUES (164,155,2);
INSERT INTO etapes (id_itineraire, id_checkpoint, position) VALUES (164,43,3);
INSERT INTO etapes (id_itineraire, id_checkpoint, position) VALUES (164,253,4);
INSERT INTO etapes (id_itineraire, id_checkpoint, position) VALUES (164,138,5);
INSERT INTO etapes (id_itineraire, id_checkpoint, position) VALUES (164,298,6);

INSERT INTO itineraire (id, nom, distance) VALUES (165, 'itineraire numero 165',0.056943022757230274);
INSERT INTO etapes (id_itineraire, id_checkpoint, position) VALUES (165,179,0);
INSERT INTO etapes (id_itineraire, id_checkpoint, position) VALUES (165,284,1);
INSERT INTO etapes (id_itineraire, id_checkpoint, position) VALUES (165,229,2);
INSERT INTO etapes (id_itineraire, id_checkpoint, position) VALUES (165,43,3);
INSERT INTO etapes (id_itineraire, id_checkpoint, position) VALUES (165,225,4);
INSERT INTO etapes (id_itineraire, id_checkpoint, position) VALUES (165,138,5);
INSERT INTO etapes (id_itineraire, id_checkpoint, position) VALUES (165,298,6);

INSERT INTO itineraire (id, nom, distance) VALUES (166, 'itineraire numero 166',0.05687818259078545);
INSERT INTO etapes (id_itineraire, id_checkpoint, position) VALUES (166,179,0);
INSERT INTO etapes (id_itineraire, id_checkpoint, position) VALUES (166,284,1);
INSERT INTO etapes (id_itineraire, id_checkpoint, position) VALUES (166,253,2);
INSERT INTO etapes (id_itineraire, id_checkpoint, position) VALUES (166,43,3);
INSERT INTO etapes (id_itineraire, id_checkpoint, position) VALUES (166,225,4);
INSERT INTO etapes (id_itineraire, id_checkpoint, position) VALUES (166,138,5);
INSERT INTO etapes (id_itineraire, id_checkpoint, position) VALUES (166,298,6);

INSERT INTO itineraire (id, nom, distance) VALUES (167, 'itineraire numero 167',0.06208365859280894);
INSERT INTO etapes (id_itineraire, id_checkpoint, position) VALUES (167,179,0);
INSERT INTO etapes (id_itineraire, id_checkpoint, position) VALUES (167,284,1);
INSERT INTO etapes (id_itineraire, id_checkpoint, position) VALUES (167,138,2);
INSERT INTO etapes (id_itineraire, id_checkpoint, position) VALUES (167,99,3);
INSERT INTO etapes (id_itineraire, id_checkpoint, position) VALUES (167,42,4);
INSERT INTO etapes (id_itineraire, id_checkpoint, position) VALUES (167,46,5);
INSERT INTO etapes (id_itineraire, id_checkpoint, position) VALUES (167,298,6);

INSERT INTO itineraire (id, nom, distance) VALUES (168, 'itineraire numero 168',0.05612349687155058);
INSERT INTO etapes (id_itineraire, id_checkpoint, position) VALUES (168,179,0);
INSERT INTO etapes (id_itineraire, id_checkpoint, position) VALUES (168,284,1);
INSERT INTO etapes (id_itineraire, id_checkpoint, position) VALUES (168,115,2);
INSERT INTO etapes (id_itineraire, id_checkpoint, position) VALUES (168,43,3);
INSERT INTO etapes (id_itineraire, id_checkpoint, position) VALUES (168,229,4);
INSERT INTO etapes (id_itineraire, id_checkpoint, position) VALUES (168,138,5);
INSERT INTO etapes (id_itineraire, id_checkpoint, position) VALUES (168,280,6);

INSERT INTO itineraire (id, nom, distance) VALUES (169, 'itineraire numero 169',0.053508677419460186);
INSERT INTO etapes (id_itineraire, id_checkpoint, position) VALUES (169,179,0);
INSERT INTO etapes (id_itineraire, id_checkpoint, position) VALUES (169,284,1);
INSERT INTO etapes (id_itineraire, id_checkpoint, position) VALUES (169,115,2);
INSERT INTO etapes (id_itineraire, id_checkpoint, position) VALUES (169,43,3);
INSERT INTO etapes (id_itineraire, id_checkpoint, position) VALUES (169,229,4);
INSERT INTO etapes (id_itineraire, id_checkpoint, position) VALUES (169,138,5);
INSERT INTO etapes (id_itineraire, id_checkpoint, position) VALUES (169,285,6);

INSERT INTO itineraire (id, nom, distance) VALUES (170, 'itineraire numero 170',0.052178539268627686);
INSERT INTO etapes (id_itineraire, id_checkpoint, position) VALUES (170,179,0);
INSERT INTO etapes (id_itineraire, id_checkpoint, position) VALUES (170,253,1);
INSERT INTO etapes (id_itineraire, id_checkpoint, position) VALUES (170,43,2);
INSERT INTO etapes (id_itineraire, id_checkpoint, position) VALUES (170,115,3);
INSERT INTO etapes (id_itineraire, id_checkpoint, position) VALUES (170,284,4);
INSERT INTO etapes (id_itineraire, id_checkpoint, position) VALUES (170,138,5);
INSERT INTO etapes (id_itineraire, id_checkpoint, position) VALUES (170,285,6);

INSERT INTO itineraire (id, nom, distance) VALUES (171, 'itineraire numero 171',0.04946650308610416);
INSERT INTO etapes (id_itineraire, id_checkpoint, position) VALUES (171,179,0);
INSERT INTO etapes (id_itineraire, id_checkpoint, position) VALUES (171,138,1);
INSERT INTO etapes (id_itineraire, id_checkpoint, position) VALUES (171,229,2);
INSERT INTO etapes (id_itineraire, id_checkpoint, position) VALUES (171,43,3);
INSERT INTO etapes (id_itineraire, id_checkpoint, position) VALUES (171,155,4);
INSERT INTO etapes (id_itineraire, id_checkpoint, position) VALUES (171,284,5);
INSERT INTO etapes (id_itineraire, id_checkpoint, position) VALUES (171,285,6);

INSERT INTO itineraire (id, nom, distance) VALUES (172, 'itineraire numero 172',0.04561514178300308);
INSERT INTO etapes (id_itineraire, id_checkpoint, position) VALUES (172,289,0);
INSERT INTO etapes (id_itineraire, id_checkpoint, position) VALUES (172,29,1);
INSERT INTO etapes (id_itineraire, id_checkpoint, position) VALUES (172,115,2);
INSERT INTO etapes (id_itineraire, id_checkpoint, position) VALUES (172,284,3);
INSERT INTO etapes (id_itineraire, id_checkpoint, position) VALUES (172,179,4);
INSERT INTO etapes (id_itineraire, id_checkpoint, position) VALUES (172,138,5);
INSERT INTO etapes (id_itineraire, id_checkpoint, position) VALUES (172,285,6);

INSERT INTO itineraire (id, nom, distance) VALUES (173, 'itineraire numero 173',0.04437593799005114);
INSERT INTO etapes (id_itineraire, id_checkpoint, position) VALUES (173,289,0);
INSERT INTO etapes (id_itineraire, id_checkpoint, position) VALUES (173,29,1);
INSERT INTO etapes (id_itineraire, id_checkpoint, position) VALUES (173,11,2);
INSERT INTO etapes (id_itineraire, id_checkpoint, position) VALUES (173,179,3);
INSERT INTO etapes (id_itineraire, id_checkpoint, position) VALUES (173,284,4);
INSERT INTO etapes (id_itineraire, id_checkpoint, position) VALUES (173,138,5);
INSERT INTO etapes (id_itineraire, id_checkpoint, position) VALUES (173,285,6);

INSERT INTO itineraire (id, nom, distance) VALUES (174, 'itineraire numero 174',0.05563613131811562);
INSERT INTO etapes (id_itineraire, id_checkpoint, position) VALUES (174,152,0);
INSERT INTO etapes (id_itineraire, id_checkpoint, position) VALUES (174,179,1);
INSERT INTO etapes (id_itineraire, id_checkpoint, position) VALUES (174,138,2);
INSERT INTO etapes (id_itineraire, id_checkpoint, position) VALUES (174,284,3);
INSERT INTO etapes (id_itineraire, id_checkpoint, position) VALUES (174,294,4);
INSERT INTO etapes (id_itineraire, id_checkpoint, position) VALUES (174,42,5);
INSERT INTO etapes (id_itineraire, id_checkpoint, position) VALUES (174,14,6);

INSERT INTO itineraire (id, nom, distance) VALUES (175, 'itineraire numero 175',0.0568464335429706);
INSERT INTO etapes (id_itineraire, id_checkpoint, position) VALUES (175,152,0);
INSERT INTO etapes (id_itineraire, id_checkpoint, position) VALUES (175,179,1);
INSERT INTO etapes (id_itineraire, id_checkpoint, position) VALUES (175,138,2);
INSERT INTO etapes (id_itineraire, id_checkpoint, position) VALUES (175,284,3);
INSERT INTO etapes (id_itineraire, id_checkpoint, position) VALUES (175,252,4);
INSERT INTO etapes (id_itineraire, id_checkpoint, position) VALUES (175,43,5);
INSERT INTO etapes (id_itineraire, id_checkpoint, position) VALUES (175,14,6);

INSERT INTO itineraire (id, nom, distance) VALUES (176, 'itineraire numero 176',0.0648545747556859);
INSERT INTO etapes (id_itineraire, id_checkpoint, position) VALUES (176,152,0);
INSERT INTO etapes (id_itineraire, id_checkpoint, position) VALUES (176,179,1);
INSERT INTO etapes (id_itineraire, id_checkpoint, position) VALUES (176,138,2);
INSERT INTO etapes (id_itineraire, id_checkpoint, position) VALUES (176,294,3);
INSERT INTO etapes (id_itineraire, id_checkpoint, position) VALUES (176,42,4);
INSERT INTO etapes (id_itineraire, id_checkpoint, position) VALUES (176,229,5);
INSERT INTO etapes (id_itineraire, id_checkpoint, position) VALUES (176,284,6);

INSERT INTO itineraire (id, nom, distance) VALUES (177, 'itineraire numero 177',0.06478973458924107);
INSERT INTO etapes (id_itineraire, id_checkpoint, position) VALUES (177,152,0);
INSERT INTO etapes (id_itineraire, id_checkpoint, position) VALUES (177,179,1);
INSERT INTO etapes (id_itineraire, id_checkpoint, position) VALUES (177,138,2);
INSERT INTO etapes (id_itineraire, id_checkpoint, position) VALUES (177,294,3);
INSERT INTO etapes (id_itineraire, id_checkpoint, position) VALUES (177,42,4);
INSERT INTO etapes (id_itineraire, id_checkpoint, position) VALUES (177,253,5);
INSERT INTO etapes (id_itineraire, id_checkpoint, position) VALUES (177,284,6);

INSERT INTO itineraire (id, nom, distance) VALUES (178, 'itineraire numero 178',0.07652579043163674);
INSERT INTO etapes (id_itineraire, id_checkpoint, position) VALUES (178,179,0);
INSERT INTO etapes (id_itineraire, id_checkpoint, position) VALUES (178,152,1);
INSERT INTO etapes (id_itineraire, id_checkpoint, position) VALUES (178,138,2);
INSERT INTO etapes (id_itineraire, id_checkpoint, position) VALUES (178,229,3);
INSERT INTO etapes (id_itineraire, id_checkpoint, position) VALUES (178,43,4);
INSERT INTO etapes (id_itineraire, id_checkpoint, position) VALUES (178,252,5);
INSERT INTO etapes (id_itineraire, id_checkpoint, position) VALUES (178,284,6);

INSERT INTO itineraire (id, nom, distance) VALUES (179, 'itineraire numero 179',0.07683671180651179);
INSERT INTO etapes (id_itineraire, id_checkpoint, position) VALUES (179,179,0);
INSERT INTO etapes (id_itineraire, id_checkpoint, position) VALUES (179,152,1);
INSERT INTO etapes (id_itineraire, id_checkpoint, position) VALUES (179,138,2);
INSERT INTO etapes (id_itineraire, id_checkpoint, position) VALUES (179,252,3);
INSERT INTO etapes (id_itineraire, id_checkpoint, position) VALUES (179,43,4);
INSERT INTO etapes (id_itineraire, id_checkpoint, position) VALUES (179,253,5);
INSERT INTO etapes (id_itineraire, id_checkpoint, position) VALUES (179,284,6);

INSERT INTO itineraire (id, nom, distance) VALUES (180, 'itineraire numero 180',0.0581762270693027);
INSERT INTO etapes (id_itineraire, id_checkpoint, position) VALUES (180,179,0);
INSERT INTO etapes (id_itineraire, id_checkpoint, position) VALUES (180,138,1);
INSERT INTO etapes (id_itineraire, id_checkpoint, position) VALUES (180,294,2);
INSERT INTO etapes (id_itineraire, id_checkpoint, position) VALUES (180,289,3);
INSERT INTO etapes (id_itineraire, id_checkpoint, position) VALUES (180,43,4);
INSERT INTO etapes (id_itineraire, id_checkpoint, position) VALUES (180,229,5);
INSERT INTO etapes (id_itineraire, id_checkpoint, position) VALUES (180,284,6);

INSERT INTO itineraire (id, nom, distance) VALUES (181, 'itineraire numero 181',0.05811138690285787);
INSERT INTO etapes (id_itineraire, id_checkpoint, position) VALUES (181,179,0);
INSERT INTO etapes (id_itineraire, id_checkpoint, position) VALUES (181,138,1);
INSERT INTO etapes (id_itineraire, id_checkpoint, position) VALUES (181,294,2);
INSERT INTO etapes (id_itineraire, id_checkpoint, position) VALUES (181,289,3);
INSERT INTO etapes (id_itineraire, id_checkpoint, position) VALUES (181,43,4);
INSERT INTO etapes (id_itineraire, id_checkpoint, position) VALUES (181,253,5);
INSERT INTO etapes (id_itineraire, id_checkpoint, position) VALUES (181,284,6);

INSERT INTO itineraire (id, nom, distance) VALUES (182, 'itineraire numero 182',0.058977256005769994);
INSERT INTO etapes (id_itineraire, id_checkpoint, position) VALUES (182,86,0);
INSERT INTO etapes (id_itineraire, id_checkpoint, position) VALUES (182,29,1);
INSERT INTO etapes (id_itineraire, id_checkpoint, position) VALUES (182,115,2);
INSERT INTO etapes (id_itineraire, id_checkpoint, position) VALUES (182,179,3);
INSERT INTO etapes (id_itineraire, id_checkpoint, position) VALUES (182,284,4);
INSERT INTO etapes (id_itineraire, id_checkpoint, position) VALUES (182,152,5);
INSERT INTO etapes (id_itineraire, id_checkpoint, position) VALUES (182,138,6);

INSERT INTO itineraire (id, nom, distance) VALUES (183, 'itineraire numero 183',0.07635758474951232);
INSERT INTO etapes (id_itineraire, id_checkpoint, position) VALUES (183,272,0);
INSERT INTO etapes (id_itineraire, id_checkpoint, position) VALUES (183,14,1);
INSERT INTO etapes (id_itineraire, id_checkpoint, position) VALUES (183,11,2);
INSERT INTO etapes (id_itineraire, id_checkpoint, position) VALUES (183,179,3);
INSERT INTO etapes (id_itineraire, id_checkpoint, position) VALUES (183,284,4);
INSERT INTO etapes (id_itineraire, id_checkpoint, position) VALUES (183,152,5);
INSERT INTO etapes (id_itineraire, id_checkpoint, position) VALUES (183,138,6);

INSERT INTO itineraire (id, nom, distance) VALUES (184, 'itineraire numero 184',0.06952472437506074);
INSERT INTO etapes (id_itineraire, id_checkpoint, position) VALUES (184,31,0);
INSERT INTO etapes (id_itineraire, id_checkpoint, position) VALUES (184,96,1);
INSERT INTO etapes (id_itineraire, id_checkpoint, position) VALUES (184,179,2);
INSERT INTO etapes (id_itineraire, id_checkpoint, position) VALUES (184,152,3);
INSERT INTO etapes (id_itineraire, id_checkpoint, position) VALUES (184,284,4);
INSERT INTO etapes (id_itineraire, id_checkpoint, position) VALUES (184,214,5);
INSERT INTO etapes (id_itineraire, id_checkpoint, position) VALUES (184,138,6);

INSERT INTO itineraire (id, nom, distance) VALUES (185, 'itineraire numero 185',0.053431612363295064);
INSERT INTO etapes (id_itineraire, id_checkpoint, position) VALUES (185,214,0);
INSERT INTO etapes (id_itineraire, id_checkpoint, position) VALUES (185,152,1);
INSERT INTO etapes (id_itineraire, id_checkpoint, position) VALUES (185,179,2);
INSERT INTO etapes (id_itineraire, id_checkpoint, position) VALUES (185,138,3);
INSERT INTO etapes (id_itineraire, id_checkpoint, position) VALUES (185,284,4);
INSERT INTO etapes (id_itineraire, id_checkpoint, position) VALUES (185,107,5);
INSERT INTO etapes (id_itineraire, id_checkpoint, position) VALUES (185,30,6);

INSERT INTO itineraire (id, nom, distance) VALUES (186, 'itineraire numero 186',0.0755722447561887);
INSERT INTO etapes (id_itineraire, id_checkpoint, position) VALUES (186,294,0);
INSERT INTO etapes (id_itineraire, id_checkpoint, position) VALUES (186,14,1);
INSERT INTO etapes (id_itineraire, id_checkpoint, position) VALUES (186,11,2);
INSERT INTO etapes (id_itineraire, id_checkpoint, position) VALUES (186,179,3);
INSERT INTO etapes (id_itineraire, id_checkpoint, position) VALUES (186,152,4);
INSERT INTO etapes (id_itineraire, id_checkpoint, position) VALUES (186,284,5);
INSERT INTO etapes (id_itineraire, id_checkpoint, position) VALUES (186,138,6);

INSERT INTO itineraire (id, nom, distance) VALUES (187, 'itineraire numero 187',0.05380558789047017);
INSERT INTO etapes (id_itineraire, id_checkpoint, position) VALUES (187,11,0);
INSERT INTO etapes (id_itineraire, id_checkpoint, position) VALUES (187,14,1);
INSERT INTO etapes (id_itineraire, id_checkpoint, position) VALUES (187,268,2);
INSERT INTO etapes (id_itineraire, id_checkpoint, position) VALUES (187,179,3);
INSERT INTO etapes (id_itineraire, id_checkpoint, position) VALUES (187,138,4);
INSERT INTO etapes (id_itineraire, id_checkpoint, position) VALUES (187,284,5);
INSERT INTO etapes (id_itineraire, id_checkpoint, position) VALUES (187,152,6);

INSERT INTO itineraire (id, nom, distance) VALUES (188, 'itineraire numero 188',0.056164461803875854);
INSERT INTO etapes (id_itineraire, id_checkpoint, position) VALUES (188,11,0);
INSERT INTO etapes (id_itineraire, id_checkpoint, position) VALUES (188,14,1);
INSERT INTO etapes (id_itineraire, id_checkpoint, position) VALUES (188,252,2);
INSERT INTO etapes (id_itineraire, id_checkpoint, position) VALUES (188,179,3);
INSERT INTO etapes (id_itineraire, id_checkpoint, position) VALUES (188,138,4);
INSERT INTO etapes (id_itineraire, id_checkpoint, position) VALUES (188,284,5);
INSERT INTO etapes (id_itineraire, id_checkpoint, position) VALUES (188,152,6);

INSERT INTO itineraire (id, nom, distance) VALUES (189, 'itineraire numero 189',0.06436230318743187);
INSERT INTO etapes (id_itineraire, id_checkpoint, position) VALUES (189,138,0);
INSERT INTO etapes (id_itineraire, id_checkpoint, position) VALUES (189,256,1);
INSERT INTO etapes (id_itineraire, id_checkpoint, position) VALUES (189,14,2);
INSERT INTO etapes (id_itineraire, id_checkpoint, position) VALUES (189,11,3);
INSERT INTO etapes (id_itineraire, id_checkpoint, position) VALUES (189,179,4);
INSERT INTO etapes (id_itineraire, id_checkpoint, position) VALUES (189,284,5);
INSERT INTO etapes (id_itineraire, id_checkpoint, position) VALUES (189,152,6);

INSERT INTO itineraire (id, nom, distance) VALUES (190, 'itineraire numero 190',0.0633189880707273);
INSERT INTO etapes (id_itineraire, id_checkpoint, position) VALUES (190,138,0);
INSERT INTO etapes (id_itineraire, id_checkpoint, position) VALUES (190,255,1);
INSERT INTO etapes (id_itineraire, id_checkpoint, position) VALUES (190,14,2);
INSERT INTO etapes (id_itineraire, id_checkpoint, position) VALUES (190,11,3);
INSERT INTO etapes (id_itineraire, id_checkpoint, position) VALUES (190,179,4);
INSERT INTO etapes (id_itineraire, id_checkpoint, position) VALUES (190,284,5);
INSERT INTO etapes (id_itineraire, id_checkpoint, position) VALUES (190,152,6);

INSERT INTO itineraire (id, nom, distance) VALUES (191, 'itineraire numero 191',0.05315234915336002);
INSERT INTO etapes (id_itineraire, id_checkpoint, position) VALUES (191,205,0);
INSERT INTO etapes (id_itineraire, id_checkpoint, position) VALUES (191,152,1);
INSERT INTO etapes (id_itineraire, id_checkpoint, position) VALUES (191,138,2);
INSERT INTO etapes (id_itineraire, id_checkpoint, position) VALUES (191,179,3);
INSERT INTO etapes (id_itineraire, id_checkpoint, position) VALUES (191,115,4);
INSERT INTO etapes (id_itineraire, id_checkpoint, position) VALUES (191,43,5);
INSERT INTO etapes (id_itineraire, id_checkpoint, position) VALUES (191,30,6);

INSERT INTO itineraire (id, nom, distance) VALUES (192, 'itineraire numero 192',0.060048049703091924);
INSERT INTO etapes (id_itineraire, id_checkpoint, position) VALUES (192,270,0);
INSERT INTO etapes (id_itineraire, id_checkpoint, position) VALUES (192,138,1);
INSERT INTO etapes (id_itineraire, id_checkpoint, position) VALUES (192,152,2);
INSERT INTO etapes (id_itineraire, id_checkpoint, position) VALUES (192,179,3);
INSERT INTO etapes (id_itineraire, id_checkpoint, position) VALUES (192,115,4);
INSERT INTO etapes (id_itineraire, id_checkpoint, position) VALUES (192,43,5);
INSERT INTO etapes (id_itineraire, id_checkpoint, position) VALUES (192,30,6);

INSERT INTO itineraire (id, nom, distance) VALUES (193, 'itineraire numero 193',0.059865615008856926);
INSERT INTO etapes (id_itineraire, id_checkpoint, position) VALUES (193,277,0);
INSERT INTO etapes (id_itineraire, id_checkpoint, position) VALUES (193,138,1);
INSERT INTO etapes (id_itineraire, id_checkpoint, position) VALUES (193,152,2);
INSERT INTO etapes (id_itineraire, id_checkpoint, position) VALUES (193,179,3);
INSERT INTO etapes (id_itineraire, id_checkpoint, position) VALUES (193,115,4);
INSERT INTO etapes (id_itineraire, id_checkpoint, position) VALUES (193,43,5);
INSERT INTO etapes (id_itineraire, id_checkpoint, position) VALUES (193,30,6);

INSERT INTO itineraire (id, nom, distance) VALUES (194, 'itineraire numero 194',0.06573398658390872);
INSERT INTO etapes (id_itineraire, id_checkpoint, position) VALUES (194,214,0);
INSERT INTO etapes (id_itineraire, id_checkpoint, position) VALUES (194,138,1);
INSERT INTO etapes (id_itineraire, id_checkpoint, position) VALUES (194,152,2);
INSERT INTO etapes (id_itineraire, id_checkpoint, position) VALUES (194,179,3);
INSERT INTO etapes (id_itineraire, id_checkpoint, position) VALUES (194,115,4);
INSERT INTO etapes (id_itineraire, id_checkpoint, position) VALUES (194,43,5);
INSERT INTO etapes (id_itineraire, id_checkpoint, position) VALUES (194,30,6);

INSERT INTO itineraire (id, nom, distance) VALUES (195, 'itineraire numero 195',0.060318992232248445);
INSERT INTO etapes (id_itineraire, id_checkpoint, position) VALUES (195,296,0);
INSERT INTO etapes (id_itineraire, id_checkpoint, position) VALUES (195,138,1);
INSERT INTO etapes (id_itineraire, id_checkpoint, position) VALUES (195,152,2);
INSERT INTO etapes (id_itineraire, id_checkpoint, position) VALUES (195,179,3);
INSERT INTO etapes (id_itineraire, id_checkpoint, position) VALUES (195,115,4);
INSERT INTO etapes (id_itineraire, id_checkpoint, position) VALUES (195,43,5);
INSERT INTO etapes (id_itineraire, id_checkpoint, position) VALUES (195,30,6);

INSERT INTO itineraire (id, nom, distance) VALUES (196, 'itineraire numero 196',0.04511715958658795);
INSERT INTO etapes (id_itineraire, id_checkpoint, position) VALUES (196,205,0);
INSERT INTO etapes (id_itineraire, id_checkpoint, position) VALUES (196,179,1);
INSERT INTO etapes (id_itineraire, id_checkpoint, position) VALUES (196,138,2);
INSERT INTO etapes (id_itineraire, id_checkpoint, position) VALUES (196,115,3);
INSERT INTO etapes (id_itineraire, id_checkpoint, position) VALUES (196,14,4);
INSERT INTO etapes (id_itineraire, id_checkpoint, position) VALUES (196,43,5);
INSERT INTO etapes (id_itineraire, id_checkpoint, position) VALUES (196,289,6);

INSERT INTO itineraire (id, nom, distance) VALUES (197, 'itineraire numero 197',0.04553500504387356);
INSERT INTO etapes (id_itineraire, id_checkpoint, position) VALUES (197,205,0);
INSERT INTO etapes (id_itineraire, id_checkpoint, position) VALUES (197,179,1);
INSERT INTO etapes (id_itineraire, id_checkpoint, position) VALUES (197,138,2);
INSERT INTO etapes (id_itineraire, id_checkpoint, position) VALUES (197,115,3);
INSERT INTO etapes (id_itineraire, id_checkpoint, position) VALUES (197,289,4);
INSERT INTO etapes (id_itineraire, id_checkpoint, position) VALUES (197,43,5);
INSERT INTO etapes (id_itineraire, id_checkpoint, position) VALUES (197,30,6);

INSERT INTO itineraire (id, nom, distance) VALUES (198, 'itineraire numero 198',0.04867656268538398);
INSERT INTO etapes (id_itineraire, id_checkpoint, position) VALUES (198,22,0);
INSERT INTO etapes (id_itineraire, id_checkpoint, position) VALUES (198,138,1);
INSERT INTO etapes (id_itineraire, id_checkpoint, position) VALUES (198,179,2);
INSERT INTO etapes (id_itineraire, id_checkpoint, position) VALUES (198,115,3);
INSERT INTO etapes (id_itineraire, id_checkpoint, position) VALUES (198,43,4);
INSERT INTO etapes (id_itineraire, id_checkpoint, position) VALUES (198,289,5);
INSERT INTO etapes (id_itineraire, id_checkpoint, position) VALUES (198,30,6);

INSERT INTO itineraire (id, nom, distance) VALUES (199, 'itineraire numero 199',0.0488632801610356);
INSERT INTO etapes (id_itineraire, id_checkpoint, position) VALUES (199,23,0);
INSERT INTO etapes (id_itineraire, id_checkpoint, position) VALUES (199,138,1);
INSERT INTO etapes (id_itineraire, id_checkpoint, position) VALUES (199,179,2);
INSERT INTO etapes (id_itineraire, id_checkpoint, position) VALUES (199,116,3);
INSERT INTO etapes (id_itineraire, id_checkpoint, position) VALUES (199,43,4);
INSERT INTO etapes (id_itineraire, id_checkpoint, position) VALUES (199,289,5);
INSERT INTO etapes (id_itineraire, id_checkpoint, position) VALUES (199,30,6);

INSERT INTO itineraire (id, nom, distance) VALUES (200, 'itineraire numero 200',0.04623715967577502);
INSERT INTO etapes (id_itineraire, id_checkpoint, position) VALUES (200,270,0);
INSERT INTO etapes (id_itineraire, id_checkpoint, position) VALUES (200,138,1);
INSERT INTO etapes (id_itineraire, id_checkpoint, position) VALUES (200,179,2);
INSERT INTO etapes (id_itineraire, id_checkpoint, position) VALUES (200,116,3);
INSERT INTO etapes (id_itineraire, id_checkpoint, position) VALUES (200,43,4);
INSERT INTO etapes (id_itineraire, id_checkpoint, position) VALUES (200,289,5);
INSERT INTO etapes (id_itineraire, id_checkpoint, position) VALUES (200,30,6);

INSERT INTO itineraire (id, nom, distance) VALUES (201, 'itineraire numero 201',0.04905999521309945);
INSERT INTO etapes (id_itineraire, id_checkpoint, position) VALUES (201,24,0);
INSERT INTO etapes (id_itineraire, id_checkpoint, position) VALUES (201,138,1);
INSERT INTO etapes (id_itineraire, id_checkpoint, position) VALUES (201,179,2);
INSERT INTO etapes (id_itineraire, id_checkpoint, position) VALUES (201,116,3);
INSERT INTO etapes (id_itineraire, id_checkpoint, position) VALUES (201,43,4);
INSERT INTO etapes (id_itineraire, id_checkpoint, position) VALUES (201,289,5);
INSERT INTO etapes (id_itineraire, id_checkpoint, position) VALUES (201,30,6);

INSERT INTO itineraire (id, nom, distance) VALUES (202, 'itineraire numero 202',0.06371440501677572);
INSERT INTO etapes (id_itineraire, id_checkpoint, position) VALUES (202,289,0);
INSERT INTO etapes (id_itineraire, id_checkpoint, position) VALUES (202,29,1);
INSERT INTO etapes (id_itineraire, id_checkpoint, position) VALUES (202,115,2);
INSERT INTO etapes (id_itineraire, id_checkpoint, position) VALUES (202,205,3);
INSERT INTO etapes (id_itineraire, id_checkpoint, position) VALUES (202,152,4);
INSERT INTO etapes (id_itineraire, id_checkpoint, position) VALUES (202,179,5);
INSERT INTO etapes (id_itineraire, id_checkpoint, position) VALUES (202,138,6);

INSERT INTO itineraire (id, nom, distance) VALUES (203, 'itineraire numero 203',0.06150112316153651);
INSERT INTO etapes (id_itineraire, id_checkpoint, position) VALUES (203,289,0);
INSERT INTO etapes (id_itineraire, id_checkpoint, position) VALUES (203,29,1);
INSERT INTO etapes (id_itineraire, id_checkpoint, position) VALUES (203,116,2);
INSERT INTO etapes (id_itineraire, id_checkpoint, position) VALUES (203,179,3);
INSERT INTO etapes (id_itineraire, id_checkpoint, position) VALUES (203,152,4);
INSERT INTO etapes (id_itineraire, id_checkpoint, position) VALUES (203,22,5);
INSERT INTO etapes (id_itineraire, id_checkpoint, position) VALUES (203,138,6);

INSERT INTO itineraire (id, nom, distance) VALUES (204, 'itineraire numero 204',0.06171427752426946);
INSERT INTO etapes (id_itineraire, id_checkpoint, position) VALUES (204,31,0);
INSERT INTO etapes (id_itineraire, id_checkpoint, position) VALUES (204,289,1);
INSERT INTO etapes (id_itineraire, id_checkpoint, position) VALUES (204,116,2);
INSERT INTO etapes (id_itineraire, id_checkpoint, position) VALUES (204,179,3);
INSERT INTO etapes (id_itineraire, id_checkpoint, position) VALUES (204,152,4);
INSERT INTO etapes (id_itineraire, id_checkpoint, position) VALUES (204,23,5);
INSERT INTO etapes (id_itineraire, id_checkpoint, position) VALUES (204,138,6);

INSERT INTO itineraire (id, nom, distance) VALUES (205, 'itineraire numero 205',0.07116378869198711);
INSERT INTO etapes (id_itineraire, id_checkpoint, position) VALUES (205,31,0);
INSERT INTO etapes (id_itineraire, id_checkpoint, position) VALUES (205,289,1);
INSERT INTO etapes (id_itineraire, id_checkpoint, position) VALUES (205,116,2);
INSERT INTO etapes (id_itineraire, id_checkpoint, position) VALUES (205,270,3);
INSERT INTO etapes (id_itineraire, id_checkpoint, position) VALUES (205,179,4);
INSERT INTO etapes (id_itineraire, id_checkpoint, position) VALUES (205,152,5);
INSERT INTO etapes (id_itineraire, id_checkpoint, position) VALUES (205,138,6);

INSERT INTO itineraire (id, nom, distance) VALUES (206, 'itineraire numero 206',0.062132345649704754);
INSERT INTO etapes (id_itineraire, id_checkpoint, position) VALUES (206,31,0);
INSERT INTO etapes (id_itineraire, id_checkpoint, position) VALUES (206,289,1);
INSERT INTO etapes (id_itineraire, id_checkpoint, position) VALUES (206,116,2);
INSERT INTO etapes (id_itineraire, id_checkpoint, position) VALUES (206,179,3);
INSERT INTO etapes (id_itineraire, id_checkpoint, position) VALUES (206,24,4);
INSERT INTO etapes (id_itineraire, id_checkpoint, position) VALUES (206,152,5);
INSERT INTO etapes (id_itineraire, id_checkpoint, position) VALUES (206,138,6);

INSERT INTO itineraire (id, nom, distance) VALUES (207, 'itineraire numero 207',0.07470419217533146);
INSERT INTO etapes (id_itineraire, id_checkpoint, position) VALUES (207,31,0);
INSERT INTO etapes (id_itineraire, id_checkpoint, position) VALUES (207,96,1);
INSERT INTO etapes (id_itineraire, id_checkpoint, position) VALUES (207,179,2);
INSERT INTO etapes (id_itineraire, id_checkpoint, position) VALUES (207,152,3);
INSERT INTO etapes (id_itineraire, id_checkpoint, position) VALUES (207,138,4);
INSERT INTO etapes (id_itineraire, id_checkpoint, position) VALUES (207,294,5);
INSERT INTO etapes (id_itineraire, id_checkpoint, position) VALUES (207,289,6);

INSERT INTO itineraire (id, nom, distance) VALUES (208, 'itineraire numero 208',0.07476986692373529);
INSERT INTO etapes (id_itineraire, id_checkpoint, position) VALUES (208,31,0);
INSERT INTO etapes (id_itineraire, id_checkpoint, position) VALUES (208,107,1);
INSERT INTO etapes (id_itineraire, id_checkpoint, position) VALUES (208,179,2);
INSERT INTO etapes (id_itineraire, id_checkpoint, position) VALUES (208,152,3);
INSERT INTO etapes (id_itineraire, id_checkpoint, position) VALUES (208,138,4);
INSERT INTO etapes (id_itineraire, id_checkpoint, position) VALUES (208,294,5);
INSERT INTO etapes (id_itineraire, id_checkpoint, position) VALUES (208,289,6);

INSERT INTO itineraire (id, nom, distance) VALUES (209, 'itineraire numero 209',0.07548706496279153);
INSERT INTO etapes (id_itineraire, id_checkpoint, position) VALUES (209,31,0);
INSERT INTO etapes (id_itineraire, id_checkpoint, position) VALUES (209,96,1);
INSERT INTO etapes (id_itineraire, id_checkpoint, position) VALUES (209,179,2);
INSERT INTO etapes (id_itineraire, id_checkpoint, position) VALUES (209,152,3);
INSERT INTO etapes (id_itineraire, id_checkpoint, position) VALUES (209,138,4);
INSERT INTO etapes (id_itineraire, id_checkpoint, position) VALUES (209,262,5);
INSERT INTO etapes (id_itineraire, id_checkpoint, position) VALUES (209,289,6);

INSERT INTO itineraire (id, nom, distance) VALUES (210, 'itineraire numero 210',0.05028769593576797);
INSERT INTO etapes (id_itineraire, id_checkpoint, position) VALUES (210,150,0);
INSERT INTO etapes (id_itineraire, id_checkpoint, position) VALUES (210,205,1);
INSERT INTO etapes (id_itineraire, id_checkpoint, position) VALUES (210,138,2);
INSERT INTO etapes (id_itineraire, id_checkpoint, position) VALUES (210,179,3);
INSERT INTO etapes (id_itineraire, id_checkpoint, position) VALUES (210,115,4);
INSERT INTO etapes (id_itineraire, id_checkpoint, position) VALUES (210,289,5);
INSERT INTO etapes (id_itineraire, id_checkpoint, position) VALUES (210,30,6);

INSERT INTO itineraire (id, nom, distance) VALUES (211, 'itineraire numero 211',0.050645309779938474);
INSERT INTO etapes (id_itineraire, id_checkpoint, position) VALUES (211,150,0);
INSERT INTO etapes (id_itineraire, id_checkpoint, position) VALUES (211,270,1);
INSERT INTO etapes (id_itineraire, id_checkpoint, position) VALUES (211,138,2);
INSERT INTO etapes (id_itineraire, id_checkpoint, position) VALUES (211,179,3);
INSERT INTO etapes (id_itineraire, id_checkpoint, position) VALUES (211,115,4);
INSERT INTO etapes (id_itineraire, id_checkpoint, position) VALUES (211,289,5);
INSERT INTO etapes (id_itineraire, id_checkpoint, position) VALUES (211,30,6);

INSERT INTO itineraire (id, nom, distance) VALUES (212, 'itineraire numero 212',0.053287465013611056);
INSERT INTO etapes (id_itineraire, id_checkpoint, position) VALUES (212,150,0);
INSERT INTO etapes (id_itineraire, id_checkpoint, position) VALUES (212,277,1);
INSERT INTO etapes (id_itineraire, id_checkpoint, position) VALUES (212,138,2);
INSERT INTO etapes (id_itineraire, id_checkpoint, position) VALUES (212,179,3);
INSERT INTO etapes (id_itineraire, id_checkpoint, position) VALUES (212,115,4);
INSERT INTO etapes (id_itineraire, id_checkpoint, position) VALUES (212,29,5);
INSERT INTO etapes (id_itineraire, id_checkpoint, position) VALUES (212,289,6);

INSERT INTO itineraire (id, nom, distance) VALUES (213, 'itineraire numero 213',0.05041315855366998);
INSERT INTO etapes (id_itineraire, id_checkpoint, position) VALUES (213,150,0);
INSERT INTO etapes (id_itineraire, id_checkpoint, position) VALUES (213,214,1);
INSERT INTO etapes (id_itineraire, id_checkpoint, position) VALUES (213,138,2);
INSERT INTO etapes (id_itineraire, id_checkpoint, position) VALUES (213,179,3);
INSERT INTO etapes (id_itineraire, id_checkpoint, position) VALUES (213,116,4);
INSERT INTO etapes (id_itineraire, id_checkpoint, position) VALUES (213,29,5);
INSERT INTO etapes (id_itineraire, id_checkpoint, position) VALUES (213,289,6);

INSERT INTO itineraire (id, nom, distance) VALUES (214, 'itineraire numero 214',0.06590380841187579);
INSERT INTO etapes (id_itineraire, id_checkpoint, position) VALUES (214,31,0);
INSERT INTO etapes (id_itineraire, id_checkpoint, position) VALUES (214,289,1);
INSERT INTO etapes (id_itineraire, id_checkpoint, position) VALUES (214,116,2);
INSERT INTO etapes (id_itineraire, id_checkpoint, position) VALUES (214,296,3);
INSERT INTO etapes (id_itineraire, id_checkpoint, position) VALUES (214,150,4);
INSERT INTO etapes (id_itineraire, id_checkpoint, position) VALUES (214,179,5);
INSERT INTO etapes (id_itineraire, id_checkpoint, position) VALUES (214,138,6);

INSERT INTO itineraire (id, nom, distance) VALUES (215, 'itineraire numero 215',0.06263067472221198);
INSERT INTO etapes (id_itineraire, id_checkpoint, position) VALUES (215,31,0);
INSERT INTO etapes (id_itineraire, id_checkpoint, position) VALUES (215,289,1);
INSERT INTO etapes (id_itineraire, id_checkpoint, position) VALUES (215,116,2);
INSERT INTO etapes (id_itineraire, id_checkpoint, position) VALUES (215,189,3);
INSERT INTO etapes (id_itineraire, id_checkpoint, position) VALUES (215,179,4);
INSERT INTO etapes (id_itineraire, id_checkpoint, position) VALUES (215,150,5);
INSERT INTO etapes (id_itineraire, id_checkpoint, position) VALUES (215,138,6);

INSERT INTO itineraire (id, nom, distance) VALUES (216, 'itineraire numero 216',0.06619639631030345);
INSERT INTO etapes (id_itineraire, id_checkpoint, position) VALUES (216,31,0);
INSERT INTO etapes (id_itineraire, id_checkpoint, position) VALUES (216,289,1);
INSERT INTO etapes (id_itineraire, id_checkpoint, position) VALUES (216,116,2);
INSERT INTO etapes (id_itineraire, id_checkpoint, position) VALUES (216,180,3);
INSERT INTO etapes (id_itineraire, id_checkpoint, position) VALUES (216,179,4);
INSERT INTO etapes (id_itineraire, id_checkpoint, position) VALUES (216,150,5);
INSERT INTO etapes (id_itineraire, id_checkpoint, position) VALUES (216,138,6);

INSERT INTO itineraire (id, nom, distance) VALUES (217, 'itineraire numero 217',0.055223986286458006);
INSERT INTO etapes (id_itineraire, id_checkpoint, position) VALUES (217,150,0);
INSERT INTO etapes (id_itineraire, id_checkpoint, position) VALUES (217,138,1);
INSERT INTO etapes (id_itineraire, id_checkpoint, position) VALUES (217,179,2);
INSERT INTO etapes (id_itineraire, id_checkpoint, position) VALUES (217,116,3);
INSERT INTO etapes (id_itineraire, id_checkpoint, position) VALUES (217,289,4);
INSERT INTO etapes (id_itineraire, id_checkpoint, position) VALUES (217,85,5);
INSERT INTO etapes (id_itineraire, id_checkpoint, position) VALUES (217,30,6);

INSERT INTO itineraire (id, nom, distance) VALUES (218, 'itineraire numero 218',0.06964453864634093);
INSERT INTO etapes (id_itineraire, id_checkpoint, position) VALUES (218,150,0);
INSERT INTO etapes (id_itineraire, id_checkpoint, position) VALUES (218,179,1);
INSERT INTO etapes (id_itineraire, id_checkpoint, position) VALUES (218,11,2);
INSERT INTO etapes (id_itineraire, id_checkpoint, position) VALUES (218,29,3);
INSERT INTO etapes (id_itineraire, id_checkpoint, position) VALUES (218,289,4);
INSERT INTO etapes (id_itineraire, id_checkpoint, position) VALUES (218,294,5);
INSERT INTO etapes (id_itineraire, id_checkpoint, position) VALUES (218,138,6);

INSERT INTO itineraire (id, nom, distance) VALUES (219, 'itineraire numero 219',0.05053363680950081);
INSERT INTO etapes (id_itineraire, id_checkpoint, position) VALUES (219,150,0);
INSERT INTO etapes (id_itineraire, id_checkpoint, position) VALUES (219,138,1);
INSERT INTO etapes (id_itineraire, id_checkpoint, position) VALUES (219,179,2);
INSERT INTO etapes (id_itineraire, id_checkpoint, position) VALUES (219,11,3);
INSERT INTO etapes (id_itineraire, id_checkpoint, position) VALUES (219,289,4);
INSERT INTO etapes (id_itineraire, id_checkpoint, position) VALUES (219,85,5);
INSERT INTO etapes (id_itineraire, id_checkpoint, position) VALUES (219,30,6);

INSERT INTO itineraire (id, nom, distance) VALUES (220, 'itineraire numero 220',0.070427411433801);
INSERT INTO etapes (id_itineraire, id_checkpoint, position) VALUES (220,150,0);
INSERT INTO etapes (id_itineraire, id_checkpoint, position) VALUES (220,179,1);
INSERT INTO etapes (id_itineraire, id_checkpoint, position) VALUES (220,11,2);
INSERT INTO etapes (id_itineraire, id_checkpoint, position) VALUES (220,29,3);
INSERT INTO etapes (id_itineraire, id_checkpoint, position) VALUES (220,289,4);
INSERT INTO etapes (id_itineraire, id_checkpoint, position) VALUES (220,262,5);
INSERT INTO etapes (id_itineraire, id_checkpoint, position) VALUES (220,138,6);

INSERT INTO itineraire (id, nom, distance) VALUES (221, 'itineraire numero 221',0.057523534484471325);
INSERT INTO etapes (id_itineraire, id_checkpoint, position) VALUES (221,150,0);
INSERT INTO etapes (id_itineraire, id_checkpoint, position) VALUES (221,179,1);
INSERT INTO etapes (id_itineraire, id_checkpoint, position) VALUES (221,138,2);
INSERT INTO etapes (id_itineraire, id_checkpoint, position) VALUES (221,252,3);
INSERT INTO etapes (id_itineraire, id_checkpoint, position) VALUES (221,289,4);
INSERT INTO etapes (id_itineraire, id_checkpoint, position) VALUES (221,11,5);
INSERT INTO etapes (id_itineraire, id_checkpoint, position) VALUES (221,31,6);

INSERT INTO itineraire (id, nom, distance) VALUES (222, 'itineraire numero 222',0.062171329361920866);
INSERT INTO etapes (id_itineraire, id_checkpoint, position) VALUES (222,86,0);
INSERT INTO etapes (id_itineraire, id_checkpoint, position) VALUES (222,29,1);
INSERT INTO etapes (id_itineraire, id_checkpoint, position) VALUES (222,289,2);
INSERT INTO etapes (id_itineraire, id_checkpoint, position) VALUES (222,185,3);
INSERT INTO etapes (id_itineraire, id_checkpoint, position) VALUES (222,179,4);
INSERT INTO etapes (id_itineraire, id_checkpoint, position) VALUES (222,150,5);
INSERT INTO etapes (id_itineraire, id_checkpoint, position) VALUES (222,138,6);

INSERT INTO itineraire (id, nom, distance) VALUES (223, 'itineraire numero 223',0.06213046149793162);
INSERT INTO etapes (id_itineraire, id_checkpoint, position) VALUES (223,86,0);
INSERT INTO etapes (id_itineraire, id_checkpoint, position) VALUES (223,29,1);
INSERT INTO etapes (id_itineraire, id_checkpoint, position) VALUES (223,289,2);
INSERT INTO etapes (id_itineraire, id_checkpoint, position) VALUES (223,96,3);
INSERT INTO etapes (id_itineraire, id_checkpoint, position) VALUES (223,179,4);
INSERT INTO etapes (id_itineraire, id_checkpoint, position) VALUES (223,150,5);
INSERT INTO etapes (id_itineraire, id_checkpoint, position) VALUES (223,138,6);

INSERT INTO itineraire (id, nom, distance) VALUES (224, 'itineraire numero 224',0.06419698954282346);
INSERT INTO etapes (id_itineraire, id_checkpoint, position) VALUES (224,86,0);
INSERT INTO etapes (id_itineraire, id_checkpoint, position) VALUES (224,29,1);
INSERT INTO etapes (id_itineraire, id_checkpoint, position) VALUES (224,289,2);
INSERT INTO etapes (id_itineraire, id_checkpoint, position) VALUES (224,301,3);
INSERT INTO etapes (id_itineraire, id_checkpoint, position) VALUES (224,179,4);
INSERT INTO etapes (id_itineraire, id_checkpoint, position) VALUES (224,150,5);
INSERT INTO etapes (id_itineraire, id_checkpoint, position) VALUES (224,138,6);

INSERT INTO itineraire (id, nom, distance) VALUES (225, 'itineraire numero 225',0.06572666114502002);
INSERT INTO etapes (id_itineraire, id_checkpoint, position) VALUES (225,86,0);
INSERT INTO etapes (id_itineraire, id_checkpoint, position) VALUES (225,29,1);
INSERT INTO etapes (id_itineraire, id_checkpoint, position) VALUES (225,289,2);
INSERT INTO etapes (id_itineraire, id_checkpoint, position) VALUES (225,107,3);
INSERT INTO etapes (id_itineraire, id_checkpoint, position) VALUES (225,179,4);
INSERT INTO etapes (id_itineraire, id_checkpoint, position) VALUES (225,150,5);
INSERT INTO etapes (id_itineraire, id_checkpoint, position) VALUES (225,138,6);

INSERT INTO itineraire (id, nom, distance) VALUES (226, 'itineraire numero 226',0.06612154083180506);
INSERT INTO etapes (id_itineraire, id_checkpoint, position) VALUES (226,86,0);
INSERT INTO etapes (id_itineraire, id_checkpoint, position) VALUES (226,29,1);
INSERT INTO etapes (id_itineraire, id_checkpoint, position) VALUES (226,289,2);
INSERT INTO etapes (id_itineraire, id_checkpoint, position) VALUES (226,116,3);
INSERT INTO etapes (id_itineraire, id_checkpoint, position) VALUES (226,179,4);
INSERT INTO etapes (id_itineraire, id_checkpoint, position) VALUES (226,151,5);
INSERT INTO etapes (id_itineraire, id_checkpoint, position) VALUES (226,138,6);

INSERT INTO itineraire (id, nom, distance) VALUES (227, 'itineraire numero 227',0.056433040164524884);
INSERT INTO etapes (id_itineraire, id_checkpoint, position) VALUES (227,11,0);
INSERT INTO etapes (id_itineraire, id_checkpoint, position) VALUES (227,30,1);
INSERT INTO etapes (id_itineraire, id_checkpoint, position) VALUES (227,289,2);
INSERT INTO etapes (id_itineraire, id_checkpoint, position) VALUES (227,294,3);
INSERT INTO etapes (id_itineraire, id_checkpoint, position) VALUES (227,179,4);
INSERT INTO etapes (id_itineraire, id_checkpoint, position) VALUES (227,138,5);
INSERT INTO etapes (id_itineraire, id_checkpoint, position) VALUES (227,151,6);

INSERT INTO itineraire (id, nom, distance) VALUES (228, 'itineraire numero 228',0.06842481848563967);
INSERT INTO etapes (id_itineraire, id_checkpoint, position) VALUES (228,151,0);
INSERT INTO etapes (id_itineraire, id_checkpoint, position) VALUES (228,138,1);
INSERT INTO etapes (id_itineraire, id_checkpoint, position) VALUES (228,262,2);
INSERT INTO etapes (id_itineraire, id_checkpoint, position) VALUES (228,289,3);
INSERT INTO etapes (id_itineraire, id_checkpoint, position) VALUES (228,29,4);
INSERT INTO etapes (id_itineraire, id_checkpoint, position) VALUES (228,11,5);
INSERT INTO etapes (id_itineraire, id_checkpoint, position) VALUES (228,179,6);

INSERT INTO itineraire (id, nom, distance) VALUES (229, 'itineraire numero 229',0.0680702108663473);
INSERT INTO etapes (id_itineraire, id_checkpoint, position) VALUES (229,151,0);
INSERT INTO etapes (id_itineraire, id_checkpoint, position) VALUES (229,138,1);
INSERT INTO etapes (id_itineraire, id_checkpoint, position) VALUES (229,252,2);
INSERT INTO etapes (id_itineraire, id_checkpoint, position) VALUES (229,289,3);
INSERT INTO etapes (id_itineraire, id_checkpoint, position) VALUES (229,29,4);
INSERT INTO etapes (id_itineraire, id_checkpoint, position) VALUES (229,11,5);
INSERT INTO etapes (id_itineraire, id_checkpoint, position) VALUES (229,179,6);

INSERT INTO itineraire (id, nom, distance) VALUES (230, 'itineraire numero 230',0.0658727794309387);
INSERT INTO etapes (id_itineraire, id_checkpoint, position) VALUES (230,205,0);
INSERT INTO etapes (id_itineraire, id_checkpoint, position) VALUES (230,229,1);
INSERT INTO etapes (id_itineraire, id_checkpoint, position) VALUES (230,41,2);
INSERT INTO etapes (id_itineraire, id_checkpoint, position) VALUES (230,289,3);
INSERT INTO etapes (id_itineraire, id_checkpoint, position) VALUES (230,116,4);
INSERT INTO etapes (id_itineraire, id_checkpoint, position) VALUES (230,179,5);
INSERT INTO etapes (id_itineraire, id_checkpoint, position) VALUES (230,138,6);

INSERT INTO itineraire (id, nom, distance) VALUES (231, 'itineraire numero 231',0.06707873950196161);
INSERT INTO etapes (id_itineraire, id_checkpoint, position) VALUES (231,205,0);
INSERT INTO etapes (id_itineraire, id_checkpoint, position) VALUES (231,44,1);
INSERT INTO etapes (id_itineraire, id_checkpoint, position) VALUES (231,41,2);
INSERT INTO etapes (id_itineraire, id_checkpoint, position) VALUES (231,289,3);
INSERT INTO etapes (id_itineraire, id_checkpoint, position) VALUES (231,116,4);
INSERT INTO etapes (id_itineraire, id_checkpoint, position) VALUES (231,179,5);
INSERT INTO etapes (id_itineraire, id_checkpoint, position) VALUES (231,138,6);

INSERT INTO itineraire (id, nom, distance) VALUES (232, 'itineraire numero 232',0.047440820785258415);
INSERT INTO etapes (id_itineraire, id_checkpoint, position) VALUES (232,150,0);
INSERT INTO etapes (id_itineraire, id_checkpoint, position) VALUES (232,151,1);
INSERT INTO etapes (id_itineraire, id_checkpoint, position) VALUES (232,138,2);
INSERT INTO etapes (id_itineraire, id_checkpoint, position) VALUES (232,179,3);
INSERT INTO etapes (id_itineraire, id_checkpoint, position) VALUES (232,116,4);
INSERT INTO etapes (id_itineraire, id_checkpoint, position) VALUES (232,29,5);
INSERT INTO etapes (id_itineraire, id_checkpoint, position) VALUES (232,85,6);

INSERT INTO itineraire (id, nom, distance) VALUES (233, 'itineraire numero 233',0.04397454457646712);
INSERT INTO etapes (id_itineraire, id_checkpoint, position) VALUES (233,150,0);
INSERT INTO etapes (id_itineraire, id_checkpoint, position) VALUES (233,151,1);
INSERT INTO etapes (id_itineraire, id_checkpoint, position) VALUES (233,205,2);
INSERT INTO etapes (id_itineraire, id_checkpoint, position) VALUES (233,138,3);
INSERT INTO etapes (id_itineraire, id_checkpoint, position) VALUES (233,179,4);
INSERT INTO etapes (id_itineraire, id_checkpoint, position) VALUES (233,11,5);
INSERT INTO etapes (id_itineraire, id_checkpoint, position) VALUES (233,31,6);

INSERT INTO itineraire (id, nom, distance) VALUES (234, 'itineraire numero 234',0.0673712438899392);
INSERT INTO etapes (id_itineraire, id_checkpoint, position) VALUES (234,150,0);
INSERT INTO etapes (id_itineraire, id_checkpoint, position) VALUES (234,151,1);
INSERT INTO etapes (id_itineraire, id_checkpoint, position) VALUES (234,179,2);
INSERT INTO etapes (id_itineraire, id_checkpoint, position) VALUES (234,11,3);
INSERT INTO etapes (id_itineraire, id_checkpoint, position) VALUES (234,14,4);
INSERT INTO etapes (id_itineraire, id_checkpoint, position) VALUES (234,272,5);
INSERT INTO etapes (id_itineraire, id_checkpoint, position) VALUES (234,138,6);

INSERT INTO itineraire (id, nom, distance) VALUES (235, 'itineraire numero 235',0.042973520894572265);
INSERT INTO etapes (id_itineraire, id_checkpoint, position) VALUES (235,150,0);
INSERT INTO etapes (id_itineraire, id_checkpoint, position) VALUES (235,151,1);
INSERT INTO etapes (id_itineraire, id_checkpoint, position) VALUES (235,214,2);
INSERT INTO etapes (id_itineraire, id_checkpoint, position) VALUES (235,138,3);
INSERT INTO etapes (id_itineraire, id_checkpoint, position) VALUES (235,179,4);
INSERT INTO etapes (id_itineraire, id_checkpoint, position) VALUES (235,96,5);
INSERT INTO etapes (id_itineraire, id_checkpoint, position) VALUES (235,31,6);

INSERT INTO itineraire (id, nom, distance) VALUES (236, 'itineraire numero 236',0.04303919564297608);
INSERT INTO etapes (id_itineraire, id_checkpoint, position) VALUES (236,150,0);
INSERT INTO etapes (id_itineraire, id_checkpoint, position) VALUES (236,151,1);
INSERT INTO etapes (id_itineraire, id_checkpoint, position) VALUES (236,214,2);
INSERT INTO etapes (id_itineraire, id_checkpoint, position) VALUES (236,138,3);
INSERT INTO etapes (id_itineraire, id_checkpoint, position) VALUES (236,179,4);
INSERT INTO etapes (id_itineraire, id_checkpoint, position) VALUES (236,107,5);
INSERT INTO etapes (id_itineraire, id_checkpoint, position) VALUES (236,31,6);

INSERT INTO itineraire (id, nom, distance) VALUES (237, 'itineraire numero 237',0.06674554571466083);
INSERT INTO etapes (id_itineraire, id_checkpoint, position) VALUES (237,150,0);
INSERT INTO etapes (id_itineraire, id_checkpoint, position) VALUES (237,151,1);
INSERT INTO etapes (id_itineraire, id_checkpoint, position) VALUES (237,179,2);
INSERT INTO etapes (id_itineraire, id_checkpoint, position) VALUES (237,11,3);
INSERT INTO etapes (id_itineraire, id_checkpoint, position) VALUES (237,14,4);
INSERT INTO etapes (id_itineraire, id_checkpoint, position) VALUES (237,294,5);
INSERT INTO etapes (id_itineraire, id_checkpoint, position) VALUES (237,138,6);

INSERT INTO itineraire (id, nom, distance) VALUES (238, 'itineraire numero 238',0.06599459727798646);
INSERT INTO etapes (id_itineraire, id_checkpoint, position) VALUES (238,150,0);
INSERT INTO etapes (id_itineraire, id_checkpoint, position) VALUES (238,151,1);
INSERT INTO etapes (id_itineraire, id_checkpoint, position) VALUES (238,179,2);
INSERT INTO etapes (id_itineraire, id_checkpoint, position) VALUES (238,11,3);
INSERT INTO etapes (id_itineraire, id_checkpoint, position) VALUES (238,14,4);
INSERT INTO etapes (id_itineraire, id_checkpoint, position) VALUES (238,268,5);
INSERT INTO etapes (id_itineraire, id_checkpoint, position) VALUES (238,138,6);

INSERT INTO itineraire (id, nom, distance) VALUES (239, 'itineraire numero 239',0.06958999425607183);
INSERT INTO etapes (id_itineraire, id_checkpoint, position) VALUES (239,150,0);
INSERT INTO etapes (id_itineraire, id_checkpoint, position) VALUES (239,151,1);
INSERT INTO etapes (id_itineraire, id_checkpoint, position) VALUES (239,179,2);
INSERT INTO etapes (id_itineraire, id_checkpoint, position) VALUES (239,11,3);
INSERT INTO etapes (id_itineraire, id_checkpoint, position) VALUES (239,14,4);
INSERT INTO etapes (id_itineraire, id_checkpoint, position) VALUES (239,252,5);
INSERT INTO etapes (id_itineraire, id_checkpoint, position) VALUES (239,138,6);

INSERT INTO itineraire (id, nom, distance) VALUES (240, 'itineraire numero 240',0.053645139985264115);
INSERT INTO etapes (id_itineraire, id_checkpoint, position) VALUES (240,150,0);
INSERT INTO etapes (id_itineraire, id_checkpoint, position) VALUES (240,151,1);
INSERT INTO etapes (id_itineraire, id_checkpoint, position) VALUES (240,179,2);
INSERT INTO etapes (id_itineraire, id_checkpoint, position) VALUES (240,138,3);
INSERT INTO etapes (id_itineraire, id_checkpoint, position) VALUES (240,256,4);
INSERT INTO etapes (id_itineraire, id_checkpoint, position) VALUES (240,14,5);
INSERT INTO etapes (id_itineraire, id_checkpoint, position) VALUES (240,11,6);

INSERT INTO itineraire (id, nom, distance) VALUES (241, 'itineraire numero 241',0.06542636120997929);
INSERT INTO etapes (id_itineraire, id_checkpoint, position) VALUES (241,151,0);
INSERT INTO etapes (id_itineraire, id_checkpoint, position) VALUES (241,150,1);
INSERT INTO etapes (id_itineraire, id_checkpoint, position) VALUES (241,255,2);
INSERT INTO etapes (id_itineraire, id_checkpoint, position) VALUES (241,14,3);
INSERT INTO etapes (id_itineraire, id_checkpoint, position) VALUES (241,11,4);
INSERT INTO etapes (id_itineraire, id_checkpoint, position) VALUES (241,179,5);
INSERT INTO etapes (id_itineraire, id_checkpoint, position) VALUES (241,138,6);

INSERT INTO itineraire (id, nom, distance) VALUES (242, 'itineraire numero 242',0.05078400684570434);
INSERT INTO etapes (id_itineraire, id_checkpoint, position) VALUES (242,151,0);
INSERT INTO etapes (id_itineraire, id_checkpoint, position) VALUES (242,150,1);
INSERT INTO etapes (id_itineraire, id_checkpoint, position) VALUES (242,138,2);
INSERT INTO etapes (id_itineraire, id_checkpoint, position) VALUES (242,179,3);
INSERT INTO etapes (id_itineraire, id_checkpoint, position) VALUES (242,11,4);
INSERT INTO etapes (id_itineraire, id_checkpoint, position) VALUES (242,85,5);
INSERT INTO etapes (id_itineraire, id_checkpoint, position) VALUES (242,31,6);

INSERT INTO itineraire (id, nom, distance) VALUES (243, 'itineraire numero 243',0.05038776108844692);
INSERT INTO etapes (id_itineraire, id_checkpoint, position) VALUES (243,151,0);
INSERT INTO etapes (id_itineraire, id_checkpoint, position) VALUES (243,150,1);
INSERT INTO etapes (id_itineraire, id_checkpoint, position) VALUES (243,179,2);
INSERT INTO etapes (id_itineraire, id_checkpoint, position) VALUES (243,138,3);
INSERT INTO etapes (id_itineraire, id_checkpoint, position) VALUES (243,180,4);
INSERT INTO etapes (id_itineraire, id_checkpoint, position) VALUES (243,96,5);
INSERT INTO etapes (id_itineraire, id_checkpoint, position) VALUES (243,31,6);

INSERT INTO itineraire (id, nom, distance) VALUES (244, 'itineraire numero 244',0.05160963975230656);
INSERT INTO etapes (id_itineraire, id_checkpoint, position) VALUES (244,151,0);
INSERT INTO etapes (id_itineraire, id_checkpoint, position) VALUES (244,150,1);
INSERT INTO etapes (id_itineraire, id_checkpoint, position) VALUES (244,179,2);
INSERT INTO etapes (id_itineraire, id_checkpoint, position) VALUES (244,138,3);
INSERT INTO etapes (id_itineraire, id_checkpoint, position) VALUES (244,180,4);
INSERT INTO etapes (id_itineraire, id_checkpoint, position) VALUES (244,107,5);
INSERT INTO etapes (id_itineraire, id_checkpoint, position) VALUES (244,31,6);

INSERT INTO itineraire (id, nom, distance) VALUES (245, 'itineraire numero 245',0.04284642135844969);
INSERT INTO etapes (id_itineraire, id_checkpoint, position) VALUES (245,151,0);
INSERT INTO etapes (id_itineraire, id_checkpoint, position) VALUES (245,150,1);
INSERT INTO etapes (id_itineraire, id_checkpoint, position) VALUES (245,194,2);
INSERT INTO etapes (id_itineraire, id_checkpoint, position) VALUES (245,138,3);
INSERT INTO etapes (id_itineraire, id_checkpoint, position) VALUES (245,179,4);
INSERT INTO etapes (id_itineraire, id_checkpoint, position) VALUES (245,96,5);
INSERT INTO etapes (id_itineraire, id_checkpoint, position) VALUES (245,31,6);

INSERT INTO itineraire (id, nom, distance) VALUES (246, 'itineraire numero 246',0.05004225287007913);
INSERT INTO etapes (id_itineraire, id_checkpoint, position) VALUES (246,151,0);
INSERT INTO etapes (id_itineraire, id_checkpoint, position) VALUES (246,150,1);
INSERT INTO etapes (id_itineraire, id_checkpoint, position) VALUES (246,138,2);
INSERT INTO etapes (id_itineraire, id_checkpoint, position) VALUES (246,179,3);
INSERT INTO etapes (id_itineraire, id_checkpoint, position) VALUES (246,96,4);
INSERT INTO etapes (id_itineraire, id_checkpoint, position) VALUES (246,85,5);
INSERT INTO etapes (id_itineraire, id_checkpoint, position) VALUES (246,31,6);

INSERT INTO itineraire (id, nom, distance) VALUES (247, 'itineraire numero 247',0.04346585147102258);
INSERT INTO etapes (id_itineraire, id_checkpoint, position) VALUES (247,151,0);
INSERT INTO etapes (id_itineraire, id_checkpoint, position) VALUES (247,150,1);
INSERT INTO etapes (id_itineraire, id_checkpoint, position) VALUES (247,267,2);
INSERT INTO etapes (id_itineraire, id_checkpoint, position) VALUES (247,138,3);
INSERT INTO etapes (id_itineraire, id_checkpoint, position) VALUES (247,179,4);
INSERT INTO etapes (id_itineraire, id_checkpoint, position) VALUES (247,96,5);
INSERT INTO etapes (id_itineraire, id_checkpoint, position) VALUES (247,31,6);

INSERT INTO itineraire (id, nom, distance) VALUES (248, 'itineraire numero 248',0.04291209610685351);
INSERT INTO etapes (id_itineraire, id_checkpoint, position) VALUES (248,151,0);
INSERT INTO etapes (id_itineraire, id_checkpoint, position) VALUES (248,150,1);
INSERT INTO etapes (id_itineraire, id_checkpoint, position) VALUES (248,194,2);
INSERT INTO etapes (id_itineraire, id_checkpoint, position) VALUES (248,138,3);
INSERT INTO etapes (id_itineraire, id_checkpoint, position) VALUES (248,179,4);
INSERT INTO etapes (id_itineraire, id_checkpoint, position) VALUES (248,107,5);
INSERT INTO etapes (id_itineraire, id_checkpoint, position) VALUES (248,31,6);

INSERT INTO itineraire (id, nom, distance) VALUES (249, 'itineraire numero 249',0.04741025901927046);
INSERT INTO etapes (id_itineraire, id_checkpoint, position) VALUES (249,151,0);
INSERT INTO etapes (id_itineraire, id_checkpoint, position) VALUES (249,150,1);
INSERT INTO etapes (id_itineraire, id_checkpoint, position) VALUES (249,138,2);
INSERT INTO etapes (id_itineraire, id_checkpoint, position) VALUES (249,179,3);
INSERT INTO etapes (id_itineraire, id_checkpoint, position) VALUES (249,107,4);
INSERT INTO etapes (id_itineraire, id_checkpoint, position) VALUES (249,29,5);
INSERT INTO etapes (id_itineraire, id_checkpoint, position) VALUES (249,85,6);

INSERT INTO itineraire (id, nom, distance) VALUES (250, 'itineraire numero 250',0.043531526219426395);
INSERT INTO etapes (id_itineraire, id_checkpoint, position) VALUES (250,151,0);
INSERT INTO etapes (id_itineraire, id_checkpoint, position) VALUES (250,150,1);
INSERT INTO etapes (id_itineraire, id_checkpoint, position) VALUES (250,267,2);
INSERT INTO etapes (id_itineraire, id_checkpoint, position) VALUES (250,138,3);
INSERT INTO etapes (id_itineraire, id_checkpoint, position) VALUES (250,179,4);
INSERT INTO etapes (id_itineraire, id_checkpoint, position) VALUES (250,107,5);
INSERT INTO etapes (id_itineraire, id_checkpoint, position) VALUES (250,31,6);

INSERT INTO itineraire (id, nom, distance) VALUES (251, 'itineraire numero 251',0.05829157497279544);
INSERT INTO etapes (id_itineraire, id_checkpoint, position) VALUES (251,205,0);
INSERT INTO etapes (id_itineraire, id_checkpoint, position) VALUES (251,150,1);
INSERT INTO etapes (id_itineraire, id_checkpoint, position) VALUES (251,179,2);
INSERT INTO etapes (id_itineraire, id_checkpoint, position) VALUES (251,138,3);
INSERT INTO etapes (id_itineraire, id_checkpoint, position) VALUES (251,116,4);
INSERT INTO etapes (id_itineraire, id_checkpoint, position) VALUES (251,14,5);
INSERT INTO etapes (id_itineraire, id_checkpoint, position) VALUES (251,41,6);

INSERT INTO itineraire (id, nom, distance) VALUES (252, 'itineraire numero 252',0.06558574501326565);
INSERT INTO etapes (id_itineraire, id_checkpoint, position) VALUES (252,41,0);
INSERT INTO etapes (id_itineraire, id_checkpoint, position) VALUES (252,229,1);
INSERT INTO etapes (id_itineraire, id_checkpoint, position) VALUES (252,116,2);
INSERT INTO etapes (id_itineraire, id_checkpoint, position) VALUES (252,205,3);
INSERT INTO etapes (id_itineraire, id_checkpoint, position) VALUES (252,150,4);
INSERT INTO etapes (id_itineraire, id_checkpoint, position) VALUES (252,179,5);
INSERT INTO etapes (id_itineraire, id_checkpoint, position) VALUES (252,138,6);

INSERT INTO itineraire (id, nom, distance) VALUES (253, 'itineraire numero 253',0.05689918374814059);
INSERT INTO etapes (id_itineraire, id_checkpoint, position) VALUES (253,179,0);
INSERT INTO etapes (id_itineraire, id_checkpoint, position) VALUES (253,150,1);
INSERT INTO etapes (id_itineraire, id_checkpoint, position) VALUES (253,205,2);
INSERT INTO etapes (id_itineraire, id_checkpoint, position) VALUES (253,138,3);
INSERT INTO etapes (id_itineraire, id_checkpoint, position) VALUES (253,116,4);
INSERT INTO etapes (id_itineraire, id_checkpoint, position) VALUES (253,29,5);
INSERT INTO etapes (id_itineraire, id_checkpoint, position) VALUES (253,41,6);

INSERT INTO itineraire (id, nom, distance) VALUES (254, 'itineraire numero 254',0.06913846300395687);
INSERT INTO etapes (id_itineraire, id_checkpoint, position) VALUES (254,41,0);
INSERT INTO etapes (id_itineraire, id_checkpoint, position) VALUES (254,44,1);
INSERT INTO etapes (id_itineraire, id_checkpoint, position) VALUES (254,205,2);
INSERT INTO etapes (id_itineraire, id_checkpoint, position) VALUES (254,150,3);
INSERT INTO etapes (id_itineraire, id_checkpoint, position) VALUES (254,138,4);
INSERT INTO etapes (id_itineraire, id_checkpoint, position) VALUES (254,179,5);
INSERT INTO etapes (id_itineraire, id_checkpoint, position) VALUES (254,115,6);

INSERT INTO itineraire (id, nom, distance) VALUES (255, 'itineraire numero 255',0.06763478473907623);
INSERT INTO etapes (id_itineraire, id_checkpoint, position) VALUES (255,41,0);
INSERT INTO etapes (id_itineraire, id_checkpoint, position) VALUES (255,44,1);
INSERT INTO etapes (id_itineraire, id_checkpoint, position) VALUES (255,179,2);
INSERT INTO etapes (id_itineraire, id_checkpoint, position) VALUES (255,116,3);
INSERT INTO etapes (id_itineraire, id_checkpoint, position) VALUES (255,138,4);
INSERT INTO etapes (id_itineraire, id_checkpoint, position) VALUES (255,150,5);
INSERT INTO etapes (id_itineraire, id_checkpoint, position) VALUES (255,22,6);

INSERT INTO itineraire (id, nom, distance) VALUES (256, 'itineraire numero 256',0.06743619037497549);
INSERT INTO etapes (id_itineraire, id_checkpoint, position) VALUES (256,41,0);
INSERT INTO etapes (id_itineraire, id_checkpoint, position) VALUES (256,44,1);
INSERT INTO etapes (id_itineraire, id_checkpoint, position) VALUES (256,179,2);
INSERT INTO etapes (id_itineraire, id_checkpoint, position) VALUES (256,116,3);
INSERT INTO etapes (id_itineraire, id_checkpoint, position) VALUES (256,138,4);
INSERT INTO etapes (id_itineraire, id_checkpoint, position) VALUES (256,150,5);
INSERT INTO etapes (id_itineraire, id_checkpoint, position) VALUES (256,23,6);

INSERT INTO itineraire (id, nom, distance) VALUES (257, 'itineraire numero 257',0.05770578937692456);
INSERT INTO etapes (id_itineraire, id_checkpoint, position) VALUES (257,270,0);
INSERT INTO etapes (id_itineraire, id_checkpoint, position) VALUES (257,150,1);
INSERT INTO etapes (id_itineraire, id_checkpoint, position) VALUES (257,179,2);
INSERT INTO etapes (id_itineraire, id_checkpoint, position) VALUES (257,138,3);
INSERT INTO etapes (id_itineraire, id_checkpoint, position) VALUES (257,116,4);
INSERT INTO etapes (id_itineraire, id_checkpoint, position) VALUES (257,14,5);
INSERT INTO etapes (id_itineraire, id_checkpoint, position) VALUES (257,41,6);

INSERT INTO itineraire (id, nom, distance) VALUES (258, 'itineraire numero 258',0.06814070121080053);
INSERT INTO etapes (id_itineraire, id_checkpoint, position) VALUES (258,41,0);
INSERT INTO etapes (id_itineraire, id_checkpoint, position) VALUES (258,229,1);
INSERT INTO etapes (id_itineraire, id_checkpoint, position) VALUES (258,270,2);
INSERT INTO etapes (id_itineraire, id_checkpoint, position) VALUES (258,150,3);
INSERT INTO etapes (id_itineraire, id_checkpoint, position) VALUES (258,138,4);
INSERT INTO etapes (id_itineraire, id_checkpoint, position) VALUES (258,179,5);
INSERT INTO etapes (id_itineraire, id_checkpoint, position) VALUES (258,115,6);

INSERT INTO itineraire (id, nom, distance) VALUES (259, 'itineraire numero 259',0.05579955405429156);
INSERT INTO etapes (id_itineraire, id_checkpoint, position) VALUES (259,270,0);
INSERT INTO etapes (id_itineraire, id_checkpoint, position) VALUES (259,150,1);
INSERT INTO etapes (id_itineraire, id_checkpoint, position) VALUES (259,179,2);
INSERT INTO etapes (id_itineraire, id_checkpoint, position) VALUES (259,138,3);
INSERT INTO etapes (id_itineraire, id_checkpoint, position) VALUES (259,116,4);
INSERT INTO etapes (id_itineraire, id_checkpoint, position) VALUES (259,29,5);
INSERT INTO etapes (id_itineraire, id_checkpoint, position) VALUES (259,41,6);

INSERT INTO itineraire (id, nom, distance) VALUES (260, 'itineraire numero 260',0.06928662873892674);
INSERT INTO etapes (id_itineraire, id_checkpoint, position) VALUES (260,41,0);
INSERT INTO etapes (id_itineraire, id_checkpoint, position) VALUES (260,44,1);
INSERT INTO etapes (id_itineraire, id_checkpoint, position) VALUES (260,270,2);
INSERT INTO etapes (id_itineraire, id_checkpoint, position) VALUES (260,150,3);
INSERT INTO etapes (id_itineraire, id_checkpoint, position) VALUES (260,138,4);
INSERT INTO etapes (id_itineraire, id_checkpoint, position) VALUES (260,179,5);
INSERT INTO etapes (id_itineraire, id_checkpoint, position) VALUES (260,115,6);

INSERT INTO itineraire (id, nom, distance) VALUES (261, 'itineraire numero 261',0.06722483428990395);
INSERT INTO etapes (id_itineraire, id_checkpoint, position) VALUES (261,41,0);
INSERT INTO etapes (id_itineraire, id_checkpoint, position) VALUES (261,44,1);
INSERT INTO etapes (id_itineraire, id_checkpoint, position) VALUES (261,179,2);
INSERT INTO etapes (id_itineraire, id_checkpoint, position) VALUES (261,116,3);
INSERT INTO etapes (id_itineraire, id_checkpoint, position) VALUES (261,138,4);
INSERT INTO etapes (id_itineraire, id_checkpoint, position) VALUES (261,150,5);
INSERT INTO etapes (id_itineraire, id_checkpoint, position) VALUES (261,24,6);

INSERT INTO itineraire (id, nom, distance) VALUES (262, 'itineraire numero 262',0.0543367014685725);
INSERT INTO etapes (id_itineraire, id_checkpoint, position) VALUES (262,115,0);
INSERT INTO etapes (id_itineraire, id_checkpoint, position) VALUES (262,41,1);
INSERT INTO etapes (id_itineraire, id_checkpoint, position) VALUES (262,44,2);
INSERT INTO etapes (id_itineraire, id_checkpoint, position) VALUES (262,272,3);
INSERT INTO etapes (id_itineraire, id_checkpoint, position) VALUES (262,179,4);
INSERT INTO etapes (id_itineraire, id_checkpoint, position) VALUES (262,138,5);
INSERT INTO etapes (id_itineraire, id_checkpoint, position) VALUES (262,150,6);

INSERT INTO itineraire (id, nom, distance) VALUES (263, 'itineraire numero 263',0.0693626352064654);
INSERT INTO etapes (id_itineraire, id_checkpoint, position) VALUES (263,41,0);
INSERT INTO etapes (id_itineraire, id_checkpoint, position) VALUES (263,229,1);
INSERT INTO etapes (id_itineraire, id_checkpoint, position) VALUES (263,277,2);
INSERT INTO etapes (id_itineraire, id_checkpoint, position) VALUES (263,150,3);
INSERT INTO etapes (id_itineraire, id_checkpoint, position) VALUES (263,138,4);
INSERT INTO etapes (id_itineraire, id_checkpoint, position) VALUES (263,179,5);
INSERT INTO etapes (id_itineraire, id_checkpoint, position) VALUES (263,115,6);

INSERT INTO itineraire (id, nom, distance) VALUES (264, 'itineraire numero 264',0.07045452725988478);
INSERT INTO etapes (id_itineraire, id_checkpoint, position) VALUES (264,115,0);
INSERT INTO etapes (id_itineraire, id_checkpoint, position) VALUES (264,41,1);
INSERT INTO etapes (id_itineraire, id_checkpoint, position) VALUES (264,44,2);
INSERT INTO etapes (id_itineraire, id_checkpoint, position) VALUES (264,277,3);
INSERT INTO etapes (id_itineraire, id_checkpoint, position) VALUES (264,150,4);
INSERT INTO etapes (id_itineraire, id_checkpoint, position) VALUES (264,138,5);
INSERT INTO etapes (id_itineraire, id_checkpoint, position) VALUES (264,179,6);

INSERT INTO itineraire (id, nom, distance) VALUES (265, 'itineraire numero 265',0.06595241534413414);
INSERT INTO etapes (id_itineraire, id_checkpoint, position) VALUES (265,41,0);
INSERT INTO etapes (id_itineraire, id_checkpoint, position) VALUES (265,229,1);
INSERT INTO etapes (id_itineraire, id_checkpoint, position) VALUES (265,138,2);
INSERT INTO etapes (id_itineraire, id_checkpoint, position) VALUES (265,150,3);
INSERT INTO etapes (id_itineraire, id_checkpoint, position) VALUES (265,214,4);
INSERT INTO etapes (id_itineraire, id_checkpoint, position) VALUES (265,179,5);
INSERT INTO etapes (id_itineraire, id_checkpoint, position) VALUES (265,115,6);

INSERT INTO itineraire (id, nom, distance) VALUES (266, 'itineraire numero 266',0.07707638038299013);
INSERT INTO etapes (id_itineraire, id_checkpoint, position) VALUES (266,115,0);
INSERT INTO etapes (id_itineraire, id_checkpoint, position) VALUES (266,41,1);
INSERT INTO etapes (id_itineraire, id_checkpoint, position) VALUES (266,44,2);
INSERT INTO etapes (id_itineraire, id_checkpoint, position) VALUES (266,179,3);
INSERT INTO etapes (id_itineraire, id_checkpoint, position) VALUES (266,150,4);
INSERT INTO etapes (id_itineraire, id_checkpoint, position) VALUES (266,138,5);
INSERT INTO etapes (id_itineraire, id_checkpoint, position) VALUES (266,214,6);

INSERT INTO itineraire (id, nom, distance) VALUES (267, 'itineraire numero 267',0.05500078914827209);
INSERT INTO etapes (id_itineraire, id_checkpoint, position) VALUES (267,115,0);
INSERT INTO etapes (id_itineraire, id_checkpoint, position) VALUES (267,41,1);
INSERT INTO etapes (id_itineraire, id_checkpoint, position) VALUES (267,44,2);
INSERT INTO etapes (id_itineraire, id_checkpoint, position) VALUES (267,294,3);
INSERT INTO etapes (id_itineraire, id_checkpoint, position) VALUES (267,179,4);
INSERT INTO etapes (id_itineraire, id_checkpoint, position) VALUES (267,138,5);
INSERT INTO etapes (id_itineraire, id_checkpoint, position) VALUES (267,150,6);

INSERT INTO itineraire (id, nom, distance) VALUES (268, 'itineraire numero 268',0.06880071635165713);
INSERT INTO etapes (id_itineraire, id_checkpoint, position) VALUES (268,115,0);
INSERT INTO etapes (id_itineraire, id_checkpoint, position) VALUES (268,41,1);
INSERT INTO etapes (id_itineraire, id_checkpoint, position) VALUES (268,229,2);
INSERT INTO etapes (id_itineraire, id_checkpoint, position) VALUES (268,296,3);
INSERT INTO etapes (id_itineraire, id_checkpoint, position) VALUES (268,150,4);
INSERT INTO etapes (id_itineraire, id_checkpoint, position) VALUES (268,138,5);
INSERT INTO etapes (id_itineraire, id_checkpoint, position) VALUES (268,179,6);

INSERT INTO itineraire (id, nom, distance) VALUES (269, 'itineraire numero 269',0.06985520377000513);
INSERT INTO etapes (id_itineraire, id_checkpoint, position) VALUES (269,115,0);
INSERT INTO etapes (id_itineraire, id_checkpoint, position) VALUES (269,41,1);
INSERT INTO etapes (id_itineraire, id_checkpoint, position) VALUES (269,44,2);
INSERT INTO etapes (id_itineraire, id_checkpoint, position) VALUES (269,296,3);
INSERT INTO etapes (id_itineraire, id_checkpoint, position) VALUES (269,150,4);
INSERT INTO etapes (id_itineraire, id_checkpoint, position) VALUES (269,138,5);
INSERT INTO etapes (id_itineraire, id_checkpoint, position) VALUES (269,179,6);

INSERT INTO itineraire (id, nom, distance) VALUES (270, 'itineraire numero 270',0.05320555468574906);
INSERT INTO etapes (id_itineraire, id_checkpoint, position) VALUES (270,115,0);
INSERT INTO etapes (id_itineraire, id_checkpoint, position) VALUES (270,41,1);
INSERT INTO etapes (id_itineraire, id_checkpoint, position) VALUES (270,229,2);
INSERT INTO etapes (id_itineraire, id_checkpoint, position) VALUES (270,189,3);
INSERT INTO etapes (id_itineraire, id_checkpoint, position) VALUES (270,179,4);
INSERT INTO etapes (id_itineraire, id_checkpoint, position) VALUES (270,138,5);
INSERT INTO etapes (id_itineraire, id_checkpoint, position) VALUES (270,150,6);

INSERT INTO itineraire (id, nom, distance) VALUES (271, 'itineraire numero 271',0.06733208802173503);
INSERT INTO etapes (id_itineraire, id_checkpoint, position) VALUES (271,115,0);
INSERT INTO etapes (id_itineraire, id_checkpoint, position) VALUES (271,189,1);
INSERT INTO etapes (id_itineraire, id_checkpoint, position) VALUES (271,179,2);
INSERT INTO etapes (id_itineraire, id_checkpoint, position) VALUES (271,150,3);
INSERT INTO etapes (id_itineraire, id_checkpoint, position) VALUES (271,138,4);
INSERT INTO etapes (id_itineraire, id_checkpoint, position) VALUES (271,44,5);
INSERT INTO etapes (id_itineraire, id_checkpoint, position) VALUES (271,41,6);

INSERT INTO itineraire (id, nom, distance) VALUES (272, 'itineraire numero 272',0.056295002014639675);
INSERT INTO etapes (id_itineraire, id_checkpoint, position) VALUES (272,116,0);
INSERT INTO etapes (id_itineraire, id_checkpoint, position) VALUES (272,41,1);
INSERT INTO etapes (id_itineraire, id_checkpoint, position) VALUES (272,229,2);
INSERT INTO etapes (id_itineraire, id_checkpoint, position) VALUES (272,180,3);
INSERT INTO etapes (id_itineraire, id_checkpoint, position) VALUES (272,179,4);
INSERT INTO etapes (id_itineraire, id_checkpoint, position) VALUES (272,138,5);
INSERT INTO etapes (id_itineraire, id_checkpoint, position) VALUES (272,150,6);

INSERT INTO itineraire (id, nom, distance) VALUES (273, 'itineraire numero 273',0.07089780960982649);
INSERT INTO etapes (id_itineraire, id_checkpoint, position) VALUES (273,116,0);
INSERT INTO etapes (id_itineraire, id_checkpoint, position) VALUES (273,180,1);
INSERT INTO etapes (id_itineraire, id_checkpoint, position) VALUES (273,179,2);
INSERT INTO etapes (id_itineraire, id_checkpoint, position) VALUES (273,150,3);
INSERT INTO etapes (id_itineraire, id_checkpoint, position) VALUES (273,138,4);
INSERT INTO etapes (id_itineraire, id_checkpoint, position) VALUES (273,44,5);
INSERT INTO etapes (id_itineraire, id_checkpoint, position) VALUES (273,41,6);

INSERT INTO itineraire (id, nom, distance) VALUES (274, 'itineraire numero 274',0.05599578645448228);
INSERT INTO etapes (id_itineraire, id_checkpoint, position) VALUES (274,116,0);
INSERT INTO etapes (id_itineraire, id_checkpoint, position) VALUES (274,41,1);
INSERT INTO etapes (id_itineraire, id_checkpoint, position) VALUES (274,229,2);
INSERT INTO etapes (id_itineraire, id_checkpoint, position) VALUES (274,181,3);
INSERT INTO etapes (id_itineraire, id_checkpoint, position) VALUES (274,179,4);
INSERT INTO etapes (id_itineraire, id_checkpoint, position) VALUES (274,138,5);
INSERT INTO etapes (id_itineraire, id_checkpoint, position) VALUES (274,150,6);

INSERT INTO itineraire (id, nom, distance) VALUES (275, 'itineraire numero 275',0.07061259052095624);
INSERT INTO etapes (id_itineraire, id_checkpoint, position) VALUES (275,116,0);
INSERT INTO etapes (id_itineraire, id_checkpoint, position) VALUES (275,181,1);
INSERT INTO etapes (id_itineraire, id_checkpoint, position) VALUES (275,179,2);
INSERT INTO etapes (id_itineraire, id_checkpoint, position) VALUES (275,150,3);
INSERT INTO etapes (id_itineraire, id_checkpoint, position) VALUES (275,138,4);
INSERT INTO etapes (id_itineraire, id_checkpoint, position) VALUES (275,44,5);
INSERT INTO etapes (id_itineraire, id_checkpoint, position) VALUES (275,41,6);

INSERT INTO itineraire (id, nom, distance) VALUES (276, 'itineraire numero 276',0.056380774032921334);
INSERT INTO etapes (id_itineraire, id_checkpoint, position) VALUES (276,116,0);
INSERT INTO etapes (id_itineraire, id_checkpoint, position) VALUES (276,41,1);
INSERT INTO etapes (id_itineraire, id_checkpoint, position) VALUES (276,229,2);
INSERT INTO etapes (id_itineraire, id_checkpoint, position) VALUES (276,182,3);
INSERT INTO etapes (id_itineraire, id_checkpoint, position) VALUES (276,179,4);
INSERT INTO etapes (id_itineraire, id_checkpoint, position) VALUES (276,138,5);
INSERT INTO etapes (id_itineraire, id_checkpoint, position) VALUES (276,150,6);

INSERT INTO itineraire (id, nom, distance) VALUES (277, 'itineraire numero 277',0.07104517173345035);
INSERT INTO etapes (id_itineraire, id_checkpoint, position) VALUES (277,116,0);
INSERT INTO etapes (id_itineraire, id_checkpoint, position) VALUES (277,182,1);
INSERT INTO etapes (id_itineraire, id_checkpoint, position) VALUES (277,179,2);
INSERT INTO etapes (id_itineraire, id_checkpoint, position) VALUES (277,150,3);
INSERT INTO etapes (id_itineraire, id_checkpoint, position) VALUES (277,138,4);
INSERT INTO etapes (id_itineraire, id_checkpoint, position) VALUES (277,44,5);
INSERT INTO etapes (id_itineraire, id_checkpoint, position) VALUES (277,41,6);

INSERT INTO itineraire (id, nom, distance) VALUES (278, 'itineraire numero 278',0.06871650234394257);
INSERT INTO etapes (id_itineraire, id_checkpoint, position) VALUES (278,116,0);
INSERT INTO etapes (id_itineraire, id_checkpoint, position) VALUES (278,297,1);
INSERT INTO etapes (id_itineraire, id_checkpoint, position) VALUES (278,179,2);
INSERT INTO etapes (id_itineraire, id_checkpoint, position) VALUES (278,150,3);
INSERT INTO etapes (id_itineraire, id_checkpoint, position) VALUES (278,138,4);
INSERT INTO etapes (id_itineraire, id_checkpoint, position) VALUES (278,44,5);
INSERT INTO etapes (id_itineraire, id_checkpoint, position) VALUES (278,41,6);

INSERT INTO itineraire (id, nom, distance) VALUES (279, 'itineraire numero 279',0.07367321313491226);
INSERT INTO etapes (id_itineraire, id_checkpoint, position) VALUES (279,116,0);
INSERT INTO etapes (id_itineraire, id_checkpoint, position) VALUES (279,41,1);
INSERT INTO etapes (id_itineraire, id_checkpoint, position) VALUES (279,230,2);
INSERT INTO etapes (id_itineraire, id_checkpoint, position) VALUES (279,179,3);
INSERT INTO etapes (id_itineraire, id_checkpoint, position) VALUES (279,150,4);
INSERT INTO etapes (id_itineraire, id_checkpoint, position) VALUES (279,138,5);
INSERT INTO etapes (id_itineraire, id_checkpoint, position) VALUES (279,194,6);

INSERT INTO itineraire (id, nom, distance) VALUES (280, 'itineraire numero 280',0.0628741865060586);
INSERT INTO etapes (id_itineraire, id_checkpoint, position) VALUES (280,194,0);
INSERT INTO etapes (id_itineraire, id_checkpoint, position) VALUES (280,150,1);
INSERT INTO etapes (id_itineraire, id_checkpoint, position) VALUES (280,179,2);
INSERT INTO etapes (id_itineraire, id_checkpoint, position) VALUES (280,138,3);
INSERT INTO etapes (id_itineraire, id_checkpoint, position) VALUES (280,44,4);
INSERT INTO etapes (id_itineraire, id_checkpoint, position) VALUES (280,41,5);
INSERT INTO etapes (id_itineraire, id_checkpoint, position) VALUES (280,115,6);

INSERT INTO itineraire (id, nom, distance) VALUES (281, 'itineraire numero 281',0.06414742602455616);
INSERT INTO etapes (id_itineraire, id_checkpoint, position) VALUES (281,232,0);
INSERT INTO etapes (id_itineraire, id_checkpoint, position) VALUES (281,150,1);
INSERT INTO etapes (id_itineraire, id_checkpoint, position) VALUES (281,179,2);
INSERT INTO etapes (id_itineraire, id_checkpoint, position) VALUES (281,138,3);
INSERT INTO etapes (id_itineraire, id_checkpoint, position) VALUES (281,229,4);
INSERT INTO etapes (id_itineraire, id_checkpoint, position) VALUES (281,41,5);
INSERT INTO etapes (id_itineraire, id_checkpoint, position) VALUES (281,115,6);

INSERT INTO itineraire (id, nom, distance) VALUES (282, 'itineraire numero 282',0.06461024879503005);
INSERT INTO etapes (id_itineraire, id_checkpoint, position) VALUES (282,260,0);
INSERT INTO etapes (id_itineraire, id_checkpoint, position) VALUES (282,150,1);
INSERT INTO etapes (id_itineraire, id_checkpoint, position) VALUES (282,179,2);
INSERT INTO etapes (id_itineraire, id_checkpoint, position) VALUES (282,138,3);
INSERT INTO etapes (id_itineraire, id_checkpoint, position) VALUES (282,229,4);
INSERT INTO etapes (id_itineraire, id_checkpoint, position) VALUES (282,41,5);
INSERT INTO etapes (id_itineraire, id_checkpoint, position) VALUES (282,115,6);

INSERT INTO itineraire (id, nom, distance) VALUES (283, 'itineraire numero 283',0.06633698843590344);
INSERT INTO etapes (id_itineraire, id_checkpoint, position) VALUES (283,267,0);
INSERT INTO etapes (id_itineraire, id_checkpoint, position) VALUES (283,150,1);
INSERT INTO etapes (id_itineraire, id_checkpoint, position) VALUES (283,179,2);
INSERT INTO etapes (id_itineraire, id_checkpoint, position) VALUES (283,138,3);
INSERT INTO etapes (id_itineraire, id_checkpoint, position) VALUES (283,229,4);
INSERT INTO etapes (id_itineraire, id_checkpoint, position) VALUES (283,41,5);
INSERT INTO etapes (id_itineraire, id_checkpoint, position) VALUES (283,116,6);

INSERT INTO itineraire (id, nom, distance) VALUES (284, 'itineraire numero 284',0.0668068457195223);
INSERT INTO etapes (id_itineraire, id_checkpoint, position) VALUES (284,148,0);
INSERT INTO etapes (id_itineraire, id_checkpoint, position) VALUES (284,179,1);
INSERT INTO etapes (id_itineraire, id_checkpoint, position) VALUES (284,150,2);
INSERT INTO etapes (id_itineraire, id_checkpoint, position) VALUES (284,138,3);
INSERT INTO etapes (id_itineraire, id_checkpoint, position) VALUES (284,229,4);
INSERT INTO etapes (id_itineraire, id_checkpoint, position) VALUES (284,41,5);
INSERT INTO etapes (id_itineraire, id_checkpoint, position) VALUES (284,116,6);

INSERT INTO itineraire (id, nom, distance) VALUES (285, 'itineraire numero 285',0.07525126860781242);
INSERT INTO etapes (id_itineraire, id_checkpoint, position) VALUES (285,232,0);
INSERT INTO etapes (id_itineraire, id_checkpoint, position) VALUES (285,179,1);
INSERT INTO etapes (id_itineraire, id_checkpoint, position) VALUES (285,150,2);
INSERT INTO etapes (id_itineraire, id_checkpoint, position) VALUES (285,138,3);
INSERT INTO etapes (id_itineraire, id_checkpoint, position) VALUES (285,44,4);
INSERT INTO etapes (id_itineraire, id_checkpoint, position) VALUES (285,41,5);
INSERT INTO etapes (id_itineraire, id_checkpoint, position) VALUES (285,116,6);

INSERT INTO itineraire (id, nom, distance) VALUES (286, 'itineraire numero 286',0.0694169046999432);
INSERT INTO etapes (id_itineraire, id_checkpoint, position) VALUES (286,71,0);
INSERT INTO etapes (id_itineraire, id_checkpoint, position) VALUES (286,179,1);
INSERT INTO etapes (id_itineraire, id_checkpoint, position) VALUES (286,150,2);
INSERT INTO etapes (id_itineraire, id_checkpoint, position) VALUES (286,138,3);
INSERT INTO etapes (id_itineraire, id_checkpoint, position) VALUES (286,44,4);
INSERT INTO etapes (id_itineraire, id_checkpoint, position) VALUES (286,41,5);
INSERT INTO etapes (id_itineraire, id_checkpoint, position) VALUES (286,116,6);

INSERT INTO itineraire (id, nom, distance) VALUES (287, 'itineraire numero 287',0.0698656203541572);
INSERT INTO etapes (id_itineraire, id_checkpoint, position) VALUES (287,72,0);
INSERT INTO etapes (id_itineraire, id_checkpoint, position) VALUES (287,179,1);
INSERT INTO etapes (id_itineraire, id_checkpoint, position) VALUES (287,150,2);
INSERT INTO etapes (id_itineraire, id_checkpoint, position) VALUES (287,138,3);
INSERT INTO etapes (id_itineraire, id_checkpoint, position) VALUES (287,44,4);
INSERT INTO etapes (id_itineraire, id_checkpoint, position) VALUES (287,41,5);
INSERT INTO etapes (id_itineraire, id_checkpoint, position) VALUES (287,116,6);

INSERT INTO itineraire (id, nom, distance) VALUES (288, 'itineraire numero 288',0.07246783547797309);
INSERT INTO etapes (id_itineraire, id_checkpoint, position) VALUES (288,262,0);
INSERT INTO etapes (id_itineraire, id_checkpoint, position) VALUES (288,179,1);
INSERT INTO etapes (id_itineraire, id_checkpoint, position) VALUES (288,150,2);
INSERT INTO etapes (id_itineraire, id_checkpoint, position) VALUES (288,138,3);
INSERT INTO etapes (id_itineraire, id_checkpoint, position) VALUES (288,44,4);
INSERT INTO etapes (id_itineraire, id_checkpoint, position) VALUES (288,41,5);
INSERT INTO etapes (id_itineraire, id_checkpoint, position) VALUES (288,116,6);

INSERT INTO itineraire (id, nom, distance) VALUES (289, 'itineraire numero 289',0.06940328436682457);
INSERT INTO etapes (id_itineraire, id_checkpoint, position) VALUES (289,263,0);
INSERT INTO etapes (id_itineraire, id_checkpoint, position) VALUES (289,179,1);
INSERT INTO etapes (id_itineraire, id_checkpoint, position) VALUES (289,150,2);
INSERT INTO etapes (id_itineraire, id_checkpoint, position) VALUES (289,138,3);
INSERT INTO etapes (id_itineraire, id_checkpoint, position) VALUES (289,44,4);
INSERT INTO etapes (id_itineraire, id_checkpoint, position) VALUES (289,41,5);
INSERT INTO etapes (id_itineraire, id_checkpoint, position) VALUES (289,116,6);

INSERT INTO itineraire (id, nom, distance) VALUES (290, 'itineraire numero 290',0.06341419599220981);
INSERT INTO etapes (id_itineraire, id_checkpoint, position) VALUES (290,155,0);
INSERT INTO etapes (id_itineraire, id_checkpoint, position) VALUES (290,22,1);
INSERT INTO etapes (id_itineraire, id_checkpoint, position) VALUES (290,150,2);
INSERT INTO etapes (id_itineraire, id_checkpoint, position) VALUES (290,179,3);
INSERT INTO etapes (id_itineraire, id_checkpoint, position) VALUES (290,138,4);
INSERT INTO etapes (id_itineraire, id_checkpoint, position) VALUES (290,44,5);
INSERT INTO etapes (id_itineraire, id_checkpoint, position) VALUES (290,41,6);

INSERT INTO itineraire (id, nom, distance) VALUES (291, 'itineraire numero 291',0.06955427415797827);
INSERT INTO etapes (id_itineraire, id_checkpoint, position) VALUES (291,214,0);
INSERT INTO etapes (id_itineraire, id_checkpoint, position) VALUES (291,179,1);
INSERT INTO etapes (id_itineraire, id_checkpoint, position) VALUES (291,150,2);
INSERT INTO etapes (id_itineraire, id_checkpoint, position) VALUES (291,138,3);
INSERT INTO etapes (id_itineraire, id_checkpoint, position) VALUES (291,155,4);
INSERT INTO etapes (id_itineraire, id_checkpoint, position) VALUES (291,14,5);
INSERT INTO etapes (id_itineraire, id_checkpoint, position) VALUES (291,41,6);

INSERT INTO itineraire (id, nom, distance) VALUES (292, 'itineraire numero 292',0.06298950805854872);
INSERT INTO etapes (id_itineraire, id_checkpoint, position) VALUES (292,155,0);
INSERT INTO etapes (id_itineraire, id_checkpoint, position) VALUES (292,214,1);
INSERT INTO etapes (id_itineraire, id_checkpoint, position) VALUES (292,150,2);
INSERT INTO etapes (id_itineraire, id_checkpoint, position) VALUES (292,179,3);
INSERT INTO etapes (id_itineraire, id_checkpoint, position) VALUES (292,138,4);
INSERT INTO etapes (id_itineraire, id_checkpoint, position) VALUES (292,229,5);
INSERT INTO etapes (id_itineraire, id_checkpoint, position) VALUES (292,41,6);

INSERT INTO itineraire (id, nom, distance) VALUES (293, 'itineraire numero 293',0.06807515797041698);
INSERT INTO etapes (id_itineraire, id_checkpoint, position) VALUES (293,155,0);
INSERT INTO etapes (id_itineraire, id_checkpoint, position) VALUES (293,179,1);
INSERT INTO etapes (id_itineraire, id_checkpoint, position) VALUES (293,150,2);
INSERT INTO etapes (id_itineraire, id_checkpoint, position) VALUES (293,138,3);
INSERT INTO etapes (id_itineraire, id_checkpoint, position) VALUES (293,229,4);
INSERT INTO etapes (id_itineraire, id_checkpoint, position) VALUES (293,41,5);
INSERT INTO etapes (id_itineraire, id_checkpoint, position) VALUES (293,85,6);

INSERT INTO itineraire (id, nom, distance) VALUES (294, 'itineraire numero 294',0.06669793155061086);
INSERT INTO etapes (id_itineraire, id_checkpoint, position) VALUES (294,179,0);
INSERT INTO etapes (id_itineraire, id_checkpoint, position) VALUES (294,205,1);
INSERT INTO etapes (id_itineraire, id_checkpoint, position) VALUES (294,150,2);
INSERT INTO etapes (id_itineraire, id_checkpoint, position) VALUES (294,138,3);
INSERT INTO etapes (id_itineraire, id_checkpoint, position) VALUES (294,229,4);
INSERT INTO etapes (id_itineraire, id_checkpoint, position) VALUES (294,41,5);
INSERT INTO etapes (id_itineraire, id_checkpoint, position) VALUES (294,11,6);

INSERT INTO itineraire (id, nom, distance) VALUES (295, 'itineraire numero 295',0.0660901446532553);
INSERT INTO etapes (id_itineraire, id_checkpoint, position) VALUES (295,132,0);
INSERT INTO etapes (id_itineraire, id_checkpoint, position) VALUES (295,41,1);
INSERT INTO etapes (id_itineraire, id_checkpoint, position) VALUES (295,96,2);
INSERT INTO etapes (id_itineraire, id_checkpoint, position) VALUES (295,179,3);
INSERT INTO etapes (id_itineraire, id_checkpoint, position) VALUES (295,150,4);
INSERT INTO etapes (id_itineraire, id_checkpoint, position) VALUES (295,205,5);
INSERT INTO etapes (id_itineraire, id_checkpoint, position) VALUES (295,138,6);

INSERT INTO itineraire (id, nom, distance) VALUES (296, 'itineraire numero 296',0.07431032298214531);
INSERT INTO etapes (id_itineraire, id_checkpoint, position) VALUES (296,22,0);
INSERT INTO etapes (id_itineraire, id_checkpoint, position) VALUES (296,138,1);
INSERT INTO etapes (id_itineraire, id_checkpoint, position) VALUES (296,230,2);
INSERT INTO etapes (id_itineraire, id_checkpoint, position) VALUES (296,41,3);
INSERT INTO etapes (id_itineraire, id_checkpoint, position) VALUES (296,11,4);
INSERT INTO etapes (id_itineraire, id_checkpoint, position) VALUES (296,179,5);
INSERT INTO etapes (id_itineraire, id_checkpoint, position) VALUES (296,150,6);

INSERT INTO itineraire (id, nom, distance) VALUES (297, 'itineraire numero 297',0.07160769714603715);
INSERT INTO etapes (id_itineraire, id_checkpoint, position) VALUES (297,179,0);
INSERT INTO etapes (id_itineraire, id_checkpoint, position) VALUES (297,97,1);
INSERT INTO etapes (id_itineraire, id_checkpoint, position) VALUES (297,41,2);
INSERT INTO etapes (id_itineraire, id_checkpoint, position) VALUES (297,44,3);
INSERT INTO etapes (id_itineraire, id_checkpoint, position) VALUES (297,138,4);
INSERT INTO etapes (id_itineraire, id_checkpoint, position) VALUES (297,150,5);
INSERT INTO etapes (id_itineraire, id_checkpoint, position) VALUES (297,22,6);

INSERT INTO itineraire (id, nom, distance) VALUES (298, 'itineraire numero 298',0.08323661367300189);
INSERT INTO etapes (id_itineraire, id_checkpoint, position) VALUES (298,22,0);
INSERT INTO etapes (id_itineraire, id_checkpoint, position) VALUES (298,107,1);
INSERT INTO etapes (id_itineraire, id_checkpoint, position) VALUES (298,41,2);
INSERT INTO etapes (id_itineraire, id_checkpoint, position) VALUES (298,44,3);
INSERT INTO etapes (id_itineraire, id_checkpoint, position) VALUES (298,179,4);
INSERT INTO etapes (id_itineraire, id_checkpoint, position) VALUES (298,150,5);
INSERT INTO etapes (id_itineraire, id_checkpoint, position) VALUES (298,138,6);

INSERT INTO itineraire (id, nom, distance) VALUES (299, 'itineraire numero 299',0.07449704045779694);
INSERT INTO etapes (id_itineraire, id_checkpoint, position) VALUES (299,23,0);
INSERT INTO etapes (id_itineraire, id_checkpoint, position) VALUES (299,138,1);
INSERT INTO etapes (id_itineraire, id_checkpoint, position) VALUES (299,230,2);
INSERT INTO etapes (id_itineraire, id_checkpoint, position) VALUES (299,41,3);
INSERT INTO etapes (id_itineraire, id_checkpoint, position) VALUES (299,11,4);
INSERT INTO etapes (id_itineraire, id_checkpoint, position) VALUES (299,179,5);
INSERT INTO etapes (id_itineraire, id_checkpoint, position) VALUES (299,150,6);

INSERT INTO itineraire (id, nom, distance) VALUES (300, 'itineraire numero 300',0.0714091027819364);
INSERT INTO etapes (id_itineraire, id_checkpoint, position) VALUES (300,179,0);
INSERT INTO etapes (id_itineraire, id_checkpoint, position) VALUES (300,97,1);
INSERT INTO etapes (id_itineraire, id_checkpoint, position) VALUES (300,41,2);
INSERT INTO etapes (id_itineraire, id_checkpoint, position) VALUES (300,44,3);
INSERT INTO etapes (id_itineraire, id_checkpoint, position) VALUES (300,138,4);
INSERT INTO etapes (id_itineraire, id_checkpoint, position) VALUES (300,150,5);
INSERT INTO etapes (id_itineraire, id_checkpoint, position) VALUES (300,23,6);

INSERT INTO itineraire (id, nom, distance) VALUES (301, 'itineraire numero 301',0.08343599635356623);
INSERT INTO etapes (id_itineraire, id_checkpoint, position) VALUES (301,23,0);
INSERT INTO etapes (id_itineraire, id_checkpoint, position) VALUES (301,107,1);
INSERT INTO etapes (id_itineraire, id_checkpoint, position) VALUES (301,41,2);
INSERT INTO etapes (id_itineraire, id_checkpoint, position) VALUES (301,44,3);
INSERT INTO etapes (id_itineraire, id_checkpoint, position) VALUES (301,179,4);
INSERT INTO etapes (id_itineraire, id_checkpoint, position) VALUES (301,150,5);
INSERT INTO etapes (id_itineraire, id_checkpoint, position) VALUES (301,138,6);

INSERT INTO itineraire (id, nom, distance) VALUES (302, 'itineraire numero 302',0.07187091997253636);
INSERT INTO etapes (id_itineraire, id_checkpoint, position) VALUES (302,270,0);
INSERT INTO etapes (id_itineraire, id_checkpoint, position) VALUES (302,138,1);
INSERT INTO etapes (id_itineraire, id_checkpoint, position) VALUES (302,230,2);
INSERT INTO etapes (id_itineraire, id_checkpoint, position) VALUES (302,41,3);
INSERT INTO etapes (id_itineraire, id_checkpoint, position) VALUES (302,11,4);
INSERT INTO etapes (id_itineraire, id_checkpoint, position) VALUES (302,179,5);
INSERT INTO etapes (id_itineraire, id_checkpoint, position) VALUES (302,150,6);

INSERT INTO itineraire (id, nom, distance) VALUES (303, 'itineraire numero 303',0.07469375550986079);
INSERT INTO etapes (id_itineraire, id_checkpoint, position) VALUES (303,24,0);
INSERT INTO etapes (id_itineraire, id_checkpoint, position) VALUES (303,138,1);
INSERT INTO etapes (id_itineraire, id_checkpoint, position) VALUES (303,230,2);
INSERT INTO etapes (id_itineraire, id_checkpoint, position) VALUES (303,41,3);
INSERT INTO etapes (id_itineraire, id_checkpoint, position) VALUES (303,11,4);
INSERT INTO etapes (id_itineraire, id_checkpoint, position) VALUES (303,179,5);
INSERT INTO etapes (id_itineraire, id_checkpoint, position) VALUES (303,150,6);

INSERT INTO itineraire (id, nom, distance) VALUES (304, 'itineraire numero 304',0.07119774669686486);
INSERT INTO etapes (id_itineraire, id_checkpoint, position) VALUES (304,179,0);
INSERT INTO etapes (id_itineraire, id_checkpoint, position) VALUES (304,97,1);
INSERT INTO etapes (id_itineraire, id_checkpoint, position) VALUES (304,41,2);
INSERT INTO etapes (id_itineraire, id_checkpoint, position) VALUES (304,44,3);
INSERT INTO etapes (id_itineraire, id_checkpoint, position) VALUES (304,138,4);
INSERT INTO etapes (id_itineraire, id_checkpoint, position) VALUES (304,150,5);
INSERT INTO etapes (id_itineraire, id_checkpoint, position) VALUES (304,24,6);

INSERT INTO itineraire (id, nom, distance) VALUES (305, 'itineraire numero 305',0.08364914003467443);
INSERT INTO etapes (id_itineraire, id_checkpoint, position) VALUES (305,24,0);
INSERT INTO etapes (id_itineraire, id_checkpoint, position) VALUES (305,107,1);
INSERT INTO etapes (id_itineraire, id_checkpoint, position) VALUES (305,41,2);
INSERT INTO etapes (id_itineraire, id_checkpoint, position) VALUES (305,44,3);
INSERT INTO etapes (id_itineraire, id_checkpoint, position) VALUES (305,179,4);
INSERT INTO etapes (id_itineraire, id_checkpoint, position) VALUES (305,150,5);
INSERT INTO etapes (id_itineraire, id_checkpoint, position) VALUES (305,138,6);

INSERT INTO itineraire (id, nom, distance) VALUES (306, 'itineraire numero 306',0.07369926601054974);
INSERT INTO etapes (id_itineraire, id_checkpoint, position) VALUES (306,138,0);
INSERT INTO etapes (id_itineraire, id_checkpoint, position) VALUES (306,272,1);
INSERT INTO etapes (id_itineraire, id_checkpoint, position) VALUES (306,14,2);
INSERT INTO etapes (id_itineraire, id_checkpoint, position) VALUES (306,41,3);
INSERT INTO etapes (id_itineraire, id_checkpoint, position) VALUES (306,11,4);
INSERT INTO etapes (id_itineraire, id_checkpoint, position) VALUES (306,179,5);
INSERT INTO etapes (id_itineraire, id_checkpoint, position) VALUES (306,150,6);

INSERT INTO itineraire (id, nom, distance) VALUES (307, 'itineraire numero 307',0.07138187508846926);
INSERT INTO etapes (id_itineraire, id_checkpoint, position) VALUES (307,272,0);
INSERT INTO etapes (id_itineraire, id_checkpoint, position) VALUES (307,138,1);
INSERT INTO etapes (id_itineraire, id_checkpoint, position) VALUES (307,230,2);
INSERT INTO etapes (id_itineraire, id_checkpoint, position) VALUES (307,41,3);
INSERT INTO etapes (id_itineraire, id_checkpoint, position) VALUES (307,11,4);
INSERT INTO etapes (id_itineraire, id_checkpoint, position) VALUES (307,179,5);
INSERT INTO etapes (id_itineraire, id_checkpoint, position) VALUES (307,150,6);

INSERT INTO itineraire (id, nom, distance) VALUES (308, 'itineraire numero 308',0.08173891495686753);
INSERT INTO etapes (id_itineraire, id_checkpoint, position) VALUES (308,272,0);
INSERT INTO etapes (id_itineraire, id_checkpoint, position) VALUES (308,132,1);
INSERT INTO etapes (id_itineraire, id_checkpoint, position) VALUES (308,41,2);
INSERT INTO etapes (id_itineraire, id_checkpoint, position) VALUES (308,96,3);
INSERT INTO etapes (id_itineraire, id_checkpoint, position) VALUES (308,179,4);
INSERT INTO etapes (id_itineraire, id_checkpoint, position) VALUES (308,150,5);
INSERT INTO etapes (id_itineraire, id_checkpoint, position) VALUES (308,138,6);

INSERT INTO itineraire (id, nom, distance) VALUES (309, 'itineraire numero 309',0.07506650312338077);
INSERT INTO etapes (id_itineraire, id_checkpoint, position) VALUES (309,214,0);
INSERT INTO etapes (id_itineraire, id_checkpoint, position) VALUES (309,179,1);
INSERT INTO etapes (id_itineraire, id_checkpoint, position) VALUES (309,96,2);
INSERT INTO etapes (id_itineraire, id_checkpoint, position) VALUES (309,41,3);
INSERT INTO etapes (id_itineraire, id_checkpoint, position) VALUES (309,229,4);
INSERT INTO etapes (id_itineraire, id_checkpoint, position) VALUES (309,138,5);
INSERT INTO etapes (id_itineraire, id_checkpoint, position) VALUES (309,150,6);

INSERT INTO itineraire (id, nom, distance) VALUES (310, 'itineraire numero 310',0.07343386733248373);
INSERT INTO etapes (id_itineraire, id_checkpoint, position) VALUES (310,214,0);
INSERT INTO etapes (id_itineraire, id_checkpoint, position) VALUES (310,179,1);
INSERT INTO etapes (id_itineraire, id_checkpoint, position) VALUES (310,107,2);
INSERT INTO etapes (id_itineraire, id_checkpoint, position) VALUES (310,41,3);
INSERT INTO etapes (id_itineraire, id_checkpoint, position) VALUES (310,229,4);
INSERT INTO etapes (id_itineraire, id_checkpoint, position) VALUES (310,138,5);
INSERT INTO etapes (id_itineraire, id_checkpoint, position) VALUES (310,150,6);

INSERT INTO itineraire (id, nom, distance) VALUES (311, 'itineraire numero 311',0.08036749916279035);
INSERT INTO etapes (id_itineraire, id_checkpoint, position) VALUES (311,294,0);
INSERT INTO etapes (id_itineraire, id_checkpoint, position) VALUES (311,132,1);
INSERT INTO etapes (id_itineraire, id_checkpoint, position) VALUES (311,41,2);
INSERT INTO etapes (id_itineraire, id_checkpoint, position) VALUES (311,96,3);
INSERT INTO etapes (id_itineraire, id_checkpoint, position) VALUES (311,179,4);
INSERT INTO etapes (id_itineraire, id_checkpoint, position) VALUES (311,150,5);
INSERT INTO etapes (id_itineraire, id_checkpoint, position) VALUES (311,138,6);

INSERT INTO itineraire (id, nom, distance) VALUES (312, 'itineraire numero 312',0.08152945735069782);
INSERT INTO etapes (id_itineraire, id_checkpoint, position) VALUES (312,297,0);
INSERT INTO etapes (id_itineraire, id_checkpoint, position) VALUES (312,132,1);
INSERT INTO etapes (id_itineraire, id_checkpoint, position) VALUES (312,41,2);
INSERT INTO etapes (id_itineraire, id_checkpoint, position) VALUES (312,96,3);
INSERT INTO etapes (id_itineraire, id_checkpoint, position) VALUES (312,179,4);
INSERT INTO etapes (id_itineraire, id_checkpoint, position) VALUES (312,150,5);
INSERT INTO etapes (id_itineraire, id_checkpoint, position) VALUES (312,138,6);

INSERT INTO itineraire (id, nom, distance) VALUES (313, 'itineraire numero 313',0.05918296515830252);
INSERT INTO etapes (id_itineraire, id_checkpoint, position) VALUES (313,132,0);
INSERT INTO etapes (id_itineraire, id_checkpoint, position) VALUES (313,85,1);
INSERT INTO etapes (id_itineraire, id_checkpoint, position) VALUES (313,41,2);
INSERT INTO etapes (id_itineraire, id_checkpoint, position) VALUES (313,96,3);
INSERT INTO etapes (id_itineraire, id_checkpoint, position) VALUES (313,179,4);
INSERT INTO etapes (id_itineraire, id_checkpoint, position) VALUES (313,138,5);
INSERT INTO etapes (id_itineraire, id_checkpoint, position) VALUES (313,150,6);

INSERT INTO itineraire (id, nom, distance) VALUES (314, 'itineraire numero 314',0.07226219779289236);
INSERT INTO etapes (id_itineraire, id_checkpoint, position) VALUES (314,138,0);
INSERT INTO etapes (id_itineraire, id_checkpoint, position) VALUES (314,262,1);
INSERT INTO etapes (id_itineraire, id_checkpoint, position) VALUES (314,132,2);
INSERT INTO etapes (id_itineraire, id_checkpoint, position) VALUES (314,41,3);
INSERT INTO etapes (id_itineraire, id_checkpoint, position) VALUES (314,96,4);
INSERT INTO etapes (id_itineraire, id_checkpoint, position) VALUES (314,179,5);
INSERT INTO etapes (id_itineraire, id_checkpoint, position) VALUES (314,150,6);

INSERT INTO itineraire (id, nom, distance) VALUES (315, 'itineraire numero 315',0.07194154984199772);
INSERT INTO etapes (id_itineraire, id_checkpoint, position) VALUES (315,138,0);
INSERT INTO etapes (id_itineraire, id_checkpoint, position) VALUES (315,252,1);
INSERT INTO etapes (id_itineraire, id_checkpoint, position) VALUES (315,132,2);
INSERT INTO etapes (id_itineraire, id_checkpoint, position) VALUES (315,41,3);
INSERT INTO etapes (id_itineraire, id_checkpoint, position) VALUES (315,96,4);
INSERT INTO etapes (id_itineraire, id_checkpoint, position) VALUES (315,179,5);
INSERT INTO etapes (id_itineraire, id_checkpoint, position) VALUES (315,150,6);

INSERT INTO itineraire (id, nom, distance) VALUES (316, 'itineraire numero 316',0.07768051114960622);
INSERT INTO etapes (id_itineraire, id_checkpoint, position) VALUES (316,138,0);
INSERT INTO etapes (id_itineraire, id_checkpoint, position) VALUES (316,308,1);
INSERT INTO etapes (id_itineraire, id_checkpoint, position) VALUES (316,85,2);
INSERT INTO etapes (id_itineraire, id_checkpoint, position) VALUES (316,41,3);
INSERT INTO etapes (id_itineraire, id_checkpoint, position) VALUES (316,229,4);
INSERT INTO etapes (id_itineraire, id_checkpoint, position) VALUES (316,179,5);
INSERT INTO etapes (id_itineraire, id_checkpoint, position) VALUES (316,150,6);

INSERT INTO itineraire (id, nom, distance) VALUES (317, 'itineraire numero 317',0.055741466081362274);
INSERT INTO etapes (id_itineraire, id_checkpoint, position) VALUES (317,179,0);
INSERT INTO etapes (id_itineraire, id_checkpoint, position) VALUES (317,205,1);
INSERT INTO etapes (id_itineraire, id_checkpoint, position) VALUES (317,150,2);
INSERT INTO etapes (id_itineraire, id_checkpoint, position) VALUES (317,138,3);
INSERT INTO etapes (id_itineraire, id_checkpoint, position) VALUES (317,155,4);
INSERT INTO etapes (id_itineraire, id_checkpoint, position) VALUES (317,14,5);
INSERT INTO etapes (id_itineraire, id_checkpoint, position) VALUES (317,116,6);

INSERT INTO itineraire (id, nom, distance) VALUES (318, 'itineraire numero 318',0.06452571464552231);
INSERT INTO etapes (id_itineraire, id_checkpoint, position) VALUES (318,15,0);
INSERT INTO etapes (id_itineraire, id_checkpoint, position) VALUES (318,155,1);
INSERT INTO etapes (id_itineraire, id_checkpoint, position) VALUES (318,205,2);
INSERT INTO etapes (id_itineraire, id_checkpoint, position) VALUES (318,150,3);
INSERT INTO etapes (id_itineraire, id_checkpoint, position) VALUES (318,138,4);
INSERT INTO etapes (id_itineraire, id_checkpoint, position) VALUES (318,179,5);
INSERT INTO etapes (id_itineraire, id_checkpoint, position) VALUES (318,46,6);

INSERT INTO itineraire (id, nom, distance) VALUES (319, 'itineraire numero 319',0.053410161835664514);
INSERT INTO etapes (id_itineraire, id_checkpoint, position) VALUES (319,15,0);
INSERT INTO etapes (id_itineraire, id_checkpoint, position) VALUES (319,155,1);
INSERT INTO etapes (id_itineraire, id_checkpoint, position) VALUES (319,273,2);
INSERT INTO etapes (id_itineraire, id_checkpoint, position) VALUES (319,150,3);
INSERT INTO etapes (id_itineraire, id_checkpoint, position) VALUES (319,205,4);
INSERT INTO etapes (id_itineraire, id_checkpoint, position) VALUES (319,179,5);
INSERT INTO etapes (id_itineraire, id_checkpoint, position) VALUES (319,138,6);

INSERT INTO itineraire (id, nom, distance) VALUES (320, 'itineraire numero 320',0.06157933643568198);
INSERT INTO etapes (id_itineraire, id_checkpoint, position) VALUES (320,15,0);
INSERT INTO etapes (id_itineraire, id_checkpoint, position) VALUES (320,155,1);
INSERT INTO etapes (id_itineraire, id_checkpoint, position) VALUES (320,164,2);
INSERT INTO etapes (id_itineraire, id_checkpoint, position) VALUES (320,205,3);
INSERT INTO etapes (id_itineraire, id_checkpoint, position) VALUES (320,150,4);
INSERT INTO etapes (id_itineraire, id_checkpoint, position) VALUES (320,179,5);
INSERT INTO etapes (id_itineraire, id_checkpoint, position) VALUES (320,138,6);

INSERT INTO itineraire (id, nom, distance) VALUES (321, 'itineraire numero 321',0.05003270585520105);
INSERT INTO etapes (id_itineraire, id_checkpoint, position) VALUES (321,179,0);
INSERT INTO etapes (id_itineraire, id_checkpoint, position) VALUES (321,138,1);
INSERT INTO etapes (id_itineraire, id_checkpoint, position) VALUES (321,150,2);
INSERT INTO etapes (id_itineraire, id_checkpoint, position) VALUES (321,205,3);
INSERT INTO etapes (id_itineraire, id_checkpoint, position) VALUES (321,155,4);
INSERT INTO etapes (id_itineraire, id_checkpoint, position) VALUES (321,14,5);
INSERT INTO etapes (id_itineraire, id_checkpoint, position) VALUES (321,15,6);

INSERT INTO itineraire (id, nom, distance) VALUES (322, 'itineraire numero 322',0.05144172567254153);
INSERT INTO etapes (id_itineraire, id_checkpoint, position) VALUES (322,15,0);
INSERT INTO etapes (id_itineraire, id_checkpoint, position) VALUES (322,155,1);
INSERT INTO etapes (id_itineraire, id_checkpoint, position) VALUES (322,170,2);
INSERT INTO etapes (id_itineraire, id_checkpoint, position) VALUES (322,150,3);
INSERT INTO etapes (id_itineraire, id_checkpoint, position) VALUES (322,205,4);
INSERT INTO etapes (id_itineraire, id_checkpoint, position) VALUES (322,179,5);
INSERT INTO etapes (id_itineraire, id_checkpoint, position) VALUES (322,138,6);

INSERT INTO itineraire (id, nom, distance) VALUES (323, 'itineraire numero 323',0.053237543262392176);
INSERT INTO etapes (id_itineraire, id_checkpoint, position) VALUES (323,15,0);
INSERT INTO etapes (id_itineraire, id_checkpoint, position) VALUES (323,155,1);
INSERT INTO etapes (id_itineraire, id_checkpoint, position) VALUES (323,292,2);
INSERT INTO etapes (id_itineraire, id_checkpoint, position) VALUES (323,150,3);
INSERT INTO etapes (id_itineraire, id_checkpoint, position) VALUES (323,205,4);
INSERT INTO etapes (id_itineraire, id_checkpoint, position) VALUES (323,179,5);
INSERT INTO etapes (id_itineraire, id_checkpoint, position) VALUES (323,138,6);

INSERT INTO itineraire (id, nom, distance) VALUES (324, 'itineraire numero 324',0.06455119935954931);
INSERT INTO etapes (id_itineraire, id_checkpoint, position) VALUES (324,15,0);
INSERT INTO etapes (id_itineraire, id_checkpoint, position) VALUES (324,155,1);
INSERT INTO etapes (id_itineraire, id_checkpoint, position) VALUES (324,179,2);
INSERT INTO etapes (id_itineraire, id_checkpoint, position) VALUES (324,150,3);
INSERT INTO etapes (id_itineraire, id_checkpoint, position) VALUES (324,205,4);
INSERT INTO etapes (id_itineraire, id_checkpoint, position) VALUES (324,241,5);
INSERT INTO etapes (id_itineraire, id_checkpoint, position) VALUES (324,138,6);

INSERT INTO itineraire (id, nom, distance) VALUES (325, 'itineraire numero 325',0.06107035361928929);
INSERT INTO etapes (id_itineraire, id_checkpoint, position) VALUES (325,155,0);
INSERT INTO etapes (id_itineraire, id_checkpoint, position) VALUES (325,205,1);
INSERT INTO etapes (id_itineraire, id_checkpoint, position) VALUES (325,150,2);
INSERT INTO etapes (id_itineraire, id_checkpoint, position) VALUES (325,179,3);
INSERT INTO etapes (id_itineraire, id_checkpoint, position) VALUES (325,138,4);
INSERT INTO etapes (id_itineraire, id_checkpoint, position) VALUES (325,229,5);
INSERT INTO etapes (id_itineraire, id_checkpoint, position) VALUES (325,15,6);

INSERT INTO itineraire (id, nom, distance) VALUES (326, 'itineraire numero 326',0.06376386453878076);
INSERT INTO etapes (id_itineraire, id_checkpoint, position) VALUES (326,31,0);
INSERT INTO etapes (id_itineraire, id_checkpoint, position) VALUES (326,15,1);
INSERT INTO etapes (id_itineraire, id_checkpoint, position) VALUES (326,155,2);
INSERT INTO etapes (id_itineraire, id_checkpoint, position) VALUES (326,205,3);
INSERT INTO etapes (id_itineraire, id_checkpoint, position) VALUES (326,150,4);
INSERT INTO etapes (id_itineraire, id_checkpoint, position) VALUES (326,179,5);
INSERT INTO etapes (id_itineraire, id_checkpoint, position) VALUES (326,138,6);

INSERT INTO itineraire (id, nom, distance) VALUES (327, 'itineraire numero 327',0.05614442550804092);
INSERT INTO etapes (id_itineraire, id_checkpoint, position) VALUES (327,155,0);
INSERT INTO etapes (id_itineraire, id_checkpoint, position) VALUES (327,205,1);
INSERT INTO etapes (id_itineraire, id_checkpoint, position) VALUES (327,150,2);
INSERT INTO etapes (id_itineraire, id_checkpoint, position) VALUES (327,179,3);
INSERT INTO etapes (id_itineraire, id_checkpoint, position) VALUES (327,138,4);
INSERT INTO etapes (id_itineraire, id_checkpoint, position) VALUES (327,137,5);
INSERT INTO etapes (id_itineraire, id_checkpoint, position) VALUES (327,15,6);

INSERT INTO itineraire (id, nom, distance) VALUES (328, 'itineraire numero 328',0.05976098739860845);
INSERT INTO etapes (id_itineraire, id_checkpoint, position) VALUES (328,15,0);
INSERT INTO etapes (id_itineraire, id_checkpoint, position) VALUES (328,155,1);
INSERT INTO etapes (id_itineraire, id_checkpoint, position) VALUES (328,179,2);
INSERT INTO etapes (id_itineraire, id_checkpoint, position) VALUES (328,150,3);
INSERT INTO etapes (id_itineraire, id_checkpoint, position) VALUES (328,205,4);
INSERT INTO etapes (id_itineraire, id_checkpoint, position) VALUES (328,138,5);
INSERT INTO etapes (id_itineraire, id_checkpoint, position) VALUES (328,44,6);

INSERT INTO itineraire (id, nom, distance) VALUES (329, 'itineraire numero 329',0.056054570627254816);
INSERT INTO etapes (id_itineraire, id_checkpoint, position) VALUES (329,155,0);
INSERT INTO etapes (id_itineraire, id_checkpoint, position) VALUES (329,205,1);
INSERT INTO etapes (id_itineraire, id_checkpoint, position) VALUES (329,150,2);
INSERT INTO etapes (id_itineraire, id_checkpoint, position) VALUES (329,179,3);
INSERT INTO etapes (id_itineraire, id_checkpoint, position) VALUES (329,138,4);
INSERT INTO etapes (id_itineraire, id_checkpoint, position) VALUES (329,254,5);
INSERT INTO etapes (id_itineraire, id_checkpoint, position) VALUES (329,15,6);

INSERT INTO itineraire (id, nom, distance) VALUES (330, 'itineraire numero 330',0.06036285866661455);
INSERT INTO etapes (id_itineraire, id_checkpoint, position) VALUES (330,155,0);
INSERT INTO etapes (id_itineraire, id_checkpoint, position) VALUES (330,205,1);
INSERT INTO etapes (id_itineraire, id_checkpoint, position) VALUES (330,150,2);
INSERT INTO etapes (id_itineraire, id_checkpoint, position) VALUES (330,179,3);
INSERT INTO etapes (id_itineraire, id_checkpoint, position) VALUES (330,138,4);
INSERT INTO etapes (id_itineraire, id_checkpoint, position) VALUES (330,253,5);
INSERT INTO etapes (id_itineraire, id_checkpoint, position) VALUES (330,15,6);

INSERT INTO itineraire (id, nom, distance) VALUES (331, 'itineraire numero 331',0.06332542568251302);
INSERT INTO etapes (id_itineraire, id_checkpoint, position) VALUES (331,179,0);
INSERT INTO etapes (id_itineraire, id_checkpoint, position) VALUES (331,205,1);
INSERT INTO etapes (id_itineraire, id_checkpoint, position) VALUES (331,150,2);
INSERT INTO etapes (id_itineraire, id_checkpoint, position) VALUES (331,138,3);
INSERT INTO etapes (id_itineraire, id_checkpoint, position) VALUES (331,272,4);
INSERT INTO etapes (id_itineraire, id_checkpoint, position) VALUES (331,14,5);
INSERT INTO etapes (id_itineraire, id_checkpoint, position) VALUES (331,155,6);

INSERT INTO itineraire (id, nom, distance) VALUES (332, 'itineraire numero 332',0.06842030952225782);
INSERT INTO etapes (id_itineraire, id_checkpoint, position) VALUES (332,27,0);
INSERT INTO etapes (id_itineraire, id_checkpoint, position) VALUES (332,46,1);
INSERT INTO etapes (id_itineraire, id_checkpoint, position) VALUES (332,155,2);
INSERT INTO etapes (id_itineraire, id_checkpoint, position) VALUES (332,205,3);
INSERT INTO etapes (id_itineraire, id_checkpoint, position) VALUES (332,150,4);
INSERT INTO etapes (id_itineraire, id_checkpoint, position) VALUES (332,179,5);
INSERT INTO etapes (id_itineraire, id_checkpoint, position) VALUES (332,138,6);

INSERT INTO itineraire (id, nom, distance) VALUES (333, 'itineraire numero 333',0.06310534096035568);
INSERT INTO etapes (id_itineraire, id_checkpoint, position) VALUES (333,27,0);
INSERT INTO etapes (id_itineraire, id_checkpoint, position) VALUES (333,132,1);
INSERT INTO etapes (id_itineraire, id_checkpoint, position) VALUES (333,155,2);
INSERT INTO etapes (id_itineraire, id_checkpoint, position) VALUES (333,205,3);
INSERT INTO etapes (id_itineraire, id_checkpoint, position) VALUES (333,150,4);
INSERT INTO etapes (id_itineraire, id_checkpoint, position) VALUES (333,179,5);
INSERT INTO etapes (id_itineraire, id_checkpoint, position) VALUES (333,138,6);

INSERT INTO itineraire (id, nom, distance) VALUES (334, 'itineraire numero 334',0.06190127258959654);
INSERT INTO etapes (id_itineraire, id_checkpoint, position) VALUES (334,155,0);
INSERT INTO etapes (id_itineraire, id_checkpoint, position) VALUES (334,179,1);
INSERT INTO etapes (id_itineraire, id_checkpoint, position) VALUES (334,138,2);
INSERT INTO etapes (id_itineraire, id_checkpoint, position) VALUES (334,150,3);
INSERT INTO etapes (id_itineraire, id_checkpoint, position) VALUES (334,205,4);
INSERT INTO etapes (id_itineraire, id_checkpoint, position) VALUES (334,229,5);
INSERT INTO etapes (id_itineraire, id_checkpoint, position) VALUES (334,27,6);

INSERT INTO itineraire (id, nom, distance) VALUES (335, 'itineraire numero 335',0.06688237947186748);
INSERT INTO etapes (id_itineraire, id_checkpoint, position) VALUES (335,33,0);
INSERT INTO etapes (id_itineraire, id_checkpoint, position) VALUES (335,46,1);
INSERT INTO etapes (id_itineraire, id_checkpoint, position) VALUES (335,155,2);
INSERT INTO etapes (id_itineraire, id_checkpoint, position) VALUES (335,179,3);
INSERT INTO etapes (id_itineraire, id_checkpoint, position) VALUES (335,150,4);
INSERT INTO etapes (id_itineraire, id_checkpoint, position) VALUES (335,205,5);
INSERT INTO etapes (id_itineraire, id_checkpoint, position) VALUES (335,138,6);

INSERT INTO itineraire (id, nom, distance) VALUES (336, 'itineraire numero 336',0.06717554140304162);
INSERT INTO etapes (id_itineraire, id_checkpoint, position) VALUES (336,31,0);
INSERT INTO etapes (id_itineraire, id_checkpoint, position) VALUES (336,46,1);
INSERT INTO etapes (id_itineraire, id_checkpoint, position) VALUES (336,155,2);
INSERT INTO etapes (id_itineraire, id_checkpoint, position) VALUES (336,179,3);
INSERT INTO etapes (id_itineraire, id_checkpoint, position) VALUES (336,150,4);
INSERT INTO etapes (id_itineraire, id_checkpoint, position) VALUES (336,205,5);
INSERT INTO etapes (id_itineraire, id_checkpoint, position) VALUES (336,138,6);

INSERT INTO itineraire (id, nom, distance) VALUES (337, 'itineraire numero 337',0.058589297297659756);
INSERT INTO etapes (id_itineraire, id_checkpoint, position) VALUES (337,25,0);
INSERT INTO etapes (id_itineraire, id_checkpoint, position) VALUES (337,157,1);
INSERT INTO etapes (id_itineraire, id_checkpoint, position) VALUES (337,273,2);
INSERT INTO etapes (id_itineraire, id_checkpoint, position) VALUES (337,150,3);
INSERT INTO etapes (id_itineraire, id_checkpoint, position) VALUES (337,179,4);
INSERT INTO etapes (id_itineraire, id_checkpoint, position) VALUES (337,138,5);
INSERT INTO etapes (id_itineraire, id_checkpoint, position) VALUES (337,205,6);

INSERT INTO itineraire (id, nom, distance) VALUES (338, 'itineraire numero 338',0.06169242795687374);
INSERT INTO etapes (id_itineraire, id_checkpoint, position) VALUES (338,25,0);
INSERT INTO etapes (id_itineraire, id_checkpoint, position) VALUES (338,157,1);
INSERT INTO etapes (id_itineraire, id_checkpoint, position) VALUES (338,164,2);
INSERT INTO etapes (id_itineraire, id_checkpoint, position) VALUES (338,179,3);
INSERT INTO etapes (id_itineraire, id_checkpoint, position) VALUES (338,150,4);
INSERT INTO etapes (id_itineraire, id_checkpoint, position) VALUES (338,138,5);
INSERT INTO etapes (id_itineraire, id_checkpoint, position) VALUES (338,205,6);

INSERT INTO itineraire (id, nom, distance) VALUES (339, 'itineraire numero 339',0.061336555329721876);
INSERT INTO etapes (id_itineraire, id_checkpoint, position) VALUES (339,33,0);
INSERT INTO etapes (id_itineraire, id_checkpoint, position) VALUES (339,132,1);
INSERT INTO etapes (id_itineraire, id_checkpoint, position) VALUES (339,155,2);
INSERT INTO etapes (id_itineraire, id_checkpoint, position) VALUES (339,179,3);
INSERT INTO etapes (id_itineraire, id_checkpoint, position) VALUES (339,150,4);
INSERT INTO etapes (id_itineraire, id_checkpoint, position) VALUES (339,205,5);
INSERT INTO etapes (id_itineraire, id_checkpoint, position) VALUES (339,138,6);

INSERT INTO itineraire (id, nom, distance) VALUES (340, 'itineraire numero 340',0.0651659470307304);
INSERT INTO etapes (id_itineraire, id_checkpoint, position) VALUES (340,179,0);
INSERT INTO etapes (id_itineraire, id_checkpoint, position) VALUES (340,157,1);
INSERT INTO etapes (id_itineraire, id_checkpoint, position) VALUES (340,14,2);
INSERT INTO etapes (id_itineraire, id_checkpoint, position) VALUES (340,137,3);
INSERT INTO etapes (id_itineraire, id_checkpoint, position) VALUES (340,150,4);
INSERT INTO etapes (id_itineraire, id_checkpoint, position) VALUES (340,205,5);
INSERT INTO etapes (id_itineraire, id_checkpoint, position) VALUES (340,138,6);

INSERT INTO itineraire (id, nom, distance) VALUES (341, 'itineraire numero 341',0.06423024367789641);
INSERT INTO etapes (id_itineraire, id_checkpoint, position) VALUES (341,179,0);
INSERT INTO etapes (id_itineraire, id_checkpoint, position) VALUES (341,157,1);
INSERT INTO etapes (id_itineraire, id_checkpoint, position) VALUES (341,14,2);
INSERT INTO etapes (id_itineraire, id_checkpoint, position) VALUES (341,255,3);
INSERT INTO etapes (id_itineraire, id_checkpoint, position) VALUES (341,150,4);
INSERT INTO etapes (id_itineraire, id_checkpoint, position) VALUES (341,205,5);
INSERT INTO etapes (id_itineraire, id_checkpoint, position) VALUES (341,138,6);

INSERT INTO itineraire (id, nom, distance) VALUES (342, 'itineraire numero 342',0.07147508555740326);
INSERT INTO etapes (id_itineraire, id_checkpoint, position) VALUES (342,151,0);
INSERT INTO etapes (id_itineraire, id_checkpoint, position) VALUES (342,179,1);
INSERT INTO etapes (id_itineraire, id_checkpoint, position) VALUES (342,96,2);
INSERT INTO etapes (id_itineraire, id_checkpoint, position) VALUES (342,41,3);
INSERT INTO etapes (id_itineraire, id_checkpoint, position) VALUES (342,132,4);
INSERT INTO etapes (id_itineraire, id_checkpoint, position) VALUES (342,272,5);
INSERT INTO etapes (id_itineraire, id_checkpoint, position) VALUES (342,138,6);

INSERT INTO itineraire (id, nom, distance) VALUES (343, 'itineraire numero 343',0.06460807143046537);
INSERT INTO etapes (id_itineraire, id_checkpoint, position) VALUES (343,151,0);
INSERT INTO etapes (id_itineraire, id_checkpoint, position) VALUES (343,214,1);
INSERT INTO etapes (id_itineraire, id_checkpoint, position) VALUES (343,179,2);
INSERT INTO etapes (id_itineraire, id_checkpoint, position) VALUES (343,96,3);
INSERT INTO etapes (id_itineraire, id_checkpoint, position) VALUES (343,41,4);
INSERT INTO etapes (id_itineraire, id_checkpoint, position) VALUES (343,229,5);
INSERT INTO etapes (id_itineraire, id_checkpoint, position) VALUES (343,138,6);

INSERT INTO itineraire (id, nom, distance) VALUES (344, 'itineraire numero 344',0.06297543563956834);
INSERT INTO etapes (id_itineraire, id_checkpoint, position) VALUES (344,151,0);
INSERT INTO etapes (id_itineraire, id_checkpoint, position) VALUES (344,214,1);
INSERT INTO etapes (id_itineraire, id_checkpoint, position) VALUES (344,179,2);
INSERT INTO etapes (id_itineraire, id_checkpoint, position) VALUES (344,107,3);
INSERT INTO etapes (id_itineraire, id_checkpoint, position) VALUES (344,41,4);
INSERT INTO etapes (id_itineraire, id_checkpoint, position) VALUES (344,229,5);
INSERT INTO etapes (id_itineraire, id_checkpoint, position) VALUES (344,138,6);

INSERT INTO itineraire (id, nom, distance) VALUES (345, 'itineraire numero 345',0.06304725687609093);
INSERT INTO etapes (id_itineraire, id_checkpoint, position) VALUES (345,151,0);
INSERT INTO etapes (id_itineraire, id_checkpoint, position) VALUES (345,179,1);
INSERT INTO etapes (id_itineraire, id_checkpoint, position) VALUES (345,138,2);
INSERT INTO etapes (id_itineraire, id_checkpoint, position) VALUES (345,229,3);
INSERT INTO etapes (id_itineraire, id_checkpoint, position) VALUES (345,41,4);
INSERT INTO etapes (id_itineraire, id_checkpoint, position) VALUES (345,85,5);
INSERT INTO etapes (id_itineraire, id_checkpoint, position) VALUES (345,11,6);

INSERT INTO itineraire (id, nom, distance) VALUES (346, 'itineraire numero 346',0.06755357540238761);
INSERT INTO etapes (id_itineraire, id_checkpoint, position) VALUES (346,151,0);
INSERT INTO etapes (id_itineraire, id_checkpoint, position) VALUES (346,138,1);
INSERT INTO etapes (id_itineraire, id_checkpoint, position) VALUES (346,179,2);
INSERT INTO etapes (id_itineraire, id_checkpoint, position) VALUES (346,96,3);
INSERT INTO etapes (id_itineraire, id_checkpoint, position) VALUES (346,41,4);
INSERT INTO etapes (id_itineraire, id_checkpoint, position) VALUES (346,132,5);
INSERT INTO etapes (id_itineraire, id_checkpoint, position) VALUES (346,294,6);

INSERT INTO itineraire (id, nom, distance) VALUES (347, 'itineraire numero 347',0.07091183552020991);
INSERT INTO etapes (id_itineraire, id_checkpoint, position) VALUES (347,151,0);
INSERT INTO etapes (id_itineraire, id_checkpoint, position) VALUES (347,138,1);
INSERT INTO etapes (id_itineraire, id_checkpoint, position) VALUES (347,297,2);
INSERT INTO etapes (id_itineraire, id_checkpoint, position) VALUES (347,132,3);
INSERT INTO etapes (id_itineraire, id_checkpoint, position) VALUES (347,41,4);
INSERT INTO etapes (id_itineraire, id_checkpoint, position) VALUES (347,96,5);
INSERT INTO etapes (id_itineraire, id_checkpoint, position) VALUES (347,179,6);

INSERT INTO itineraire (id, nom, distance) VALUES (348, 'itineraire numero 348',0.07386806308418109);
INSERT INTO etapes (id_itineraire, id_checkpoint, position) VALUES (348,138,0);
INSERT INTO etapes (id_itineraire, id_checkpoint, position) VALUES (348,151,1);
INSERT INTO etapes (id_itineraire, id_checkpoint, position) VALUES (348,179,2);
INSERT INTO etapes (id_itineraire, id_checkpoint, position) VALUES (348,97,3);
INSERT INTO etapes (id_itineraire, id_checkpoint, position) VALUES (348,41,4);
INSERT INTO etapes (id_itineraire, id_checkpoint, position) VALUES (348,132,5);
INSERT INTO etapes (id_itineraire, id_checkpoint, position) VALUES (348,85,6);

INSERT INTO itineraire (id, nom, distance) VALUES (349, 'itineraire numero 349',0.0790545642457962);
INSERT INTO etapes (id_itineraire, id_checkpoint, position) VALUES (349,138,0);
INSERT INTO etapes (id_itineraire, id_checkpoint, position) VALUES (349,151,1);
INSERT INTO etapes (id_itineraire, id_checkpoint, position) VALUES (349,179,2);
INSERT INTO etapes (id_itineraire, id_checkpoint, position) VALUES (349,97,3);
INSERT INTO etapes (id_itineraire, id_checkpoint, position) VALUES (349,41,4);
INSERT INTO etapes (id_itineraire, id_checkpoint, position) VALUES (349,132,5);
INSERT INTO etapes (id_itineraire, id_checkpoint, position) VALUES (349,262,6);

INSERT INTO itineraire (id, nom, distance) VALUES (350, 'itineraire numero 350',0.0782598587633424);
INSERT INTO etapes (id_itineraire, id_checkpoint, position) VALUES (350,138,0);
INSERT INTO etapes (id_itineraire, id_checkpoint, position) VALUES (350,151,1);
INSERT INTO etapes (id_itineraire, id_checkpoint, position) VALUES (350,179,2);
INSERT INTO etapes (id_itineraire, id_checkpoint, position) VALUES (350,97,3);
INSERT INTO etapes (id_itineraire, id_checkpoint, position) VALUES (350,41,4);
INSERT INTO etapes (id_itineraire, id_checkpoint, position) VALUES (350,132,5);
INSERT INTO etapes (id_itineraire, id_checkpoint, position) VALUES (350,252,6);

INSERT INTO itineraire (id, nom, distance) VALUES (351, 'itineraire numero 351',0.0782863154339887);
INSERT INTO etapes (id_itineraire, id_checkpoint, position) VALUES (351,179,0);
INSERT INTO etapes (id_itineraire, id_checkpoint, position) VALUES (351,151,1);
INSERT INTO etapes (id_itineraire, id_checkpoint, position) VALUES (351,138,2);
INSERT INTO etapes (id_itineraire, id_checkpoint, position) VALUES (351,229,3);
INSERT INTO etapes (id_itineraire, id_checkpoint, position) VALUES (351,41,4);
INSERT INTO etapes (id_itineraire, id_checkpoint, position) VALUES (351,308,5);
INSERT INTO etapes (id_itineraire, id_checkpoint, position) VALUES (351,86,6);

INSERT INTO itineraire (id, nom, distance) VALUES (352, 'itineraire numero 352',0.07872134474859248);
INSERT INTO etapes (id_itineraire, id_checkpoint, position) VALUES (352,179,0);
INSERT INTO etapes (id_itineraire, id_checkpoint, position) VALUES (352,151,1);
INSERT INTO etapes (id_itineraire, id_checkpoint, position) VALUES (352,138,2);
INSERT INTO etapes (id_itineraire, id_checkpoint, position) VALUES (352,229,3);
INSERT INTO etapes (id_itineraire, id_checkpoint, position) VALUES (352,41,4);
INSERT INTO etapes (id_itineraire, id_checkpoint, position) VALUES (352,96,5);
INSERT INTO etapes (id_itineraire, id_checkpoint, position) VALUES (352,180,6);

INSERT INTO itineraire (id, nom, distance) VALUES (353, 'itineraire numero 353',0.07824491287315125);
INSERT INTO etapes (id_itineraire, id_checkpoint, position) VALUES (353,179,0);
INSERT INTO etapes (id_itineraire, id_checkpoint, position) VALUES (353,151,1);
INSERT INTO etapes (id_itineraire, id_checkpoint, position) VALUES (353,138,2);
INSERT INTO etapes (id_itineraire, id_checkpoint, position) VALUES (353,229,3);
INSERT INTO etapes (id_itineraire, id_checkpoint, position) VALUES (353,41,4);
INSERT INTO etapes (id_itineraire, id_checkpoint, position) VALUES (353,107,5);
INSERT INTO etapes (id_itineraire, id_checkpoint, position) VALUES (353,180,6);

INSERT INTO itineraire (id, nom, distance) VALUES (354, 'itineraire numero 354',0.06131212956623344);
INSERT INTO etapes (id_itineraire, id_checkpoint, position) VALUES (354,179,0);
INSERT INTO etapes (id_itineraire, id_checkpoint, position) VALUES (354,151,1);
INSERT INTO etapes (id_itineraire, id_checkpoint, position) VALUES (354,138,2);
INSERT INTO etapes (id_itineraire, id_checkpoint, position) VALUES (354,229,3);
INSERT INTO etapes (id_itineraire, id_checkpoint, position) VALUES (354,41,4);
INSERT INTO etapes (id_itineraire, id_checkpoint, position) VALUES (354,87,5);
INSERT INTO etapes (id_itineraire, id_checkpoint, position) VALUES (354,86,6);

INSERT INTO itineraire (id, nom, distance) VALUES (355, 'itineraire numero 355',0.07114662275033823);
INSERT INTO etapes (id_itineraire, id_checkpoint, position) VALUES (355,15,0);
INSERT INTO etapes (id_itineraire, id_checkpoint, position) VALUES (355,157,1);
INSERT INTO etapes (id_itineraire, id_checkpoint, position) VALUES (355,46,2);
INSERT INTO etapes (id_itineraire, id_checkpoint, position) VALUES (355,179,3);
INSERT INTO etapes (id_itineraire, id_checkpoint, position) VALUES (355,151,4);
INSERT INTO etapes (id_itineraire, id_checkpoint, position) VALUES (355,205,5);
INSERT INTO etapes (id_itineraire, id_checkpoint, position) VALUES (355,138,6);

INSERT INTO itineraire (id, nom, distance) VALUES (356, 'itineraire numero 356',0.058469419726950606);
INSERT INTO etapes (id_itineraire, id_checkpoint, position) VALUES (356,15,0);
INSERT INTO etapes (id_itineraire, id_checkpoint, position) VALUES (356,157,1);
INSERT INTO etapes (id_itineraire, id_checkpoint, position) VALUES (356,273,2);
INSERT INTO etapes (id_itineraire, id_checkpoint, position) VALUES (356,151,3);
INSERT INTO etapes (id_itineraire, id_checkpoint, position) VALUES (356,179,4);
INSERT INTO etapes (id_itineraire, id_checkpoint, position) VALUES (356,205,5);
INSERT INTO etapes (id_itineraire, id_checkpoint, position) VALUES (356,138,6);

INSERT INTO itineraire (id, nom, distance) VALUES (357, 'itineraire numero 357',0.059515447830857);
INSERT INTO etapes (id_itineraire, id_checkpoint, position) VALUES (357,15,0);
INSERT INTO etapes (id_itineraire, id_checkpoint, position) VALUES (357,157,1);
INSERT INTO etapes (id_itineraire, id_checkpoint, position) VALUES (357,164,2);
INSERT INTO etapes (id_itineraire, id_checkpoint, position) VALUES (357,179,3);
INSERT INTO etapes (id_itineraire, id_checkpoint, position) VALUES (357,151,4);
INSERT INTO etapes (id_itineraire, id_checkpoint, position) VALUES (357,138,5);
INSERT INTO etapes (id_itineraire, id_checkpoint, position) VALUES (357,205,6);

INSERT INTO itineraire (id, nom, distance) VALUES (358, 'itineraire numero 358',0.05445926210517089);
INSERT INTO etapes (id_itineraire, id_checkpoint, position) VALUES (358,15,0);
INSERT INTO etapes (id_itineraire, id_checkpoint, position) VALUES (358,157,1);
INSERT INTO etapes (id_itineraire, id_checkpoint, position) VALUES (358,170,2);
INSERT INTO etapes (id_itineraire, id_checkpoint, position) VALUES (358,151,3);
INSERT INTO etapes (id_itineraire, id_checkpoint, position) VALUES (358,179,4);
INSERT INTO etapes (id_itineraire, id_checkpoint, position) VALUES (358,138,5);
INSERT INTO etapes (id_itineraire, id_checkpoint, position) VALUES (358,205,6);

INSERT INTO itineraire (id, nom, distance) VALUES (359, 'itineraire numero 359',0.05632039308689745);
INSERT INTO etapes (id_itineraire, id_checkpoint, position) VALUES (359,15,0);
INSERT INTO etapes (id_itineraire, id_checkpoint, position) VALUES (359,157,1);
INSERT INTO etapes (id_itineraire, id_checkpoint, position) VALUES (359,292,2);
INSERT INTO etapes (id_itineraire, id_checkpoint, position) VALUES (359,151,3);
INSERT INTO etapes (id_itineraire, id_checkpoint, position) VALUES (359,179,4);
INSERT INTO etapes (id_itineraire, id_checkpoint, position) VALUES (359,138,5);
INSERT INTO etapes (id_itineraire, id_checkpoint, position) VALUES (359,205,6);

INSERT INTO itineraire (id, nom, distance) VALUES (360, 'itineraire numero 360',0.055090024848561896);
INSERT INTO etapes (id_itineraire, id_checkpoint, position) VALUES (360,16,0);
INSERT INTO etapes (id_itineraire, id_checkpoint, position) VALUES (360,157,1);
INSERT INTO etapes (id_itineraire, id_checkpoint, position) VALUES (360,179,2);
INSERT INTO etapes (id_itineraire, id_checkpoint, position) VALUES (360,151,3);
INSERT INTO etapes (id_itineraire, id_checkpoint, position) VALUES (360,241,4);
INSERT INTO etapes (id_itineraire, id_checkpoint, position) VALUES (360,138,5);
INSERT INTO etapes (id_itineraire, id_checkpoint, position) VALUES (360,205,6);

INSERT INTO itineraire (id, nom, distance) VALUES (361, 'itineraire numero 361',0.06721340594570911);
INSERT INTO etapes (id_itineraire, id_checkpoint, position) VALUES (361,155,0);
INSERT INTO etapes (id_itineraire, id_checkpoint, position) VALUES (361,15,1);
INSERT INTO etapes (id_itineraire, id_checkpoint, position) VALUES (361,230,2);
INSERT INTO etapes (id_itineraire, id_checkpoint, position) VALUES (361,179,3);
INSERT INTO etapes (id_itineraire, id_checkpoint, position) VALUES (361,151,4);
INSERT INTO etapes (id_itineraire, id_checkpoint, position) VALUES (361,138,5);
INSERT INTO etapes (id_itineraire, id_checkpoint, position) VALUES (361,205,6);

INSERT INTO itineraire (id, nom, distance) VALUES (362, 'itineraire numero 362',0.06496940291955841);
INSERT INTO etapes (id_itineraire, id_checkpoint, position) VALUES (362,32,0);
INSERT INTO etapes (id_itineraire, id_checkpoint, position) VALUES (362,15,1);
INSERT INTO etapes (id_itineraire, id_checkpoint, position) VALUES (362,155,2);
INSERT INTO etapes (id_itineraire, id_checkpoint, position) VALUES (362,179,3);
INSERT INTO etapes (id_itineraire, id_checkpoint, position) VALUES (362,151,4);
INSERT INTO etapes (id_itineraire, id_checkpoint, position) VALUES (362,138,5);
INSERT INTO etapes (id_itineraire, id_checkpoint, position) VALUES (362,205,6);

INSERT INTO itineraire (id, nom, distance) VALUES (363, 'itineraire numero 363',0.06284436650775052);
INSERT INTO etapes (id_itineraire, id_checkpoint, position) VALUES (363,16,0);
INSERT INTO etapes (id_itineraire, id_checkpoint, position) VALUES (363,157,1);
INSERT INTO etapes (id_itineraire, id_checkpoint, position) VALUES (363,22,2);
INSERT INTO etapes (id_itineraire, id_checkpoint, position) VALUES (363,151,3);
INSERT INTO etapes (id_itineraire, id_checkpoint, position) VALUES (363,138,4);
INSERT INTO etapes (id_itineraire, id_checkpoint, position) VALUES (363,179,5);
INSERT INTO etapes (id_itineraire, id_checkpoint, position) VALUES (363,46,6);

INSERT INTO itineraire (id, nom, distance) VALUES (364, 'itineraire numero 364',0.060676776204767836);
INSERT INTO etapes (id_itineraire, id_checkpoint, position) VALUES (364,155,0);
INSERT INTO etapes (id_itineraire, id_checkpoint, position) VALUES (364,15,1);
INSERT INTO etapes (id_itineraire, id_checkpoint, position) VALUES (364,137,2);
INSERT INTO etapes (id_itineraire, id_checkpoint, position) VALUES (364,151,3);
INSERT INTO etapes (id_itineraire, id_checkpoint, position) VALUES (364,22,4);
INSERT INTO etapes (id_itineraire, id_checkpoint, position) VALUES (364,138,5);
INSERT INTO etapes (id_itineraire, id_checkpoint, position) VALUES (364,179,6);

INSERT INTO itineraire (id, nom, distance) VALUES (365, 'itineraire numero 365',0.06284487356420737);
INSERT INTO etapes (id_itineraire, id_checkpoint, position) VALUES (365,16,0);
INSERT INTO etapes (id_itineraire, id_checkpoint, position) VALUES (365,157,1);
INSERT INTO etapes (id_itineraire, id_checkpoint, position) VALUES (365,23,2);
INSERT INTO etapes (id_itineraire, id_checkpoint, position) VALUES (365,151,3);
INSERT INTO etapes (id_itineraire, id_checkpoint, position) VALUES (365,138,4);
INSERT INTO etapes (id_itineraire, id_checkpoint, position) VALUES (365,179,5);
INSERT INTO etapes (id_itineraire, id_checkpoint, position) VALUES (365,46,6);

INSERT INTO itineraire (id, nom, distance) VALUES (366, 'itineraire numero 366',0.060665387199098045);
INSERT INTO etapes (id_itineraire, id_checkpoint, position) VALUES (366,155,0);
INSERT INTO etapes (id_itineraire, id_checkpoint, position) VALUES (366,15,1);
INSERT INTO etapes (id_itineraire, id_checkpoint, position) VALUES (366,137,2);
INSERT INTO etapes (id_itineraire, id_checkpoint, position) VALUES (366,151,3);
INSERT INTO etapes (id_itineraire, id_checkpoint, position) VALUES (366,23,4);
INSERT INTO etapes (id_itineraire, id_checkpoint, position) VALUES (366,138,5);
INSERT INTO etapes (id_itineraire, id_checkpoint, position) VALUES (366,179,6);

INSERT INTO itineraire (id, nom, distance) VALUES (367, 'itineraire numero 367',0.06849259471880527);
INSERT INTO etapes (id_itineraire, id_checkpoint, position) VALUES (367,270,0);
INSERT INTO etapes (id_itineraire, id_checkpoint, position) VALUES (367,151,1);
INSERT INTO etapes (id_itineraire, id_checkpoint, position) VALUES (367,138,2);
INSERT INTO etapes (id_itineraire, id_checkpoint, position) VALUES (367,179,3);
INSERT INTO etapes (id_itineraire, id_checkpoint, position) VALUES (367,46,4);
INSERT INTO etapes (id_itineraire, id_checkpoint, position) VALUES (367,155,5);
INSERT INTO etapes (id_itineraire, id_checkpoint, position) VALUES (367,15,6);

INSERT INTO itineraire (id, nom, distance) VALUES (368, 'itineraire numero 368',0.05042236406833077);
INSERT INTO etapes (id_itineraire, id_checkpoint, position) VALUES (368,273,0);
INSERT INTO etapes (id_itineraire, id_checkpoint, position) VALUES (368,151,1);
INSERT INTO etapes (id_itineraire, id_checkpoint, position) VALUES (368,270,2);
INSERT INTO etapes (id_itineraire, id_checkpoint, position) VALUES (368,138,3);
INSERT INTO etapes (id_itineraire, id_checkpoint, position) VALUES (368,179,4);
INSERT INTO etapes (id_itineraire, id_checkpoint, position) VALUES (368,155,5);
INSERT INTO etapes (id_itineraire, id_checkpoint, position) VALUES (368,15,6);

INSERT INTO itineraire (id, nom, distance) VALUES (369, 'itineraire numero 369',0.05772167057850308);
INSERT INTO etapes (id_itineraire, id_checkpoint, position) VALUES (369,164,0);
INSERT INTO etapes (id_itineraire, id_checkpoint, position) VALUES (369,270,1);
INSERT INTO etapes (id_itineraire, id_checkpoint, position) VALUES (369,151,2);
INSERT INTO etapes (id_itineraire, id_checkpoint, position) VALUES (369,138,3);
INSERT INTO etapes (id_itineraire, id_checkpoint, position) VALUES (369,179,4);
INSERT INTO etapes (id_itineraire, id_checkpoint, position) VALUES (369,155,5);
INSERT INTO etapes (id_itineraire, id_checkpoint, position) VALUES (369,15,6);

INSERT INTO itineraire (id, nom, distance) VALUES (370, 'itineraire numero 370',0.04953750709230668);
INSERT INTO etapes (id_itineraire, id_checkpoint, position) VALUES (370,179,0);
INSERT INTO etapes (id_itineraire, id_checkpoint, position) VALUES (370,138,1);
INSERT INTO etapes (id_itineraire, id_checkpoint, position) VALUES (370,151,2);
INSERT INTO etapes (id_itineraire, id_checkpoint, position) VALUES (370,270,3);
INSERT INTO etapes (id_itineraire, id_checkpoint, position) VALUES (370,155,4);
INSERT INTO etapes (id_itineraire, id_checkpoint, position) VALUES (370,14,5);
INSERT INTO etapes (id_itineraire, id_checkpoint, position) VALUES (370,15,6);

INSERT INTO itineraire (id, nom, distance) VALUES (371, 'itineraire numero 371',0.04888890450239855);
INSERT INTO etapes (id_itineraire, id_checkpoint, position) VALUES (371,170,0);
INSERT INTO etapes (id_itineraire, id_checkpoint, position) VALUES (371,270,1);
INSERT INTO etapes (id_itineraire, id_checkpoint, position) VALUES (371,151,2);
INSERT INTO etapes (id_itineraire, id_checkpoint, position) VALUES (371,138,3);
INSERT INTO etapes (id_itineraire, id_checkpoint, position) VALUES (371,179,4);
INSERT INTO etapes (id_itineraire, id_checkpoint, position) VALUES (371,155,5);
INSERT INTO etapes (id_itineraire, id_checkpoint, position) VALUES (371,15,6);

INSERT INTO itineraire (id, nom, distance) VALUES (372, 'itineraire numero 372',0.04852569688736802);
INSERT INTO etapes (id_itineraire, id_checkpoint, position) VALUES (372,292,0);
INSERT INTO etapes (id_itineraire, id_checkpoint, position) VALUES (372,270,1);
INSERT INTO etapes (id_itineraire, id_checkpoint, position) VALUES (372,151,2);
INSERT INTO etapes (id_itineraire, id_checkpoint, position) VALUES (372,138,3);
INSERT INTO etapes (id_itineraire, id_checkpoint, position) VALUES (372,179,4);
INSERT INTO etapes (id_itineraire, id_checkpoint, position) VALUES (372,155,5);
INSERT INTO etapes (id_itineraire, id_checkpoint, position) VALUES (372,15,6);

INSERT INTO itineraire (id, nom, distance) VALUES (373, 'itineraire numero 373',0.0525774568759061);
INSERT INTO etapes (id_itineraire, id_checkpoint, position) VALUES (373,241,0);
INSERT INTO etapes (id_itineraire, id_checkpoint, position) VALUES (373,270,1);
INSERT INTO etapes (id_itineraire, id_checkpoint, position) VALUES (373,151,2);
INSERT INTO etapes (id_itineraire, id_checkpoint, position) VALUES (373,138,3);
INSERT INTO etapes (id_itineraire, id_checkpoint, position) VALUES (373,179,4);
INSERT INTO etapes (id_itineraire, id_checkpoint, position) VALUES (373,155,5);
INSERT INTO etapes (id_itineraire, id_checkpoint, position) VALUES (373,15,6);

INSERT INTO itineraire (id, nom, distance) VALUES (374, 'itineraire numero 374',0.06597877527236444);
INSERT INTO etapes (id_itineraire, id_checkpoint, position) VALUES (374,155,0);
INSERT INTO etapes (id_itineraire, id_checkpoint, position) VALUES (374,15,1);
INSERT INTO etapes (id_itineraire, id_checkpoint, position) VALUES (374,230,2);
INSERT INTO etapes (id_itineraire, id_checkpoint, position) VALUES (374,270,3);
INSERT INTO etapes (id_itineraire, id_checkpoint, position) VALUES (374,151,4);
INSERT INTO etapes (id_itineraire, id_checkpoint, position) VALUES (374,138,5);
INSERT INTO etapes (id_itineraire, id_checkpoint, position) VALUES (374,179,6);

INSERT INTO itineraire (id, nom, distance) VALUES (375, 'itineraire numero 375',0.06332857483607197);
INSERT INTO etapes (id_itineraire, id_checkpoint, position) VALUES (375,32,0);
INSERT INTO etapes (id_itineraire, id_checkpoint, position) VALUES (375,15,1);
INSERT INTO etapes (id_itineraire, id_checkpoint, position) VALUES (375,155,2);
INSERT INTO etapes (id_itineraire, id_checkpoint, position) VALUES (375,270,3);
INSERT INTO etapes (id_itineraire, id_checkpoint, position) VALUES (375,151,4);
INSERT INTO etapes (id_itineraire, id_checkpoint, position) VALUES (375,179,5);
INSERT INTO etapes (id_itineraire, id_checkpoint, position) VALUES (375,138,6);

INSERT INTO itineraire (id, nom, distance) VALUES (376, 'itineraire numero 376',0.0611982534104067);
INSERT INTO etapes (id_itineraire, id_checkpoint, position) VALUES (376,157,0);
INSERT INTO etapes (id_itineraire, id_checkpoint, position) VALUES (376,15,1);
INSERT INTO etapes (id_itineraire, id_checkpoint, position) VALUES (376,137,2);
INSERT INTO etapes (id_itineraire, id_checkpoint, position) VALUES (376,151,3);
INSERT INTO etapes (id_itineraire, id_checkpoint, position) VALUES (376,270,4);
INSERT INTO etapes (id_itineraire, id_checkpoint, position) VALUES (376,138,5);
INSERT INTO etapes (id_itineraire, id_checkpoint, position) VALUES (376,179,6);

INSERT INTO itineraire (id, nom, distance) VALUES (377, 'itineraire numero 377',0.06530097483810382);
INSERT INTO etapes (id_itineraire, id_checkpoint, position) VALUES (377,44,0);
INSERT INTO etapes (id_itineraire, id_checkpoint, position) VALUES (377,15,1);
INSERT INTO etapes (id_itineraire, id_checkpoint, position) VALUES (377,155,2);
INSERT INTO etapes (id_itineraire, id_checkpoint, position) VALUES (377,270,3);
INSERT INTO etapes (id_itineraire, id_checkpoint, position) VALUES (377,151,4);
INSERT INTO etapes (id_itineraire, id_checkpoint, position) VALUES (377,179,5);
INSERT INTO etapes (id_itineraire, id_checkpoint, position) VALUES (377,138,6);

INSERT INTO itineraire (id, nom, distance) VALUES (378, 'itineraire numero 378',0.061213945604620484);
INSERT INTO etapes (id_itineraire, id_checkpoint, position) VALUES (378,157,0);
INSERT INTO etapes (id_itineraire, id_checkpoint, position) VALUES (378,15,1);
INSERT INTO etapes (id_itineraire, id_checkpoint, position) VALUES (378,254,2);
INSERT INTO etapes (id_itineraire, id_checkpoint, position) VALUES (378,270,3);
INSERT INTO etapes (id_itineraire, id_checkpoint, position) VALUES (378,151,4);
INSERT INTO etapes (id_itineraire, id_checkpoint, position) VALUES (378,138,5);
INSERT INTO etapes (id_itineraire, id_checkpoint, position) VALUES (378,179,6);

INSERT INTO itineraire (id, nom, distance) VALUES (379, 'itineraire numero 379',0.06510655123307442);
INSERT INTO etapes (id_itineraire, id_checkpoint, position) VALUES (379,157,0);
INSERT INTO etapes (id_itineraire, id_checkpoint, position) VALUES (379,15,1);
INSERT INTO etapes (id_itineraire, id_checkpoint, position) VALUES (379,253,2);
INSERT INTO etapes (id_itineraire, id_checkpoint, position) VALUES (379,270,3);
INSERT INTO etapes (id_itineraire, id_checkpoint, position) VALUES (379,151,4);
INSERT INTO etapes (id_itineraire, id_checkpoint, position) VALUES (379,138,5);
INSERT INTO etapes (id_itineraire, id_checkpoint, position) VALUES (379,179,6);

INSERT INTO itineraire (id, nom, distance) VALUES (380, 'itineraire numero 380',0.07874416844709892);
INSERT INTO etapes (id_itineraire, id_checkpoint, position) VALUES (380,24,0);
INSERT INTO etapes (id_itineraire, id_checkpoint, position) VALUES (380,138,1);
INSERT INTO etapes (id_itineraire, id_checkpoint, position) VALUES (380,151,2);
INSERT INTO etapes (id_itineraire, id_checkpoint, position) VALUES (380,179,3);
INSERT INTO etapes (id_itineraire, id_checkpoint, position) VALUES (380,46,4);
INSERT INTO etapes (id_itineraire, id_checkpoint, position) VALUES (380,155,5);
INSERT INTO etapes (id_itineraire, id_checkpoint, position) VALUES (380,16,6);

INSERT INTO itineraire (id, nom, distance) VALUES (381, 'itineraire numero 381',0.060651589252496876);
INSERT INTO etapes (id_itineraire, id_checkpoint, position) VALUES (381,157,0);
INSERT INTO etapes (id_itineraire, id_checkpoint, position) VALUES (381,15,1);
INSERT INTO etapes (id_itineraire, id_checkpoint, position) VALUES (381,137,2);
INSERT INTO etapes (id_itineraire, id_checkpoint, position) VALUES (381,151,3);
INSERT INTO etapes (id_itineraire, id_checkpoint, position) VALUES (381,24,4);
INSERT INTO etapes (id_itineraire, id_checkpoint, position) VALUES (381,138,5);
INSERT INTO etapes (id_itineraire, id_checkpoint, position) VALUES (381,179,6);

INSERT INTO itineraire (id, nom, distance) VALUES (382, 'itineraire numero 382',0.07275831033961751);
INSERT INTO etapes (id_itineraire, id_checkpoint, position) VALUES (382,157,0);
INSERT INTO etapes (id_itineraire, id_checkpoint, position) VALUES (382,16,1);
INSERT INTO etapes (id_itineraire, id_checkpoint, position) VALUES (382,272,2);
INSERT INTO etapes (id_itineraire, id_checkpoint, position) VALUES (382,46,3);
INSERT INTO etapes (id_itineraire, id_checkpoint, position) VALUES (382,179,4);
INSERT INTO etapes (id_itineraire, id_checkpoint, position) VALUES (382,138,5);
INSERT INTO etapes (id_itineraire, id_checkpoint, position) VALUES (382,151,6);

INSERT INTO itineraire (id, nom, distance) VALUES (383, 'itineraire numero 383',0.08402200629503655);
INSERT INTO etapes (id_itineraire, id_checkpoint, position) VALUES (383,16,0);
INSERT INTO etapes (id_itineraire, id_checkpoint, position) VALUES (383,272,1);
INSERT INTO etapes (id_itineraire, id_checkpoint, position) VALUES (383,132,2);
INSERT INTO etapes (id_itineraire, id_checkpoint, position) VALUES (383,155,3);
INSERT INTO etapes (id_itineraire, id_checkpoint, position) VALUES (383,179,4);
INSERT INTO etapes (id_itineraire, id_checkpoint, position) VALUES (383,151,5);
INSERT INTO etapes (id_itineraire, id_checkpoint, position) VALUES (383,138,6);

INSERT INTO itineraire (id, nom, distance) VALUES (384, 'itineraire numero 384',0.06454036650557342);
INSERT INTO etapes (id_itineraire, id_checkpoint, position) VALUES (384,157,0);
INSERT INTO etapes (id_itineraire, id_checkpoint, position) VALUES (384,16,1);
INSERT INTO etapes (id_itineraire, id_checkpoint, position) VALUES (384,272,2);
INSERT INTO etapes (id_itineraire, id_checkpoint, position) VALUES (384,137,3);
INSERT INTO etapes (id_itineraire, id_checkpoint, position) VALUES (384,151,4);
INSERT INTO etapes (id_itineraire, id_checkpoint, position) VALUES (384,138,5);
INSERT INTO etapes (id_itineraire, id_checkpoint, position) VALUES (384,179,6);

INSERT INTO itineraire (id, nom, distance) VALUES (385, 'itineraire numero 385',0.07073580042023468);
INSERT INTO etapes (id_itineraire, id_checkpoint, position) VALUES (385,46,0);
INSERT INTO etapes (id_itineraire, id_checkpoint, position) VALUES (385,179,1);
INSERT INTO etapes (id_itineraire, id_checkpoint, position) VALUES (385,151,2);
INSERT INTO etapes (id_itineraire, id_checkpoint, position) VALUES (385,138,3);
INSERT INTO etapes (id_itineraire, id_checkpoint, position) VALUES (385,277,4);
INSERT INTO etapes (id_itineraire, id_checkpoint, position) VALUES (385,155,5);
INSERT INTO etapes (id_itineraire, id_checkpoint, position) VALUES (385,16,6);

INSERT INTO itineraire (id, nom, distance) VALUES (386, 'itineraire numero 386',0.0716294443990368);
INSERT INTO etapes (id_itineraire, id_checkpoint, position) VALUES (386,138,0);
INSERT INTO etapes (id_itineraire, id_checkpoint, position) VALUES (386,214,1);
INSERT INTO etapes (id_itineraire, id_checkpoint, position) VALUES (386,151,2);
INSERT INTO etapes (id_itineraire, id_checkpoint, position) VALUES (386,179,3);
INSERT INTO etapes (id_itineraire, id_checkpoint, position) VALUES (386,46,4);
INSERT INTO etapes (id_itineraire, id_checkpoint, position) VALUES (386,155,5);
INSERT INTO etapes (id_itineraire, id_checkpoint, position) VALUES (386,16,6);

INSERT INTO itineraire (id, nom, distance) VALUES (387, 'itineraire numero 387',0.07846227467770388);
INSERT INTO etapes (id_itineraire, id_checkpoint, position) VALUES (387,157,0);
INSERT INTO etapes (id_itineraire, id_checkpoint, position) VALUES (387,46,1);
INSERT INTO etapes (id_itineraire, id_checkpoint, position) VALUES (387,179,2);
INSERT INTO etapes (id_itineraire, id_checkpoint, position) VALUES (387,151,3);
INSERT INTO etapes (id_itineraire, id_checkpoint, position) VALUES (387,138,4);
INSERT INTO etapes (id_itineraire, id_checkpoint, position) VALUES (387,294,5);
INSERT INTO etapes (id_itineraire, id_checkpoint, position) VALUES (387,16,6);

INSERT INTO itineraire (id, nom, distance) VALUES (388, 'itineraire numero 388',0.07202823416789264);
INSERT INTO etapes (id_itineraire, id_checkpoint, position) VALUES (388,46,0);
INSERT INTO etapes (id_itineraire, id_checkpoint, position) VALUES (388,179,1);
INSERT INTO etapes (id_itineraire, id_checkpoint, position) VALUES (388,151,2);
INSERT INTO etapes (id_itineraire, id_checkpoint, position) VALUES (388,138,3);
INSERT INTO etapes (id_itineraire, id_checkpoint, position) VALUES (388,296,4);
INSERT INTO etapes (id_itineraire, id_checkpoint, position) VALUES (388,155,5);
INSERT INTO etapes (id_itineraire, id_checkpoint, position) VALUES (388,16,6);

INSERT INTO itineraire (id, nom, distance) VALUES (389, 'itineraire numero 389',0.06539379140822615);
INSERT INTO etapes (id_itineraire, id_checkpoint, position) VALUES (389,46,0);
INSERT INTO etapes (id_itineraire, id_checkpoint, position) VALUES (389,189,1);
INSERT INTO etapes (id_itineraire, id_checkpoint, position) VALUES (389,138,2);
INSERT INTO etapes (id_itineraire, id_checkpoint, position) VALUES (389,151,3);
INSERT INTO etapes (id_itineraire, id_checkpoint, position) VALUES (389,179,4);
INSERT INTO etapes (id_itineraire, id_checkpoint, position) VALUES (389,155,5);
INSERT INTO etapes (id_itineraire, id_checkpoint, position) VALUES (389,16,6);

INSERT INTO itineraire (id, nom, distance) VALUES (390, 'itineraire numero 390',0.06839362063466665);
INSERT INTO etapes (id_itineraire, id_checkpoint, position) VALUES (390,46,0);
INSERT INTO etapes (id_itineraire, id_checkpoint, position) VALUES (390,180,1);
INSERT INTO etapes (id_itineraire, id_checkpoint, position) VALUES (390,138,2);
INSERT INTO etapes (id_itineraire, id_checkpoint, position) VALUES (390,151,3);
INSERT INTO etapes (id_itineraire, id_checkpoint, position) VALUES (390,179,4);
INSERT INTO etapes (id_itineraire, id_checkpoint, position) VALUES (390,157,5);
INSERT INTO etapes (id_itineraire, id_checkpoint, position) VALUES (390,16,6);

INSERT INTO itineraire (id, nom, distance) VALUES (391, 'itineraire numero 391',0.06816592469157462);
INSERT INTO etapes (id_itineraire, id_checkpoint, position) VALUES (391,46,0);
INSERT INTO etapes (id_itineraire, id_checkpoint, position) VALUES (391,181,1);
INSERT INTO etapes (id_itineraire, id_checkpoint, position) VALUES (391,138,2);
INSERT INTO etapes (id_itineraire, id_checkpoint, position) VALUES (391,151,3);
INSERT INTO etapes (id_itineraire, id_checkpoint, position) VALUES (391,179,4);
INSERT INTO etapes (id_itineraire, id_checkpoint, position) VALUES (391,157,5);
INSERT INTO etapes (id_itineraire, id_checkpoint, position) VALUES (391,16,6);

INSERT INTO itineraire (id, nom, distance) VALUES (392, 'itineraire numero 392',0.06839236888765486);
INSERT INTO etapes (id_itineraire, id_checkpoint, position) VALUES (392,46,0);
INSERT INTO etapes (id_itineraire, id_checkpoint, position) VALUES (392,182,1);
INSERT INTO etapes (id_itineraire, id_checkpoint, position) VALUES (392,138,2);
INSERT INTO etapes (id_itineraire, id_checkpoint, position) VALUES (392,151,3);
INSERT INTO etapes (id_itineraire, id_checkpoint, position) VALUES (392,179,4);
INSERT INTO etapes (id_itineraire, id_checkpoint, position) VALUES (392,157,5);
INSERT INTO etapes (id_itineraire, id_checkpoint, position) VALUES (392,16,6);

INSERT INTO itineraire (id, nom, distance) VALUES (393, 'itineraire numero 393',0.06548278007548203);
INSERT INTO etapes (id_itineraire, id_checkpoint, position) VALUES (393,46,0);
INSERT INTO etapes (id_itineraire, id_checkpoint, position) VALUES (393,297,1);
INSERT INTO etapes (id_itineraire, id_checkpoint, position) VALUES (393,138,2);
INSERT INTO etapes (id_itineraire, id_checkpoint, position) VALUES (393,151,3);
INSERT INTO etapes (id_itineraire, id_checkpoint, position) VALUES (393,179,4);
INSERT INTO etapes (id_itineraire, id_checkpoint, position) VALUES (393,157,5);
INSERT INTO etapes (id_itineraire, id_checkpoint, position) VALUES (393,16,6);

INSERT INTO itineraire (id, nom, distance) VALUES (394, 'itineraire numero 394',0.0774481148622623);
INSERT INTO etapes (id_itineraire, id_checkpoint, position) VALUES (394,46,0);
INSERT INTO etapes (id_itineraire, id_checkpoint, position) VALUES (394,179,1);
INSERT INTO etapes (id_itineraire, id_checkpoint, position) VALUES (394,151,2);
INSERT INTO etapes (id_itineraire, id_checkpoint, position) VALUES (394,138,3);
INSERT INTO etapes (id_itineraire, id_checkpoint, position) VALUES (394,194,4);
INSERT INTO etapes (id_itineraire, id_checkpoint, position) VALUES (394,157,5);
INSERT INTO etapes (id_itineraire, id_checkpoint, position) VALUES (394,16,6);

INSERT INTO itineraire (id, nom, distance) VALUES (395, 'itineraire numero 395',0.07754836746156464);
INSERT INTO etapes (id_itineraire, id_checkpoint, position) VALUES (395,47,0);
INSERT INTO etapes (id_itineraire, id_checkpoint, position) VALUES (395,179,1);
INSERT INTO etapes (id_itineraire, id_checkpoint, position) VALUES (395,151,2);
INSERT INTO etapes (id_itineraire, id_checkpoint, position) VALUES (395,138,3);
INSERT INTO etapes (id_itineraire, id_checkpoint, position) VALUES (395,232,4);
INSERT INTO etapes (id_itineraire, id_checkpoint, position) VALUES (395,157,5);
INSERT INTO etapes (id_itineraire, id_checkpoint, position) VALUES (395,16,6);

INSERT INTO itineraire (id, nom, distance) VALUES (396, 'itineraire numero 396',0.06539316896482436);
INSERT INTO etapes (id_itineraire, id_checkpoint, position) VALUES (396,47,0);
INSERT INTO etapes (id_itineraire, id_checkpoint, position) VALUES (396,71,1);
INSERT INTO etapes (id_itineraire, id_checkpoint, position) VALUES (396,138,2);
INSERT INTO etapes (id_itineraire, id_checkpoint, position) VALUES (396,151,3);
INSERT INTO etapes (id_itineraire, id_checkpoint, position) VALUES (396,179,4);
INSERT INTO etapes (id_itineraire, id_checkpoint, position) VALUES (396,157,5);
INSERT INTO etapes (id_itineraire, id_checkpoint, position) VALUES (396,17,6);

INSERT INTO itineraire (id, nom, distance) VALUES (397, 'itineraire numero 397',0.06709712708847694);
INSERT INTO etapes (id_itineraire, id_checkpoint, position) VALUES (397,47,0);
INSERT INTO etapes (id_itineraire, id_checkpoint, position) VALUES (397,72,1);
INSERT INTO etapes (id_itineraire, id_checkpoint, position) VALUES (397,151,2);
INSERT INTO etapes (id_itineraire, id_checkpoint, position) VALUES (397,138,3);
INSERT INTO etapes (id_itineraire, id_checkpoint, position) VALUES (397,179,4);
INSERT INTO etapes (id_itineraire, id_checkpoint, position) VALUES (397,157,5);
INSERT INTO etapes (id_itineraire, id_checkpoint, position) VALUES (397,17,6);

INSERT INTO itineraire (id, nom, distance) VALUES (398, 'itineraire numero 398',0.06529738420402065);
INSERT INTO etapes (id_itineraire, id_checkpoint, position) VALUES (398,47,0);
INSERT INTO etapes (id_itineraire, id_checkpoint, position) VALUES (398,262,1);
INSERT INTO etapes (id_itineraire, id_checkpoint, position) VALUES (398,138,2);
INSERT INTO etapes (id_itineraire, id_checkpoint, position) VALUES (398,151,3);
INSERT INTO etapes (id_itineraire, id_checkpoint, position) VALUES (398,179,4);
INSERT INTO etapes (id_itineraire, id_checkpoint, position) VALUES (398,157,5);
INSERT INTO etapes (id_itineraire, id_checkpoint, position) VALUES (398,17,6);

INSERT INTO itineraire (id, nom, distance) VALUES (399, 'itineraire numero 399',0.06654893489095207);
INSERT INTO etapes (id_itineraire, id_checkpoint, position) VALUES (399,47,0);
INSERT INTO etapes (id_itineraire, id_checkpoint, position) VALUES (399,179,1);
INSERT INTO etapes (id_itineraire, id_checkpoint, position) VALUES (399,151,2);
INSERT INTO etapes (id_itineraire, id_checkpoint, position) VALUES (399,138,3);
INSERT INTO etapes (id_itineraire, id_checkpoint, position) VALUES (399,263,4);
INSERT INTO etapes (id_itineraire, id_checkpoint, position) VALUES (399,157,5);
INSERT INTO etapes (id_itineraire, id_checkpoint, position) VALUES (399,17,6);

INSERT INTO itineraire (id, nom, distance) VALUES (400, 'itineraire numero 400',0.0721286325960297);
INSERT INTO etapes (id_itineraire, id_checkpoint, position) VALUES (400,47,0);
INSERT INTO etapes (id_itineraire, id_checkpoint, position) VALUES (400,179,1);
INSERT INTO etapes (id_itineraire, id_checkpoint, position) VALUES (400,151,2);
INSERT INTO etapes (id_itineraire, id_checkpoint, position) VALUES (400,138,3);
INSERT INTO etapes (id_itineraire, id_checkpoint, position) VALUES (400,260,4);
INSERT INTO etapes (id_itineraire, id_checkpoint, position) VALUES (400,157,5);
INSERT INTO etapes (id_itineraire, id_checkpoint, position) VALUES (400,17,6);

INSERT INTO itineraire (id, nom, distance) VALUES (401, 'itineraire numero 401',0.07336105081540444);
INSERT INTO etapes (id_itineraire, id_checkpoint, position) VALUES (401,157,0);
INSERT INTO etapes (id_itineraire, id_checkpoint, position) VALUES (401,16,1);
INSERT INTO etapes (id_itineraire, id_checkpoint, position) VALUES (401,268,2);
INSERT INTO etapes (id_itineraire, id_checkpoint, position) VALUES (401,46,3);
INSERT INTO etapes (id_itineraire, id_checkpoint, position) VALUES (401,179,4);
INSERT INTO etapes (id_itineraire, id_checkpoint, position) VALUES (401,138,5);
INSERT INTO etapes (id_itineraire, id_checkpoint, position) VALUES (401,151,6);

INSERT INTO itineraire (id, nom, distance) VALUES (402, 'itineraire numero 402',0.06944681003511327);
INSERT INTO etapes (id_itineraire, id_checkpoint, position) VALUES (402,47,0);
INSERT INTO etapes (id_itineraire, id_checkpoint, position) VALUES (402,179,1);
INSERT INTO etapes (id_itineraire, id_checkpoint, position) VALUES (402,151,2);
INSERT INTO etapes (id_itineraire, id_checkpoint, position) VALUES (402,138,3);
INSERT INTO etapes (id_itineraire, id_checkpoint, position) VALUES (402,267,4);
INSERT INTO etapes (id_itineraire, id_checkpoint, position) VALUES (402,157,5);
INSERT INTO etapes (id_itineraire, id_checkpoint, position) VALUES (402,17,6);

INSERT INTO itineraire (id, nom, distance) VALUES (403, 'itineraire numero 403',0.06980868232578509);
INSERT INTO etapes (id_itineraire, id_checkpoint, position) VALUES (403,157,0);
INSERT INTO etapes (id_itineraire, id_checkpoint, position) VALUES (403,16,1);
INSERT INTO etapes (id_itineraire, id_checkpoint, position) VALUES (403,252,2);
INSERT INTO etapes (id_itineraire, id_checkpoint, position) VALUES (403,46,3);
INSERT INTO etapes (id_itineraire, id_checkpoint, position) VALUES (403,179,4);
INSERT INTO etapes (id_itineraire, id_checkpoint, position) VALUES (403,138,5);
INSERT INTO etapes (id_itineraire, id_checkpoint, position) VALUES (403,151,6);

INSERT INTO itineraire (id, nom, distance) VALUES (404, 'itineraire numero 404',0.07453624941402187);
INSERT INTO etapes (id_itineraire, id_checkpoint, position) VALUES (404,157,0);
INSERT INTO etapes (id_itineraire, id_checkpoint, position) VALUES (404,16,1);
INSERT INTO etapes (id_itineraire, id_checkpoint, position) VALUES (404,256,2);
INSERT INTO etapes (id_itineraire, id_checkpoint, position) VALUES (404,46,3);
INSERT INTO etapes (id_itineraire, id_checkpoint, position) VALUES (404,179,4);
INSERT INTO etapes (id_itineraire, id_checkpoint, position) VALUES (404,138,5);
INSERT INTO etapes (id_itineraire, id_checkpoint, position) VALUES (404,151,6);

INSERT INTO itineraire (id, nom, distance) VALUES (405, 'itineraire numero 405',0.07322705144378194);
INSERT INTO etapes (id_itineraire, id_checkpoint, position) VALUES (405,157,0);
INSERT INTO etapes (id_itineraire, id_checkpoint, position) VALUES (405,16,1);
INSERT INTO etapes (id_itineraire, id_checkpoint, position) VALUES (405,255,2);
INSERT INTO etapes (id_itineraire, id_checkpoint, position) VALUES (405,138,3);
INSERT INTO etapes (id_itineraire, id_checkpoint, position) VALUES (405,151,4);
INSERT INTO etapes (id_itineraire, id_checkpoint, position) VALUES (405,179,5);
INSERT INTO etapes (id_itineraire, id_checkpoint, position) VALUES (405,46,6);

INSERT INTO itineraire (id, nom, distance) VALUES (406, 'itineraire numero 406',0.05352119562858553);
INSERT INTO etapes (id_itineraire, id_checkpoint, position) VALUES (406,277,0);
INSERT INTO etapes (id_itineraire, id_checkpoint, position) VALUES (406,138,1);
INSERT INTO etapes (id_itineraire, id_checkpoint, position) VALUES (406,151,2);
INSERT INTO etapes (id_itineraire, id_checkpoint, position) VALUES (406,179,3);
INSERT INTO etapes (id_itineraire, id_checkpoint, position) VALUES (406,155,4);
INSERT INTO etapes (id_itineraire, id_checkpoint, position) VALUES (406,14,5);
INSERT INTO etapes (id_itineraire, id_checkpoint, position) VALUES (406,17,6);

INSERT INTO itineraire (id, nom, distance) VALUES (407, 'itineraire numero 407',0.06725088737787015);
INSERT INTO etapes (id_itineraire, id_checkpoint, position) VALUES (407,157,0);
INSERT INTO etapes (id_itineraire, id_checkpoint, position) VALUES (407,16,1);
INSERT INTO etapes (id_itineraire, id_checkpoint, position) VALUES (407,230,2);
INSERT INTO etapes (id_itineraire, id_checkpoint, position) VALUES (407,277,3);
INSERT INTO etapes (id_itineraire, id_checkpoint, position) VALUES (407,151,4);
INSERT INTO etapes (id_itineraire, id_checkpoint, position) VALUES (407,138,5);
INSERT INTO etapes (id_itineraire, id_checkpoint, position) VALUES (407,179,6);

INSERT INTO itineraire (id, nom, distance) VALUES (408, 'itineraire numero 408',0.06573036766536482);
INSERT INTO etapes (id_itineraire, id_checkpoint, position) VALUES (408,277,0);
INSERT INTO etapes (id_itineraire, id_checkpoint, position) VALUES (408,138,1);
INSERT INTO etapes (id_itineraire, id_checkpoint, position) VALUES (408,151,2);
INSERT INTO etapes (id_itineraire, id_checkpoint, position) VALUES (408,179,3);
INSERT INTO etapes (id_itineraire, id_checkpoint, position) VALUES (408,155,4);
INSERT INTO etapes (id_itineraire, id_checkpoint, position) VALUES (408,15,5);
INSERT INTO etapes (id_itineraire, id_checkpoint, position) VALUES (408,31,6);

INSERT INTO itineraire (id, nom, distance) VALUES (409, 'itineraire numero 409',0.06334349176014847);
INSERT INTO etapes (id_itineraire, id_checkpoint, position) VALUES (409,16,0);
INSERT INTO etapes (id_itineraire, id_checkpoint, position) VALUES (409,137,1);
INSERT INTO etapes (id_itineraire, id_checkpoint, position) VALUES (409,151,2);
INSERT INTO etapes (id_itineraire, id_checkpoint, position) VALUES (409,277,3);
INSERT INTO etapes (id_itineraire, id_checkpoint, position) VALUES (409,155,4);
INSERT INTO etapes (id_itineraire, id_checkpoint, position) VALUES (409,179,5);
INSERT INTO etapes (id_itineraire, id_checkpoint, position) VALUES (409,138,6);

INSERT INTO itineraire (id, nom, distance) VALUES (410, 'itineraire numero 410',0.06785809421034232);
INSERT INTO etapes (id_itineraire, id_checkpoint, position) VALUES (410,44,0);
INSERT INTO etapes (id_itineraire, id_checkpoint, position) VALUES (410,16,1);
INSERT INTO etapes (id_itineraire, id_checkpoint, position) VALUES (410,157,2);
INSERT INTO etapes (id_itineraire, id_checkpoint, position) VALUES (410,277,3);
INSERT INTO etapes (id_itineraire, id_checkpoint, position) VALUES (410,151,4);
INSERT INTO etapes (id_itineraire, id_checkpoint, position) VALUES (410,179,5);
INSERT INTO etapes (id_itineraire, id_checkpoint, position) VALUES (410,138,6);

INSERT INTO itineraire (id, nom, distance) VALUES (411, 'itineraire numero 411',0.05795358542000464);
INSERT INTO etapes (id_itineraire, id_checkpoint, position) VALUES (411,16,0);
INSERT INTO etapes (id_itineraire, id_checkpoint, position) VALUES (411,254,1);
INSERT INTO etapes (id_itineraire, id_checkpoint, position) VALUES (411,157,2);
INSERT INTO etapes (id_itineraire, id_checkpoint, position) VALUES (411,277,3);
INSERT INTO etapes (id_itineraire, id_checkpoint, position) VALUES (411,151,4);
INSERT INTO etapes (id_itineraire, id_checkpoint, position) VALUES (411,179,5);
INSERT INTO etapes (id_itineraire, id_checkpoint, position) VALUES (411,138,6);

INSERT INTO itineraire (id, nom, distance) VALUES (412, 'itineraire numero 412',0.06028355262303697);
INSERT INTO etapes (id_itineraire, id_checkpoint, position) VALUES (412,16,0);
INSERT INTO etapes (id_itineraire, id_checkpoint, position) VALUES (412,253,1);
INSERT INTO etapes (id_itineraire, id_checkpoint, position) VALUES (412,157,2);
INSERT INTO etapes (id_itineraire, id_checkpoint, position) VALUES (412,277,3);
INSERT INTO etapes (id_itineraire, id_checkpoint, position) VALUES (412,151,4);
INSERT INTO etapes (id_itineraire, id_checkpoint, position) VALUES (412,179,5);
INSERT INTO etapes (id_itineraire, id_checkpoint, position) VALUES (412,138,6);

INSERT INTO itineraire (id, nom, distance) VALUES (413, 'itineraire numero 413',0.05710187141412283);
INSERT INTO etapes (id_itineraire, id_checkpoint, position) VALUES (413,16,0);
INSERT INTO etapes (id_itineraire, id_checkpoint, position) VALUES (413,229,1);
INSERT INTO etapes (id_itineraire, id_checkpoint, position) VALUES (413,157,2);
INSERT INTO etapes (id_itineraire, id_checkpoint, position) VALUES (413,214,3);
INSERT INTO etapes (id_itineraire, id_checkpoint, position) VALUES (413,151,4);
INSERT INTO etapes (id_itineraire, id_checkpoint, position) VALUES (413,179,5);
INSERT INTO etapes (id_itineraire, id_checkpoint, position) VALUES (413,138,6);

INSERT INTO itineraire (id, nom, distance) VALUES (414, 'itineraire numero 414',0.06321122040403425);
INSERT INTO etapes (id_itineraire, id_checkpoint, position) VALUES (414,32,0);
INSERT INTO etapes (id_itineraire, id_checkpoint, position) VALUES (414,16,1);
INSERT INTO etapes (id_itineraire, id_checkpoint, position) VALUES (414,157,2);
INSERT INTO etapes (id_itineraire, id_checkpoint, position) VALUES (414,214,3);
INSERT INTO etapes (id_itineraire, id_checkpoint, position) VALUES (414,151,4);
INSERT INTO etapes (id_itineraire, id_checkpoint, position) VALUES (414,179,5);
INSERT INTO etapes (id_itineraire, id_checkpoint, position) VALUES (414,138,6);

INSERT INTO itineraire (id, nom, distance) VALUES (415, 'itineraire numero 415',0.05701898134103853);
INSERT INTO etapes (id_itineraire, id_checkpoint, position) VALUES (415,16,0);
INSERT INTO etapes (id_itineraire, id_checkpoint, position) VALUES (415,137,1);
INSERT INTO etapes (id_itineraire, id_checkpoint, position) VALUES (415,157,2);
INSERT INTO etapes (id_itineraire, id_checkpoint, position) VALUES (415,214,3);
INSERT INTO etapes (id_itineraire, id_checkpoint, position) VALUES (415,151,4);
INSERT INTO etapes (id_itineraire, id_checkpoint, position) VALUES (415,179,5);
INSERT INTO etapes (id_itineraire, id_checkpoint, position) VALUES (415,138,6);

INSERT INTO itineraire (id, nom, distance) VALUES (416, 'itineraire numero 416',0.08341204530941643);
INSERT INTO etapes (id_itineraire, id_checkpoint, position) VALUES (416,44,0);
INSERT INTO etapes (id_itineraire, id_checkpoint, position) VALUES (416,16,1);
INSERT INTO etapes (id_itineraire, id_checkpoint, position) VALUES (416,157,2);
INSERT INTO etapes (id_itineraire, id_checkpoint, position) VALUES (416,214,3);
INSERT INTO etapes (id_itineraire, id_checkpoint, position) VALUES (416,179,4);
INSERT INTO etapes (id_itineraire, id_checkpoint, position) VALUES (416,151,5);
INSERT INTO etapes (id_itineraire, id_checkpoint, position) VALUES (416,138,6);

INSERT INTO itineraire (id, nom, distance) VALUES (417, 'itineraire numero 417',0.07350753651907875);
INSERT INTO etapes (id_itineraire, id_checkpoint, position) VALUES (417,16,0);
INSERT INTO etapes (id_itineraire, id_checkpoint, position) VALUES (417,254,1);
INSERT INTO etapes (id_itineraire, id_checkpoint, position) VALUES (417,157,2);
INSERT INTO etapes (id_itineraire, id_checkpoint, position) VALUES (417,214,3);
INSERT INTO etapes (id_itineraire, id_checkpoint, position) VALUES (417,179,4);
INSERT INTO etapes (id_itineraire, id_checkpoint, position) VALUES (417,151,5);
INSERT INTO etapes (id_itineraire, id_checkpoint, position) VALUES (417,138,6);

INSERT INTO itineraire (id, nom, distance) VALUES (418, 'itineraire numero 418',0.0758375037221111);
INSERT INTO etapes (id_itineraire, id_checkpoint, position) VALUES (418,16,0);
INSERT INTO etapes (id_itineraire, id_checkpoint, position) VALUES (418,253,1);
INSERT INTO etapes (id_itineraire, id_checkpoint, position) VALUES (418,157,2);
INSERT INTO etapes (id_itineraire, id_checkpoint, position) VALUES (418,214,3);
INSERT INTO etapes (id_itineraire, id_checkpoint, position) VALUES (418,179,4);
INSERT INTO etapes (id_itineraire, id_checkpoint, position) VALUES (418,151,5);
INSERT INTO etapes (id_itineraire, id_checkpoint, position) VALUES (418,138,6);

INSERT INTO itineraire (id, nom, distance) VALUES (419, 'itineraire numero 419',0.08090523169862845);
INSERT INTO etapes (id_itineraire, id_checkpoint, position) VALUES (419,16,0);
INSERT INTO etapes (id_itineraire, id_checkpoint, position) VALUES (419,294,1);
INSERT INTO etapes (id_itineraire, id_checkpoint, position) VALUES (419,132,2);
INSERT INTO etapes (id_itineraire, id_checkpoint, position) VALUES (419,155,3);
INSERT INTO etapes (id_itineraire, id_checkpoint, position) VALUES (419,179,4);
INSERT INTO etapes (id_itineraire, id_checkpoint, position) VALUES (419,151,5);
INSERT INTO etapes (id_itineraire, id_checkpoint, position) VALUES (419,138,6);

INSERT INTO itineraire (id, nom, distance) VALUES (420, 'itineraire numero 420',0.08101657527695143);
INSERT INTO etapes (id_itineraire, id_checkpoint, position) VALUES (420,17,0);
INSERT INTO etapes (id_itineraire, id_checkpoint, position) VALUES (420,252,1);
INSERT INTO etapes (id_itineraire, id_checkpoint, position) VALUES (420,132,2);
INSERT INTO etapes (id_itineraire, id_checkpoint, position) VALUES (420,155,3);
INSERT INTO etapes (id_itineraire, id_checkpoint, position) VALUES (420,179,4);
INSERT INTO etapes (id_itineraire, id_checkpoint, position) VALUES (420,151,5);
INSERT INTO etapes (id_itineraire, id_checkpoint, position) VALUES (420,138,6);

INSERT INTO itineraire (id, nom, distance) VALUES (421, 'itineraire numero 421',0.053893391950347466);
INSERT INTO etapes (id_itineraire, id_checkpoint, position) VALUES (421,17,0);
INSERT INTO etapes (id_itineraire, id_checkpoint, position) VALUES (421,294,1);
INSERT INTO etapes (id_itineraire, id_checkpoint, position) VALUES (421,157,2);
INSERT INTO etapes (id_itineraire, id_checkpoint, position) VALUES (421,137,3);
INSERT INTO etapes (id_itineraire, id_checkpoint, position) VALUES (421,179,4);
INSERT INTO etapes (id_itineraire, id_checkpoint, position) VALUES (421,151,5);
INSERT INTO etapes (id_itineraire, id_checkpoint, position) VALUES (421,138,6);

INSERT INTO itineraire (id, nom, distance) VALUES (422, 'itineraire numero 422',0.06389152848401944);
INSERT INTO etapes (id_itineraire, id_checkpoint, position) VALUES (422,17,0);
INSERT INTO etapes (id_itineraire, id_checkpoint, position) VALUES (422,229,1);
INSERT INTO etapes (id_itineraire, id_checkpoint, position) VALUES (422,157,2);
INSERT INTO etapes (id_itineraire, id_checkpoint, position) VALUES (422,296,3);
INSERT INTO etapes (id_itineraire, id_checkpoint, position) VALUES (422,179,4);
INSERT INTO etapes (id_itineraire, id_checkpoint, position) VALUES (422,151,5);
INSERT INTO etapes (id_itineraire, id_checkpoint, position) VALUES (422,138,6);

INSERT INTO itineraire (id, nom, distance) VALUES (423, 'itineraire numero 423',0.07000087747393086);
INSERT INTO etapes (id_itineraire, id_checkpoint, position) VALUES (423,32,0);
INSERT INTO etapes (id_itineraire, id_checkpoint, position) VALUES (423,16,1);
INSERT INTO etapes (id_itineraire, id_checkpoint, position) VALUES (423,157,2);
INSERT INTO etapes (id_itineraire, id_checkpoint, position) VALUES (423,296,3);
INSERT INTO etapes (id_itineraire, id_checkpoint, position) VALUES (423,179,4);
INSERT INTO etapes (id_itineraire, id_checkpoint, position) VALUES (423,151,5);
INSERT INTO etapes (id_itineraire, id_checkpoint, position) VALUES (423,138,6);

INSERT INTO itineraire (id, nom, distance) VALUES (424, 'itineraire numero 424',0.0688850212240762);
INSERT INTO etapes (id_itineraire, id_checkpoint, position) VALUES (424,17,0);
INSERT INTO etapes (id_itineraire, id_checkpoint, position) VALUES (424,137,1);
INSERT INTO etapes (id_itineraire, id_checkpoint, position) VALUES (424,296,2);
INSERT INTO etapes (id_itineraire, id_checkpoint, position) VALUES (424,155,3);
INSERT INTO etapes (id_itineraire, id_checkpoint, position) VALUES (424,179,4);
INSERT INTO etapes (id_itineraire, id_checkpoint, position) VALUES (424,151,5);
INSERT INTO etapes (id_itineraire, id_checkpoint, position) VALUES (424,138,6);

INSERT INTO itineraire (id, nom, distance) VALUES (425, 'itineraire numero 425',0.06882434588273047);
INSERT INTO etapes (id_itineraire, id_checkpoint, position) VALUES (425,17,0);
INSERT INTO etapes (id_itineraire, id_checkpoint, position) VALUES (425,254,1);
INSERT INTO etapes (id_itineraire, id_checkpoint, position) VALUES (425,296,2);
INSERT INTO etapes (id_itineraire, id_checkpoint, position) VALUES (425,155,3);
INSERT INTO etapes (id_itineraire, id_checkpoint, position) VALUES (425,179,4);
INSERT INTO etapes (id_itineraire, id_checkpoint, position) VALUES (425,151,5);
INSERT INTO etapes (id_itineraire, id_checkpoint, position) VALUES (425,138,6);

INSERT INTO itineraire (id, nom, distance) VALUES (426, 'itineraire numero 426',0.07229527674896113);
INSERT INTO etapes (id_itineraire, id_checkpoint, position) VALUES (426,17,0);
INSERT INTO etapes (id_itineraire, id_checkpoint, position) VALUES (426,253,1);
INSERT INTO etapes (id_itineraire, id_checkpoint, position) VALUES (426,296,2);
INSERT INTO etapes (id_itineraire, id_checkpoint, position) VALUES (426,155,3);
INSERT INTO etapes (id_itineraire, id_checkpoint, position) VALUES (426,179,4);
INSERT INTO etapes (id_itineraire, id_checkpoint, position) VALUES (426,151,5);
INSERT INTO etapes (id_itineraire, id_checkpoint, position) VALUES (426,138,6);

INSERT INTO itineraire (id, nom, distance) VALUES (427, 'itineraire numero 427',0.06021148338213564);
INSERT INTO etapes (id_itineraire, id_checkpoint, position) VALUES (427,17,0);
INSERT INTO etapes (id_itineraire, id_checkpoint, position) VALUES (427,230,1);
INSERT INTO etapes (id_itineraire, id_checkpoint, position) VALUES (427,189,2);
INSERT INTO etapes (id_itineraire, id_checkpoint, position) VALUES (427,155,3);
INSERT INTO etapes (id_itineraire, id_checkpoint, position) VALUES (427,179,4);
INSERT INTO etapes (id_itineraire, id_checkpoint, position) VALUES (427,151,5);
INSERT INTO etapes (id_itineraire, id_checkpoint, position) VALUES (427,138,6);

INSERT INTO itineraire (id, nom, distance) VALUES (428, 'itineraire numero 428',0.05970496214402023);
INSERT INTO etapes (id_itineraire, id_checkpoint, position) VALUES (428,17,0);
INSERT INTO etapes (id_itineraire, id_checkpoint, position) VALUES (428,137,1);
INSERT INTO etapes (id_itineraire, id_checkpoint, position) VALUES (428,189,2);
INSERT INTO etapes (id_itineraire, id_checkpoint, position) VALUES (428,155,3);
INSERT INTO etapes (id_itineraire, id_checkpoint, position) VALUES (428,179,4);
INSERT INTO etapes (id_itineraire, id_checkpoint, position) VALUES (428,151,5);
INSERT INTO etapes (id_itineraire, id_checkpoint, position) VALUES (428,138,6);

INSERT INTO itineraire (id, nom, distance) VALUES (429, 'itineraire numero 429',0.059271638886319006);
INSERT INTO etapes (id_itineraire, id_checkpoint, position) VALUES (429,17,0);
INSERT INTO etapes (id_itineraire, id_checkpoint, position) VALUES (429,254,1);
INSERT INTO etapes (id_itineraire, id_checkpoint, position) VALUES (429,189,2);
INSERT INTO etapes (id_itineraire, id_checkpoint, position) VALUES (429,155,3);
INSERT INTO etapes (id_itineraire, id_checkpoint, position) VALUES (429,179,4);
INSERT INTO etapes (id_itineraire, id_checkpoint, position) VALUES (429,151,5);
INSERT INTO etapes (id_itineraire, id_checkpoint, position) VALUES (429,138,6);

INSERT INTO itineraire (id, nom, distance) VALUES (430, 'itineraire numero 430',0.05924916203371798);
INSERT INTO etapes (id_itineraire, id_checkpoint, position) VALUES (430,17,0);
INSERT INTO etapes (id_itineraire, id_checkpoint, position) VALUES (430,253,1);
INSERT INTO etapes (id_itineraire, id_checkpoint, position) VALUES (430,189,2);
INSERT INTO etapes (id_itineraire, id_checkpoint, position) VALUES (430,155,3);
INSERT INTO etapes (id_itineraire, id_checkpoint, position) VALUES (430,179,4);
INSERT INTO etapes (id_itineraire, id_checkpoint, position) VALUES (430,151,5);
INSERT INTO etapes (id_itineraire, id_checkpoint, position) VALUES (430,138,6);

INSERT INTO itineraire (id, nom, distance) VALUES (431, 'itineraire numero 431',0.06733662710502283);
INSERT INTO etapes (id_itineraire, id_checkpoint, position) VALUES (431,17,0);
INSERT INTO etapes (id_itineraire, id_checkpoint, position) VALUES (431,230,1);
INSERT INTO etapes (id_itineraire, id_checkpoint, position) VALUES (431,180,2);
INSERT INTO etapes (id_itineraire, id_checkpoint, position) VALUES (431,155,3);
INSERT INTO etapes (id_itineraire, id_checkpoint, position) VALUES (431,179,4);
INSERT INTO etapes (id_itineraire, id_checkpoint, position) VALUES (431,151,5);
INSERT INTO etapes (id_itineraire, id_checkpoint, position) VALUES (431,138,6);

INSERT INTO itineraire (id, nom, distance) VALUES (432, 'itineraire numero 432',0.05443445339475572);
INSERT INTO etapes (id_itineraire, id_checkpoint, position) VALUES (432,17,0);
INSERT INTO etapes (id_itineraire, id_checkpoint, position) VALUES (432,137,1);
INSERT INTO etapes (id_itineraire, id_checkpoint, position) VALUES (432,180,2);
INSERT INTO etapes (id_itineraire, id_checkpoint, position) VALUES (432,155,3);
INSERT INTO etapes (id_itineraire, id_checkpoint, position) VALUES (432,179,4);
INSERT INTO etapes (id_itineraire, id_checkpoint, position) VALUES (432,138,5);
INSERT INTO etapes (id_itineraire, id_checkpoint, position) VALUES (432,151,6);

INSERT INTO itineraire (id, nom, distance) VALUES (433, 'itineraire numero 433',0.057852230542524724);
INSERT INTO etapes (id_itineraire, id_checkpoint, position) VALUES (433,180,0);
INSERT INTO etapes (id_itineraire, id_checkpoint, position) VALUES (433,254,1);
INSERT INTO etapes (id_itineraire, id_checkpoint, position) VALUES (433,15,2);
INSERT INTO etapes (id_itineraire, id_checkpoint, position) VALUES (433,157,3);
INSERT INTO etapes (id_itineraire, id_checkpoint, position) VALUES (433,179,4);
INSERT INTO etapes (id_itineraire, id_checkpoint, position) VALUES (433,138,5);
INSERT INTO etapes (id_itineraire, id_checkpoint, position) VALUES (433,151,6);

INSERT INTO itineraire (id, nom, distance) VALUES (434, 'itineraire numero 434',0.05809521576543354);
INSERT INTO etapes (id_itineraire, id_checkpoint, position) VALUES (434,180,0);
INSERT INTO etapes (id_itineraire, id_checkpoint, position) VALUES (434,253,1);
INSERT INTO etapes (id_itineraire, id_checkpoint, position) VALUES (434,15,2);
INSERT INTO etapes (id_itineraire, id_checkpoint, position) VALUES (434,157,3);
INSERT INTO etapes (id_itineraire, id_checkpoint, position) VALUES (434,179,4);
INSERT INTO etapes (id_itineraire, id_checkpoint, position) VALUES (434,138,5);
INSERT INTO etapes (id_itineraire, id_checkpoint, position) VALUES (434,151,6);

INSERT INTO itineraire (id, nom, distance) VALUES (435, 'itineraire numero 435',0.05876564164642116);
INSERT INTO etapes (id_itineraire, id_checkpoint, position) VALUES (435,181,0);
INSERT INTO etapes (id_itineraire, id_checkpoint, position) VALUES (435,230,1);
INSERT INTO etapes (id_itineraire, id_checkpoint, position) VALUES (435,15,2);
INSERT INTO etapes (id_itineraire, id_checkpoint, position) VALUES (435,157,3);
INSERT INTO etapes (id_itineraire, id_checkpoint, position) VALUES (435,179,4);
INSERT INTO etapes (id_itineraire, id_checkpoint, position) VALUES (435,138,5);
INSERT INTO etapes (id_itineraire, id_checkpoint, position) VALUES (435,151,6);

INSERT INTO itineraire (id, nom, distance) VALUES (436, 'itineraire numero 436',0.05785209236695335);
INSERT INTO etapes (id_itineraire, id_checkpoint, position) VALUES (436,181,0);
INSERT INTO etapes (id_itineraire, id_checkpoint, position) VALUES (436,137,1);
INSERT INTO etapes (id_itineraire, id_checkpoint, position) VALUES (436,15,2);
INSERT INTO etapes (id_itineraire, id_checkpoint, position) VALUES (436,157,3);
INSERT INTO etapes (id_itineraire, id_checkpoint, position) VALUES (436,179,4);
INSERT INTO etapes (id_itineraire, id_checkpoint, position) VALUES (436,138,5);
INSERT INTO etapes (id_itineraire, id_checkpoint, position) VALUES (436,151,6);

INSERT INTO itineraire (id, nom, distance) VALUES (437, 'itineraire numero 437',0.0577162038480593);
INSERT INTO etapes (id_itineraire, id_checkpoint, position) VALUES (437,181,0);
INSERT INTO etapes (id_itineraire, id_checkpoint, position) VALUES (437,254,1);
INSERT INTO etapes (id_itineraire, id_checkpoint, position) VALUES (437,15,2);
INSERT INTO etapes (id_itineraire, id_checkpoint, position) VALUES (437,157,3);
INSERT INTO etapes (id_itineraire, id_checkpoint, position) VALUES (437,179,4);
INSERT INTO etapes (id_itineraire, id_checkpoint, position) VALUES (437,138,5);
INSERT INTO etapes (id_itineraire, id_checkpoint, position) VALUES (437,151,6);

INSERT INTO itineraire (id, nom, distance) VALUES (438, 'itineraire numero 438',0.061425286904580684);
INSERT INTO etapes (id_itineraire, id_checkpoint, position) VALUES (438,181,0);
INSERT INTO etapes (id_itineraire, id_checkpoint, position) VALUES (438,138,1);
INSERT INTO etapes (id_itineraire, id_checkpoint, position) VALUES (438,253,2);
INSERT INTO etapes (id_itineraire, id_checkpoint, position) VALUES (438,15,3);
INSERT INTO etapes (id_itineraire, id_checkpoint, position) VALUES (438,155,4);
INSERT INTO etapes (id_itineraire, id_checkpoint, position) VALUES (438,179,5);
INSERT INTO etapes (id_itineraire, id_checkpoint, position) VALUES (438,151,6);

INSERT INTO itineraire (id, nom, distance) VALUES (439, 'itineraire numero 439',0.0589264405398854);
INSERT INTO etapes (id_itineraire, id_checkpoint, position) VALUES (439,182,0);
INSERT INTO etapes (id_itineraire, id_checkpoint, position) VALUES (439,230,1);
INSERT INTO etapes (id_itineraire, id_checkpoint, position) VALUES (439,15,2);
INSERT INTO etapes (id_itineraire, id_checkpoint, position) VALUES (439,157,3);
INSERT INTO etapes (id_itineraire, id_checkpoint, position) VALUES (439,179,4);
INSERT INTO etapes (id_itineraire, id_checkpoint, position) VALUES (439,138,5);
INSERT INTO etapes (id_itineraire, id_checkpoint, position) VALUES (439,151,6);

INSERT INTO itineraire (id, nom, distance) VALUES (440, 'itineraire numero 440',0.05808309878058637);
INSERT INTO etapes (id_itineraire, id_checkpoint, position) VALUES (440,182,0);
INSERT INTO etapes (id_itineraire, id_checkpoint, position) VALUES (440,137,1);
INSERT INTO etapes (id_itineraire, id_checkpoint, position) VALUES (440,15,2);
INSERT INTO etapes (id_itineraire, id_checkpoint, position) VALUES (440,157,3);
INSERT INTO etapes (id_itineraire, id_checkpoint, position) VALUES (440,179,4);
INSERT INTO etapes (id_itineraire, id_checkpoint, position) VALUES (440,138,5);
INSERT INTO etapes (id_itineraire, id_checkpoint, position) VALUES (440,151,6);

INSERT INTO itineraire (id, nom, distance) VALUES (441, 'itineraire numero 441',0.05794788319771614);
INSERT INTO etapes (id_itineraire, id_checkpoint, position) VALUES (441,182,0);
INSERT INTO etapes (id_itineraire, id_checkpoint, position) VALUES (441,254,1);
INSERT INTO etapes (id_itineraire, id_checkpoint, position) VALUES (441,15,2);
INSERT INTO etapes (id_itineraire, id_checkpoint, position) VALUES (441,157,3);
INSERT INTO etapes (id_itineraire, id_checkpoint, position) VALUES (441,179,4);
INSERT INTO etapes (id_itineraire, id_checkpoint, position) VALUES (441,138,5);
INSERT INTO etapes (id_itineraire, id_checkpoint, position) VALUES (441,151,6);

INSERT INTO itineraire (id, nom, distance) VALUES (442, 'itineraire numero 442',0.06164094721839162);
INSERT INTO etapes (id_itineraire, id_checkpoint, position) VALUES (442,182,0);
INSERT INTO etapes (id_itineraire, id_checkpoint, position) VALUES (442,138,1);
INSERT INTO etapes (id_itineraire, id_checkpoint, position) VALUES (442,253,2);
INSERT INTO etapes (id_itineraire, id_checkpoint, position) VALUES (442,15,3);
INSERT INTO etapes (id_itineraire, id_checkpoint, position) VALUES (442,155,4);
INSERT INTO etapes (id_itineraire, id_checkpoint, position) VALUES (442,179,5);
INSERT INTO etapes (id_itineraire, id_checkpoint, position) VALUES (442,151,6);

INSERT INTO itineraire (id, nom, distance) VALUES (443, 'itineraire numero 443',0.05674986844091805);
INSERT INTO etapes (id_itineraire, id_checkpoint, position) VALUES (443,297,0);
INSERT INTO etapes (id_itineraire, id_checkpoint, position) VALUES (443,137,1);
INSERT INTO etapes (id_itineraire, id_checkpoint, position) VALUES (443,15,2);
INSERT INTO etapes (id_itineraire, id_checkpoint, position) VALUES (443,157,3);
INSERT INTO etapes (id_itineraire, id_checkpoint, position) VALUES (443,179,4);
INSERT INTO etapes (id_itineraire, id_checkpoint, position) VALUES (443,138,5);
INSERT INTO etapes (id_itineraire, id_checkpoint, position) VALUES (443,151,6);

INSERT INTO itineraire (id, nom, distance) VALUES (444, 'itineraire numero 444',0.06468592638229634);
INSERT INTO etapes (id_itineraire, id_checkpoint, position) VALUES (444,194,0);
INSERT INTO etapes (id_itineraire, id_checkpoint, position) VALUES (444,138,1);
INSERT INTO etapes (id_itineraire, id_checkpoint, position) VALUES (444,230,2);
INSERT INTO etapes (id_itineraire, id_checkpoint, position) VALUES (444,15,3);
INSERT INTO etapes (id_itineraire, id_checkpoint, position) VALUES (444,155,4);
INSERT INTO etapes (id_itineraire, id_checkpoint, position) VALUES (444,179,5);
INSERT INTO etapes (id_itineraire, id_checkpoint, position) VALUES (444,151,6);

INSERT INTO itineraire (id, nom, distance) VALUES (445, 'itineraire numero 445',0.03645083932475629);
INSERT INTO etapes (id_itineraire, id_checkpoint, position) VALUES (445,22,0);
INSERT INTO etapes (id_itineraire, id_checkpoint, position) VALUES (445,271,1);
INSERT INTO etapes (id_itineraire, id_checkpoint, position) VALUES (445,179,2);
INSERT INTO etapes (id_itineraire, id_checkpoint, position) VALUES (445,138,3);
INSERT INTO etapes (id_itineraire, id_checkpoint, position) VALUES (445,155,4);
INSERT INTO etapes (id_itineraire, id_checkpoint, position) VALUES (445,14,5);
INSERT INTO etapes (id_itineraire, id_checkpoint, position) VALUES (445,17,6);

INSERT INTO itineraire (id, nom, distance) VALUES (446, 'itineraire numero 446',0.05669054646975423);
INSERT INTO etapes (id_itineraire, id_checkpoint, position) VALUES (446,271,0);
INSERT INTO etapes (id_itineraire, id_checkpoint, position) VALUES (446,22,1);
INSERT INTO etapes (id_itineraire, id_checkpoint, position) VALUES (446,230,2);
INSERT INTO etapes (id_itineraire, id_checkpoint, position) VALUES (446,15,3);
INSERT INTO etapes (id_itineraire, id_checkpoint, position) VALUES (446,157,4);
INSERT INTO etapes (id_itineraire, id_checkpoint, position) VALUES (446,179,5);
INSERT INTO etapes (id_itineraire, id_checkpoint, position) VALUES (446,138,6);

INSERT INTO itineraire (id, nom, distance) VALUES (447, 'itineraire numero 447',0.047586609680049574);
INSERT INTO etapes (id_itineraire, id_checkpoint, position) VALUES (447,271,0);
INSERT INTO etapes (id_itineraire, id_checkpoint, position) VALUES (447,22,1);
INSERT INTO etapes (id_itineraire, id_checkpoint, position) VALUES (447,179,2);
INSERT INTO etapes (id_itineraire, id_checkpoint, position) VALUES (447,138,3);
INSERT INTO etapes (id_itineraire, id_checkpoint, position) VALUES (447,157,4);
INSERT INTO etapes (id_itineraire, id_checkpoint, position) VALUES (447,15,5);
INSERT INTO etapes (id_itineraire, id_checkpoint, position) VALUES (447,31,6);

INSERT INTO itineraire (id, nom, distance) VALUES (448, 'itineraire numero 448',0.05122854307595401);
INSERT INTO etapes (id_itineraire, id_checkpoint, position) VALUES (448,271,0);
INSERT INTO etapes (id_itineraire, id_checkpoint, position) VALUES (448,22,1);
INSERT INTO etapes (id_itineraire, id_checkpoint, position) VALUES (448,254,2);
INSERT INTO etapes (id_itineraire, id_checkpoint, position) VALUES (448,15,3);
INSERT INTO etapes (id_itineraire, id_checkpoint, position) VALUES (448,157,4);
INSERT INTO etapes (id_itineraire, id_checkpoint, position) VALUES (448,179,5);
INSERT INTO etapes (id_itineraire, id_checkpoint, position) VALUES (448,138,6);

INSERT INTO itineraire (id, nom, distance) VALUES (449, 'itineraire numero 449',0.05600382437277408);
INSERT INTO etapes (id_itineraire, id_checkpoint, position) VALUES (449,271,0);
INSERT INTO etapes (id_itineraire, id_checkpoint, position) VALUES (449,22,1);
INSERT INTO etapes (id_itineraire, id_checkpoint, position) VALUES (449,253,2);
INSERT INTO etapes (id_itineraire, id_checkpoint, position) VALUES (449,15,3);
INSERT INTO etapes (id_itineraire, id_checkpoint, position) VALUES (449,157,4);
INSERT INTO etapes (id_itineraire, id_checkpoint, position) VALUES (449,179,5);
INSERT INTO etapes (id_itineraire, id_checkpoint, position) VALUES (449,138,6);

INSERT INTO itineraire (id, nom, distance) VALUES (450, 'itineraire numero 450',0.06506854717788661);
INSERT INTO etapes (id_itineraire, id_checkpoint, position) VALUES (450,47,0);
INSERT INTO etapes (id_itineraire, id_checkpoint, position) VALUES (450,179,1);
INSERT INTO etapes (id_itineraire, id_checkpoint, position) VALUES (450,22,2);
INSERT INTO etapes (id_itineraire, id_checkpoint, position) VALUES (450,138,3);
INSERT INTO etapes (id_itineraire, id_checkpoint, position) VALUES (450,157,4);
INSERT INTO etapes (id_itineraire, id_checkpoint, position) VALUES (450,15,5);
INSERT INTO etapes (id_itineraire, id_checkpoint, position) VALUES (450,11,6);

INSERT INTO itineraire (id, nom, distance) VALUES (451, 'itineraire numero 451',0.06606594681250726);
INSERT INTO etapes (id_itineraire, id_checkpoint, position) VALUES (451,48,0);
INSERT INTO etapes (id_itineraire, id_checkpoint, position) VALUES (451,179,1);
INSERT INTO etapes (id_itineraire, id_checkpoint, position) VALUES (451,22,2);
INSERT INTO etapes (id_itineraire, id_checkpoint, position) VALUES (451,157,3);
INSERT INTO etapes (id_itineraire, id_checkpoint, position) VALUES (451,15,4);
INSERT INTO etapes (id_itineraire, id_checkpoint, position) VALUES (451,308,5);
INSERT INTO etapes (id_itineraire, id_checkpoint, position) VALUES (451,138,6);

INSERT INTO itineraire (id, nom, distance) VALUES (452, 'itineraire numero 452',0.06466140480402896);
INSERT INTO etapes (id_itineraire, id_checkpoint, position) VALUES (452,48,0);
INSERT INTO etapes (id_itineraire, id_checkpoint, position) VALUES (452,185,1);
INSERT INTO etapes (id_itineraire, id_checkpoint, position) VALUES (452,15,2);
INSERT INTO etapes (id_itineraire, id_checkpoint, position) VALUES (452,157,3);
INSERT INTO etapes (id_itineraire, id_checkpoint, position) VALUES (452,22,4);
INSERT INTO etapes (id_itineraire, id_checkpoint, position) VALUES (452,179,5);
INSERT INTO etapes (id_itineraire, id_checkpoint, position) VALUES (452,138,6);

INSERT INTO itineraire (id, nom, distance) VALUES (453, 'itineraire numero 453',0.0667159025018816);
INSERT INTO etapes (id_itineraire, id_checkpoint, position) VALUES (453,48,0);
INSERT INTO etapes (id_itineraire, id_checkpoint, position) VALUES (453,87,1);
INSERT INTO etapes (id_itineraire, id_checkpoint, position) VALUES (453,15,2);
INSERT INTO etapes (id_itineraire, id_checkpoint, position) VALUES (453,157,3);
INSERT INTO etapes (id_itineraire, id_checkpoint, position) VALUES (453,22,4);
INSERT INTO etapes (id_itineraire, id_checkpoint, position) VALUES (453,179,5);
INSERT INTO etapes (id_itineraire, id_checkpoint, position) VALUES (453,138,6);

INSERT INTO itineraire (id, nom, distance) VALUES (454, 'itineraire numero 454',0.06352978388287973);
INSERT INTO etapes (id_itineraire, id_checkpoint, position) VALUES (454,48,0);
INSERT INTO etapes (id_itineraire, id_checkpoint, position) VALUES (454,179,1);
INSERT INTO etapes (id_itineraire, id_checkpoint, position) VALUES (454,22,2);
INSERT INTO etapes (id_itineraire, id_checkpoint, position) VALUES (454,138,3);
INSERT INTO etapes (id_itineraire, id_checkpoint, position) VALUES (454,157,4);
INSERT INTO etapes (id_itineraire, id_checkpoint, position) VALUES (454,15,5);
INSERT INTO etapes (id_itineraire, id_checkpoint, position) VALUES (454,96,6);

INSERT INTO itineraire (id, nom, distance) VALUES (455, 'itineraire numero 455',0.06575181381947748);
INSERT INTO etapes (id_itineraire, id_checkpoint, position) VALUES (455,48,0);
INSERT INTO etapes (id_itineraire, id_checkpoint, position) VALUES (455,179,1);
INSERT INTO etapes (id_itineraire, id_checkpoint, position) VALUES (455,107,2);
INSERT INTO etapes (id_itineraire, id_checkpoint, position) VALUES (455,15,3);
INSERT INTO etapes (id_itineraire, id_checkpoint, position) VALUES (455,157,4);
INSERT INTO etapes (id_itineraire, id_checkpoint, position) VALUES (455,22,5);
INSERT INTO etapes (id_itineraire, id_checkpoint, position) VALUES (455,138,6);

INSERT INTO itineraire (id, nom, distance) VALUES (456, 'itineraire numero 456',0.053972770306469464);
INSERT INTO etapes (id_itineraire, id_checkpoint, position) VALUES (456,273,0);
INSERT INTO etapes (id_itineraire, id_checkpoint, position) VALUES (456,22,1);
INSERT INTO etapes (id_itineraire, id_checkpoint, position) VALUES (456,179,2);
INSERT INTO etapes (id_itineraire, id_checkpoint, position) VALUES (456,138,3);
INSERT INTO etapes (id_itineraire, id_checkpoint, position) VALUES (456,157,4);
INSERT INTO etapes (id_itineraire, id_checkpoint, position) VALUES (456,15,5);
INSERT INTO etapes (id_itineraire, id_checkpoint, position) VALUES (456,11,6);

INSERT INTO itineraire (id, nom, distance) VALUES (457, 'itineraire numero 457',0.0476073845706897);
INSERT INTO etapes (id_itineraire, id_checkpoint, position) VALUES (457,192,0);
INSERT INTO etapes (id_itineraire, id_checkpoint, position) VALUES (457,179,1);
INSERT INTO etapes (id_itineraire, id_checkpoint, position) VALUES (457,138,2);
INSERT INTO etapes (id_itineraire, id_checkpoint, position) VALUES (457,22,3);
INSERT INTO etapes (id_itineraire, id_checkpoint, position) VALUES (457,157,4);
INSERT INTO etapes (id_itineraire, id_checkpoint, position) VALUES (457,14,5);
INSERT INTO etapes (id_itineraire, id_checkpoint, position) VALUES (457,17,6);

INSERT INTO itineraire (id, nom, distance) VALUES (458, 'itineraire numero 458',0.039021741594953654);
INSERT INTO etapes (id_itineraire, id_checkpoint, position) VALUES (458,219,0);
INSERT INTO etapes (id_itineraire, id_checkpoint, position) VALUES (458,179,1);
INSERT INTO etapes (id_itineraire, id_checkpoint, position) VALUES (458,138,2);
INSERT INTO etapes (id_itineraire, id_checkpoint, position) VALUES (458,22,3);
INSERT INTO etapes (id_itineraire, id_checkpoint, position) VALUES (458,157,4);
INSERT INTO etapes (id_itineraire, id_checkpoint, position) VALUES (458,14,5);
INSERT INTO etapes (id_itineraire, id_checkpoint, position) VALUES (458,17,6);

INSERT INTO itineraire (id, nom, distance) VALUES (459, 'itineraire numero 459',0.04995364095221723);
INSERT INTO etapes (id_itineraire, id_checkpoint, position) VALUES (459,202,0);
INSERT INTO etapes (id_itineraire, id_checkpoint, position) VALUES (459,179,1);
INSERT INTO etapes (id_itineraire, id_checkpoint, position) VALUES (459,138,2);
INSERT INTO etapes (id_itineraire, id_checkpoint, position) VALUES (459,22,3);
INSERT INTO etapes (id_itineraire, id_checkpoint, position) VALUES (459,157,4);
INSERT INTO etapes (id_itineraire, id_checkpoint, position) VALUES (459,14,5);
INSERT INTO etapes (id_itineraire, id_checkpoint, position) VALUES (459,17,6);

INSERT INTO itineraire (id, nom, distance) VALUES (460, 'itineraire numero 460',0.045742848578377134);
INSERT INTO etapes (id_itineraire, id_checkpoint, position) VALUES (460,301,0);
INSERT INTO etapes (id_itineraire, id_checkpoint, position) VALUES (460,179,1);
INSERT INTO etapes (id_itineraire, id_checkpoint, position) VALUES (460,138,2);
INSERT INTO etapes (id_itineraire, id_checkpoint, position) VALUES (460,22,3);
INSERT INTO etapes (id_itineraire, id_checkpoint, position) VALUES (460,157,4);
INSERT INTO etapes (id_itineraire, id_checkpoint, position) VALUES (460,14,5);
INSERT INTO etapes (id_itineraire, id_checkpoint, position) VALUES (460,17,6);

INSERT INTO itineraire (id, nom, distance) VALUES (461, 'itineraire numero 461',0.0445189680804884);
INSERT INTO etapes (id_itineraire, id_checkpoint, position) VALUES (461,308,0);
INSERT INTO etapes (id_itineraire, id_checkpoint, position) VALUES (461,16,1);
INSERT INTO etapes (id_itineraire, id_checkpoint, position) VALUES (461,137,2);
INSERT INTO etapes (id_itineraire, id_checkpoint, position) VALUES (461,22,3);
INSERT INTO etapes (id_itineraire, id_checkpoint, position) VALUES (461,138,4);
INSERT INTO etapes (id_itineraire, id_checkpoint, position) VALUES (461,179,5);
INSERT INTO etapes (id_itineraire, id_checkpoint, position) VALUES (461,155,6);

INSERT INTO itineraire (id, nom, distance) VALUES (462, 'itineraire numero 462',0.05830974566186586);
INSERT INTO etapes (id_itineraire, id_checkpoint, position) VALUES (462,185,0);
INSERT INTO etapes (id_itineraire, id_checkpoint, position) VALUES (462,17,1);
INSERT INTO etapes (id_itineraire, id_checkpoint, position) VALUES (462,137,2);
INSERT INTO etapes (id_itineraire, id_checkpoint, position) VALUES (462,22,3);
INSERT INTO etapes (id_itineraire, id_checkpoint, position) VALUES (462,138,4);
INSERT INTO etapes (id_itineraire, id_checkpoint, position) VALUES (462,179,5);
INSERT INTO etapes (id_itineraire, id_checkpoint, position) VALUES (462,155,6);

INSERT INTO itineraire (id, nom, distance) VALUES (463, 'itineraire numero 463',0.05710973798452758);
INSERT INTO etapes (id_itineraire, id_checkpoint, position) VALUES (463,87,0);
INSERT INTO etapes (id_itineraire, id_checkpoint, position) VALUES (463,17,1);
INSERT INTO etapes (id_itineraire, id_checkpoint, position) VALUES (463,137,2);
INSERT INTO etapes (id_itineraire, id_checkpoint, position) VALUES (463,179,3);
INSERT INTO etapes (id_itineraire, id_checkpoint, position) VALUES (463,138,4);
INSERT INTO etapes (id_itineraire, id_checkpoint, position) VALUES (463,22,5);
INSERT INTO etapes (id_itineraire, id_checkpoint, position) VALUES (463,155,6);

INSERT INTO itineraire (id, nom, distance) VALUES (464, 'itineraire numero 464',0.056848979572753616);
INSERT INTO etapes (id_itineraire, id_checkpoint, position) VALUES (464,137,0);
INSERT INTO etapes (id_itineraire, id_checkpoint, position) VALUES (464,17,1);
INSERT INTO etapes (id_itineraire, id_checkpoint, position) VALUES (464,107,2);
INSERT INTO etapes (id_itineraire, id_checkpoint, position) VALUES (464,179,3);
INSERT INTO etapes (id_itineraire, id_checkpoint, position) VALUES (464,22,4);
INSERT INTO etapes (id_itineraire, id_checkpoint, position) VALUES (464,138,5);
INSERT INTO etapes (id_itineraire, id_checkpoint, position) VALUES (464,155,6);

INSERT INTO itineraire (id, nom, distance) VALUES (465, 'itineraire numero 465',0.05301163012851208);
INSERT INTO etapes (id_itineraire, id_checkpoint, position) VALUES (465,23,0);
INSERT INTO etapes (id_itineraire, id_checkpoint, position) VALUES (465,271,1);
INSERT INTO etapes (id_itineraire, id_checkpoint, position) VALUES (465,179,2);
INSERT INTO etapes (id_itineraire, id_checkpoint, position) VALUES (465,138,3);
INSERT INTO etapes (id_itineraire, id_checkpoint, position) VALUES (465,229,4);
INSERT INTO etapes (id_itineraire, id_checkpoint, position) VALUES (465,15,5);
INSERT INTO etapes (id_itineraire, id_checkpoint, position) VALUES (465,155,6);

INSERT INTO itineraire (id, nom, distance) VALUES (466, 'itineraire numero 466',0.04707562576713328);
INSERT INTO etapes (id_itineraire, id_checkpoint, position) VALUES (466,271,0);
INSERT INTO etapes (id_itineraire, id_checkpoint, position) VALUES (466,23,1);
INSERT INTO etapes (id_itineraire, id_checkpoint, position) VALUES (466,179,2);
INSERT INTO etapes (id_itineraire, id_checkpoint, position) VALUES (466,138,3);
INSERT INTO etapes (id_itineraire, id_checkpoint, position) VALUES (466,254,4);
INSERT INTO etapes (id_itineraire, id_checkpoint, position) VALUES (466,15,5);
INSERT INTO etapes (id_itineraire, id_checkpoint, position) VALUES (466,155,6);

INSERT INTO itineraire (id, nom, distance) VALUES (467, 'itineraire numero 467',0.051383913806493015);
INSERT INTO etapes (id_itineraire, id_checkpoint, position) VALUES (467,271,0);
INSERT INTO etapes (id_itineraire, id_checkpoint, position) VALUES (467,23,1);
INSERT INTO etapes (id_itineraire, id_checkpoint, position) VALUES (467,179,2);
INSERT INTO etapes (id_itineraire, id_checkpoint, position) VALUES (467,138,3);
INSERT INTO etapes (id_itineraire, id_checkpoint, position) VALUES (467,253,4);
INSERT INTO etapes (id_itineraire, id_checkpoint, position) VALUES (467,15,5);
INSERT INTO etapes (id_itineraire, id_checkpoint, position) VALUES (467,155,6);

INSERT INTO itineraire (id, nom, distance) VALUES (468, 'itineraire numero 468',0.06203834333380504);
INSERT INTO etapes (id_itineraire, id_checkpoint, position) VALUES (468,48,0);
INSERT INTO etapes (id_itineraire, id_checkpoint, position) VALUES (468,179,1);
INSERT INTO etapes (id_itineraire, id_checkpoint, position) VALUES (468,23,2);
INSERT INTO etapes (id_itineraire, id_checkpoint, position) VALUES (468,138,3);
INSERT INTO etapes (id_itineraire, id_checkpoint, position) VALUES (468,308,4);
INSERT INTO etapes (id_itineraire, id_checkpoint, position) VALUES (468,15,5);
INSERT INTO etapes (id_itineraire, id_checkpoint, position) VALUES (468,155,6);

INSERT INTO itineraire (id, nom, distance) VALUES (469, 'itineraire numero 469',0.06613047537420122);
INSERT INTO etapes (id_itineraire, id_checkpoint, position) VALUES (469,48,0);
INSERT INTO etapes (id_itineraire, id_checkpoint, position) VALUES (469,179,1);
INSERT INTO etapes (id_itineraire, id_checkpoint, position) VALUES (469,23,2);
INSERT INTO etapes (id_itineraire, id_checkpoint, position) VALUES (469,138,3);
INSERT INTO etapes (id_itineraire, id_checkpoint, position) VALUES (469,185,4);
INSERT INTO etapes (id_itineraire, id_checkpoint, position) VALUES (469,15,5);
INSERT INTO etapes (id_itineraire, id_checkpoint, position) VALUES (469,155,6);

INSERT INTO itineraire (id, nom, distance) VALUES (470, 'itineraire numero 470',0.0739066662508077);
INSERT INTO etapes (id_itineraire, id_checkpoint, position) VALUES (470,138,0);
INSERT INTO etapes (id_itineraire, id_checkpoint, position) VALUES (470,23,1);
INSERT INTO etapes (id_itineraire, id_checkpoint, position) VALUES (470,179,2);
INSERT INTO etapes (id_itineraire, id_checkpoint, position) VALUES (470,46,3);
INSERT INTO etapes (id_itineraire, id_checkpoint, position) VALUES (470,87,4);
INSERT INTO etapes (id_itineraire, id_checkpoint, position) VALUES (470,15,5);
INSERT INTO etapes (id_itineraire, id_checkpoint, position) VALUES (470,155,6);

INSERT INTO itineraire (id, nom, distance) VALUES (471, 'itineraire numero 471',0.07213136069694832);
INSERT INTO etapes (id_itineraire, id_checkpoint, position) VALUES (471,48,0);
INSERT INTO etapes (id_itineraire, id_checkpoint, position) VALUES (471,179,1);
INSERT INTO etapes (id_itineraire, id_checkpoint, position) VALUES (471,23,2);
INSERT INTO etapes (id_itineraire, id_checkpoint, position) VALUES (471,138,3);
INSERT INTO etapes (id_itineraire, id_checkpoint, position) VALUES (471,96,4);
INSERT INTO etapes (id_itineraire, id_checkpoint, position) VALUES (471,15,5);
INSERT INTO etapes (id_itineraire, id_checkpoint, position) VALUES (471,155,6);

INSERT INTO itineraire (id, nom, distance) VALUES (472, 'itineraire numero 472',0.06717175642126882);
INSERT INTO etapes (id_itineraire, id_checkpoint, position) VALUES (472,138,0);
INSERT INTO etapes (id_itineraire, id_checkpoint, position) VALUES (472,23,1);
INSERT INTO etapes (id_itineraire, id_checkpoint, position) VALUES (472,179,2);
INSERT INTO etapes (id_itineraire, id_checkpoint, position) VALUES (472,46,3);
INSERT INTO etapes (id_itineraire, id_checkpoint, position) VALUES (472,107,4);
INSERT INTO etapes (id_itineraire, id_checkpoint, position) VALUES (472,16,5);
INSERT INTO etapes (id_itineraire, id_checkpoint, position) VALUES (472,157,6);

INSERT INTO itineraire (id, nom, distance) VALUES (473, 'itineraire numero 473',0.04489839488483269);
INSERT INTO etapes (id_itineraire, id_checkpoint, position) VALUES (473,308,0);
INSERT INTO etapes (id_itineraire, id_checkpoint, position) VALUES (473,17,1);
INSERT INTO etapes (id_itineraire, id_checkpoint, position) VALUES (473,137,2);
INSERT INTO etapes (id_itineraire, id_checkpoint, position) VALUES (473,23,3);
INSERT INTO etapes (id_itineraire, id_checkpoint, position) VALUES (473,138,4);
INSERT INTO etapes (id_itineraire, id_checkpoint, position) VALUES (473,179,5);
INSERT INTO etapes (id_itineraire, id_checkpoint, position) VALUES (473,157,6);

INSERT INTO itineraire (id, nom, distance) VALUES (474, 'itineraire numero 474',0.058689172466210145);
INSERT INTO etapes (id_itineraire, id_checkpoint, position) VALUES (474,185,0);
INSERT INTO etapes (id_itineraire, id_checkpoint, position) VALUES (474,17,1);
INSERT INTO etapes (id_itineraire, id_checkpoint, position) VALUES (474,137,2);
INSERT INTO etapes (id_itineraire, id_checkpoint, position) VALUES (474,23,3);
INSERT INTO etapes (id_itineraire, id_checkpoint, position) VALUES (474,138,4);
INSERT INTO etapes (id_itineraire, id_checkpoint, position) VALUES (474,179,5);
INSERT INTO etapes (id_itineraire, id_checkpoint, position) VALUES (474,157,6);

INSERT INTO itineraire (id, nom, distance) VALUES (475, 'itineraire numero 475',0.057451644717762256);
INSERT INTO etapes (id_itineraire, id_checkpoint, position) VALUES (475,87,0);
INSERT INTO etapes (id_itineraire, id_checkpoint, position) VALUES (475,17,1);
INSERT INTO etapes (id_itineraire, id_checkpoint, position) VALUES (475,137,2);
INSERT INTO etapes (id_itineraire, id_checkpoint, position) VALUES (475,23,3);
INSERT INTO etapes (id_itineraire, id_checkpoint, position) VALUES (475,138,4);
INSERT INTO etapes (id_itineraire, id_checkpoint, position) VALUES (475,179,5);
INSERT INTO etapes (id_itineraire, id_checkpoint, position) VALUES (475,157,6);

INSERT INTO itineraire (id, nom, distance) VALUES (476, 'itineraire numero 476',0.05473032600812096);
INSERT INTO etapes (id_itineraire, id_checkpoint, position) VALUES (476,192,0);
INSERT INTO etapes (id_itineraire, id_checkpoint, position) VALUES (476,23,1);
INSERT INTO etapes (id_itineraire, id_checkpoint, position) VALUES (476,179,2);
INSERT INTO etapes (id_itineraire, id_checkpoint, position) VALUES (476,138,3);
INSERT INTO etapes (id_itineraire, id_checkpoint, position) VALUES (476,229,4);
INSERT INTO etapes (id_itineraire, id_checkpoint, position) VALUES (476,16,5);
INSERT INTO etapes (id_itineraire, id_checkpoint, position) VALUES (476,157,6);

INSERT INTO itineraire (id, nom, distance) VALUES (477, 'itineraire numero 477',0.060980719212997456);
INSERT INTO etapes (id_itineraire, id_checkpoint, position) VALUES (477,219,0);
INSERT INTO etapes (id_itineraire, id_checkpoint, position) VALUES (477,23,1);
INSERT INTO etapes (id_itineraire, id_checkpoint, position) VALUES (477,179,2);
INSERT INTO etapes (id_itineraire, id_checkpoint, position) VALUES (477,138,3);
INSERT INTO etapes (id_itineraire, id_checkpoint, position) VALUES (477,230,4);
INSERT INTO etapes (id_itineraire, id_checkpoint, position) VALUES (477,16,5);
INSERT INTO etapes (id_itineraire, id_checkpoint, position) VALUES (477,157,6);

INSERT INTO itineraire (id, nom, distance) VALUES (478, 'itineraire numero 478',0.06769020573654698);
INSERT INTO etapes (id_itineraire, id_checkpoint, position) VALUES (478,202,0);
INSERT INTO etapes (id_itineraire, id_checkpoint, position) VALUES (478,179,1);
INSERT INTO etapes (id_itineraire, id_checkpoint, position) VALUES (478,138,2);
INSERT INTO etapes (id_itineraire, id_checkpoint, position) VALUES (478,23,3);
INSERT INTO etapes (id_itineraire, id_checkpoint, position) VALUES (478,230,4);
INSERT INTO etapes (id_itineraire, id_checkpoint, position) VALUES (478,16,5);
INSERT INTO etapes (id_itineraire, id_checkpoint, position) VALUES (478,157,6);

INSERT INTO itineraire (id, nom, distance) VALUES (479, 'itineraire numero 479',0.06347941336270688);
INSERT INTO etapes (id_itineraire, id_checkpoint, position) VALUES (479,301,0);
INSERT INTO etapes (id_itineraire, id_checkpoint, position) VALUES (479,179,1);
INSERT INTO etapes (id_itineraire, id_checkpoint, position) VALUES (479,138,2);
INSERT INTO etapes (id_itineraire, id_checkpoint, position) VALUES (479,23,3);
INSERT INTO etapes (id_itineraire, id_checkpoint, position) VALUES (479,230,4);
INSERT INTO etapes (id_itineraire, id_checkpoint, position) VALUES (479,16,5);
INSERT INTO etapes (id_itineraire, id_checkpoint, position) VALUES (479,157,6);

INSERT INTO itineraire (id, nom, distance) VALUES (480, 'itineraire numero 480',0.059887764292390885);
INSERT INTO etapes (id_itineraire, id_checkpoint, position) VALUES (480,192,0);
INSERT INTO etapes (id_itineraire, id_checkpoint, position) VALUES (480,179,1);
INSERT INTO etapes (id_itineraire, id_checkpoint, position) VALUES (480,138,2);
INSERT INTO etapes (id_itineraire, id_checkpoint, position) VALUES (480,23,3);
INSERT INTO etapes (id_itineraire, id_checkpoint, position) VALUES (480,254,4);
INSERT INTO etapes (id_itineraire, id_checkpoint, position) VALUES (480,16,5);
INSERT INTO etapes (id_itineraire, id_checkpoint, position) VALUES (480,157,6);

INSERT INTO itineraire (id, nom, distance) VALUES (481, 'itineraire numero 481',0.05718887736054691);
INSERT INTO etapes (id_itineraire, id_checkpoint, position) VALUES (481,137,0);
INSERT INTO etapes (id_itineraire, id_checkpoint, position) VALUES (481,17,1);
INSERT INTO etapes (id_itineraire, id_checkpoint, position) VALUES (481,107,2);
INSERT INTO etapes (id_itineraire, id_checkpoint, position) VALUES (481,179,3);
INSERT INTO etapes (id_itineraire, id_checkpoint, position) VALUES (481,23,4);
INSERT INTO etapes (id_itineraire, id_checkpoint, position) VALUES (481,138,5);
INSERT INTO etapes (id_itineraire, id_checkpoint, position) VALUES (481,157,6);

INSERT INTO itineraire (id, nom, distance) VALUES (482, 'itineraire numero 482',0.04882834655770484);
INSERT INTO etapes (id_itineraire, id_checkpoint, position) VALUES (482,271,0);
INSERT INTO etapes (id_itineraire, id_checkpoint, position) VALUES (482,270,1);
INSERT INTO etapes (id_itineraire, id_checkpoint, position) VALUES (482,179,2);
INSERT INTO etapes (id_itineraire, id_checkpoint, position) VALUES (482,138,3);
INSERT INTO etapes (id_itineraire, id_checkpoint, position) VALUES (482,230,4);
INSERT INTO etapes (id_itineraire, id_checkpoint, position) VALUES (482,16,5);
INSERT INTO etapes (id_itineraire, id_checkpoint, position) VALUES (482,157,6);

INSERT INTO itineraire (id, nom, distance) VALUES (483, 'itineraire numero 483',0.05092464395458084);
INSERT INTO etapes (id_itineraire, id_checkpoint, position) VALUES (483,271,0);
INSERT INTO etapes (id_itineraire, id_checkpoint, position) VALUES (483,179,1);
INSERT INTO etapes (id_itineraire, id_checkpoint, position) VALUES (483,270,2);
INSERT INTO etapes (id_itineraire, id_checkpoint, position) VALUES (483,138,3);
INSERT INTO etapes (id_itineraire, id_checkpoint, position) VALUES (483,254,4);
INSERT INTO etapes (id_itineraire, id_checkpoint, position) VALUES (483,16,5);
INSERT INTO etapes (id_itineraire, id_checkpoint, position) VALUES (483,157,6);

INSERT INTO itineraire (id, nom, distance) VALUES (484, 'itineraire numero 484',0.0437387231433232);
INSERT INTO etapes (id_itineraire, id_checkpoint, position) VALUES (484,32,0);
INSERT INTO etapes (id_itineraire, id_checkpoint, position) VALUES (484,17,1);
INSERT INTO etapes (id_itineraire, id_checkpoint, position) VALUES (484,308,2);
INSERT INTO etapes (id_itineraire, id_checkpoint, position) VALUES (484,138,3);
INSERT INTO etapes (id_itineraire, id_checkpoint, position) VALUES (484,179,4);
INSERT INTO etapes (id_itineraire, id_checkpoint, position) VALUES (484,201,5);
INSERT INTO etapes (id_itineraire, id_checkpoint, position) VALUES (484,22,6);

INSERT INTO itineraire (id, nom, distance) VALUES (485, 'itineraire numero 485',0.054688961070892106);
INSERT INTO etapes (id_itineraire, id_checkpoint, position) VALUES (485,32,0);
INSERT INTO etapes (id_itineraire, id_checkpoint, position) VALUES (485,17,1);
INSERT INTO etapes (id_itineraire, id_checkpoint, position) VALUES (485,185,2);
INSERT INTO etapes (id_itineraire, id_checkpoint, position) VALUES (485,201,3);
INSERT INTO etapes (id_itineraire, id_checkpoint, position) VALUES (485,179,4);
INSERT INTO etapes (id_itineraire, id_checkpoint, position) VALUES (485,22,5);
INSERT INTO etapes (id_itineraire, id_checkpoint, position) VALUES (485,138,6);

INSERT INTO itineraire (id, nom, distance) VALUES (486, 'itineraire numero 486',0.06110911208085487);
INSERT INTO etapes (id_itineraire, id_checkpoint, position) VALUES (486,32,0);
INSERT INTO etapes (id_itineraire, id_checkpoint, position) VALUES (486,17,1);
INSERT INTO etapes (id_itineraire, id_checkpoint, position) VALUES (486,96,2);
INSERT INTO etapes (id_itineraire, id_checkpoint, position) VALUES (486,201,3);
INSERT INTO etapes (id_itineraire, id_checkpoint, position) VALUES (486,179,4);
INSERT INTO etapes (id_itineraire, id_checkpoint, position) VALUES (486,22,5);
INSERT INTO etapes (id_itineraire, id_checkpoint, position) VALUES (486,138,6);

INSERT INTO itineraire (id, nom, distance) VALUES (487, 'itineraire numero 487',0.05319829647818457);
INSERT INTO etapes (id_itineraire, id_checkpoint, position) VALUES (487,32,0);
INSERT INTO etapes (id_itineraire, id_checkpoint, position) VALUES (487,17,1);
INSERT INTO etapes (id_itineraire, id_checkpoint, position) VALUES (487,107,2);
INSERT INTO etapes (id_itineraire, id_checkpoint, position) VALUES (487,201,3);
INSERT INTO etapes (id_itineraire, id_checkpoint, position) VALUES (487,179,4);
INSERT INTO etapes (id_itineraire, id_checkpoint, position) VALUES (487,22,5);
INSERT INTO etapes (id_itineraire, id_checkpoint, position) VALUES (487,138,6);

INSERT INTO itineraire (id, nom, distance) VALUES (488, 'itineraire numero 488',0.04795293985884242);
INSERT INTO etapes (id_itineraire, id_checkpoint, position) VALUES (488,32,0);
INSERT INTO etapes (id_itineraire, id_checkpoint, position) VALUES (488,17,1);
INSERT INTO etapes (id_itineraire, id_checkpoint, position) VALUES (488,308,2);
INSERT INTO etapes (id_itineraire, id_checkpoint, position) VALUES (488,138,3);
INSERT INTO etapes (id_itineraire, id_checkpoint, position) VALUES (488,23,4);
INSERT INTO etapes (id_itineraire, id_checkpoint, position) VALUES (488,201,5);
INSERT INTO etapes (id_itineraire, id_checkpoint, position) VALUES (488,179,6);

INSERT INTO itineraire (id, nom, distance) VALUES (489, 'itineraire numero 489',0.04349443346270511);
INSERT INTO etapes (id_itineraire, id_checkpoint, position) VALUES (489,201,0);
INSERT INTO etapes (id_itineraire, id_checkpoint, position) VALUES (489,179,1);
INSERT INTO etapes (id_itineraire, id_checkpoint, position) VALUES (489,270,2);
INSERT INTO etapes (id_itineraire, id_checkpoint, position) VALUES (489,138,3);
INSERT INTO etapes (id_itineraire, id_checkpoint, position) VALUES (489,308,4);
INSERT INTO etapes (id_itineraire, id_checkpoint, position) VALUES (489,16,5);
INSERT INTO etapes (id_itineraire, id_checkpoint, position) VALUES (489,31,6);

INSERT INTO itineraire (id, nom, distance) VALUES (490, 'itineraire numero 490',0.04758656550310128);
INSERT INTO etapes (id_itineraire, id_checkpoint, position) VALUES (490,201,0);
INSERT INTO etapes (id_itineraire, id_checkpoint, position) VALUES (490,179,1);
INSERT INTO etapes (id_itineraire, id_checkpoint, position) VALUES (490,270,2);
INSERT INTO etapes (id_itineraire, id_checkpoint, position) VALUES (490,138,3);
INSERT INTO etapes (id_itineraire, id_checkpoint, position) VALUES (490,185,4);
INSERT INTO etapes (id_itineraire, id_checkpoint, position) VALUES (490,16,5);
INSERT INTO etapes (id_itineraire, id_checkpoint, position) VALUES (490,32,6);

INSERT INTO itineraire (id, nom, distance) VALUES (491, 'itineraire numero 491',0.0466582474713982);
INSERT INTO etapes (id_itineraire, id_checkpoint, position) VALUES (491,201,0);
INSERT INTO etapes (id_itineraire, id_checkpoint, position) VALUES (491,179,1);
INSERT INTO etapes (id_itineraire, id_checkpoint, position) VALUES (491,138,2);
INSERT INTO etapes (id_itineraire, id_checkpoint, position) VALUES (491,270,3);
INSERT INTO etapes (id_itineraire, id_checkpoint, position) VALUES (491,107,4);
INSERT INTO etapes (id_itineraire, id_checkpoint, position) VALUES (491,16,5);
INSERT INTO etapes (id_itineraire, id_checkpoint, position) VALUES (491,32,6);

INSERT INTO itineraire (id, nom, distance) VALUES (492, 'itineraire numero 492',0.05153503328713892);
INSERT INTO etapes (id_itineraire, id_checkpoint, position) VALUES (492,201,0);
INSERT INTO etapes (id_itineraire, id_checkpoint, position) VALUES (492,24,1);
INSERT INTO etapes (id_itineraire, id_checkpoint, position) VALUES (492,179,2);
INSERT INTO etapes (id_itineraire, id_checkpoint, position) VALUES (492,138,3);
INSERT INTO etapes (id_itineraire, id_checkpoint, position) VALUES (492,308,4);
INSERT INTO etapes (id_itineraire, id_checkpoint, position) VALUES (492,16,5);
INSERT INTO etapes (id_itineraire, id_checkpoint, position) VALUES (492,32,6);

INSERT INTO itineraire (id, nom, distance) VALUES (493, 'itineraire numero 493',0.05562716532753509);
INSERT INTO etapes (id_itineraire, id_checkpoint, position) VALUES (493,201,0);
INSERT INTO etapes (id_itineraire, id_checkpoint, position) VALUES (493,24,1);
INSERT INTO etapes (id_itineraire, id_checkpoint, position) VALUES (493,179,2);
INSERT INTO etapes (id_itineraire, id_checkpoint, position) VALUES (493,138,3);
INSERT INTO etapes (id_itineraire, id_checkpoint, position) VALUES (493,185,4);
INSERT INTO etapes (id_itineraire, id_checkpoint, position) VALUES (493,17,5);
INSERT INTO etapes (id_itineraire, id_checkpoint, position) VALUES (493,32,6);

INSERT INTO itineraire (id, nom, distance) VALUES (494, 'itineraire numero 494',0.06162805065028221);
INSERT INTO etapes (id_itineraire, id_checkpoint, position) VALUES (494,201,0);
INSERT INTO etapes (id_itineraire, id_checkpoint, position) VALUES (494,24,1);
INSERT INTO etapes (id_itineraire, id_checkpoint, position) VALUES (494,179,2);
INSERT INTO etapes (id_itineraire, id_checkpoint, position) VALUES (494,138,3);
INSERT INTO etapes (id_itineraire, id_checkpoint, position) VALUES (494,96,4);
INSERT INTO etapes (id_itineraire, id_checkpoint, position) VALUES (494,17,5);
INSERT INTO etapes (id_itineraire, id_checkpoint, position) VALUES (494,32,6);

INSERT INTO itineraire (id, nom, distance) VALUES (495, 'itineraire numero 495',0.05210727472167975);
INSERT INTO etapes (id_itineraire, id_checkpoint, position) VALUES (495,201,0);
INSERT INTO etapes (id_itineraire, id_checkpoint, position) VALUES (495,24,1);
INSERT INTO etapes (id_itineraire, id_checkpoint, position) VALUES (495,179,2);
INSERT INTO etapes (id_itineraire, id_checkpoint, position) VALUES (495,138,3);
INSERT INTO etapes (id_itineraire, id_checkpoint, position) VALUES (495,107,4);
INSERT INTO etapes (id_itineraire, id_checkpoint, position) VALUES (495,17,5);
INSERT INTO etapes (id_itineraire, id_checkpoint, position) VALUES (495,32,6);

INSERT INTO itineraire (id, nom, distance) VALUES (496, 'itineraire numero 496',0.05547333873072788);
INSERT INTO etapes (id_itineraire, id_checkpoint, position) VALUES (496,201,0);
INSERT INTO etapes (id_itineraire, id_checkpoint, position) VALUES (496,271,1);
INSERT INTO etapes (id_itineraire, id_checkpoint, position) VALUES (496,179,2);
INSERT INTO etapes (id_itineraire, id_checkpoint, position) VALUES (496,138,3);
INSERT INTO etapes (id_itineraire, id_checkpoint, position) VALUES (496,272,4);
INSERT INTO etapes (id_itineraire, id_checkpoint, position) VALUES (496,17,5);
INSERT INTO etapes (id_itineraire, id_checkpoint, position) VALUES (496,32,6);

INSERT INTO itineraire (id, nom, distance) VALUES (497, 'itineraire numero 497',0.04261191439521145);
INSERT INTO etapes (id_itineraire, id_checkpoint, position) VALUES (497,201,0);
INSERT INTO etapes (id_itineraire, id_checkpoint, position) VALUES (497,179,1);
INSERT INTO etapes (id_itineraire, id_checkpoint, position) VALUES (497,138,2);
INSERT INTO etapes (id_itineraire, id_checkpoint, position) VALUES (497,272,3);
INSERT INTO etapes (id_itineraire, id_checkpoint, position) VALUES (497,14,4);
INSERT INTO etapes (id_itineraire, id_checkpoint, position) VALUES (497,17,5);
INSERT INTO etapes (id_itineraire, id_checkpoint, position) VALUES (497,11,6);

INSERT INTO itineraire (id, nom, distance) VALUES (498, 'itineraire numero 498',0.04336884203390756);
INSERT INTO etapes (id_itineraire, id_checkpoint, position) VALUES (498,201,0);
INSERT INTO etapes (id_itineraire, id_checkpoint, position) VALUES (498,272,1);
INSERT INTO etapes (id_itineraire, id_checkpoint, position) VALUES (498,15,2);
INSERT INTO etapes (id_itineraire, id_checkpoint, position) VALUES (498,14,3);
INSERT INTO etapes (id_itineraire, id_checkpoint, position) VALUES (498,308,4);
INSERT INTO etapes (id_itineraire, id_checkpoint, position) VALUES (498,138,5);
INSERT INTO etapes (id_itineraire, id_checkpoint, position) VALUES (498,179,6);

INSERT INTO itineraire (id, nom, distance) VALUES (499, 'itineraire numero 499',0.04609848122128334);
INSERT INTO etapes (id_itineraire, id_checkpoint, position) VALUES (499,201,0);
INSERT INTO etapes (id_itineraire, id_checkpoint, position) VALUES (499,272,1);
INSERT INTO etapes (id_itineraire, id_checkpoint, position) VALUES (499,14,2);
INSERT INTO etapes (id_itineraire, id_checkpoint, position) VALUES (499,15,3);
INSERT INTO etapes (id_itineraire, id_checkpoint, position) VALUES (499,185,4);
INSERT INTO etapes (id_itineraire, id_checkpoint, position) VALUES (499,179,5);
INSERT INTO etapes (id_itineraire, id_checkpoint, position) VALUES (499,138,6);

INSERT INTO itineraire (id, nom, distance) VALUES (500, 'itineraire numero 500',0.041567138090631464);
INSERT INTO etapes (id_itineraire, id_checkpoint, position) VALUES (500,201,0);
INSERT INTO etapes (id_itineraire, id_checkpoint, position) VALUES (500,179,1);
INSERT INTO etapes (id_itineraire, id_checkpoint, position) VALUES (500,138,2);
INSERT INTO etapes (id_itineraire, id_checkpoint, position) VALUES (500,272,3);
INSERT INTO etapes (id_itineraire, id_checkpoint, position) VALUES (500,14,4);
INSERT INTO etapes (id_itineraire, id_checkpoint, position) VALUES (500,17,5);
INSERT INTO etapes (id_itineraire, id_checkpoint, position) VALUES (500,87,6);

INSERT INTO itineraire (id, nom, distance) VALUES (501, 'itineraire numero 501',0.05228597699703959);
INSERT INTO etapes (id_itineraire, id_checkpoint, position) VALUES (501,179,0);
INSERT INTO etapes (id_itineraire, id_checkpoint, position) VALUES (501,201,1);
INSERT INTO etapes (id_itineraire, id_checkpoint, position) VALUES (501,272,2);
INSERT INTO etapes (id_itineraire, id_checkpoint, position) VALUES (501,15,3);
INSERT INTO etapes (id_itineraire, id_checkpoint, position) VALUES (501,14,4);
INSERT INTO etapes (id_itineraire, id_checkpoint, position) VALUES (501,96,5);
INSERT INTO etapes (id_itineraire, id_checkpoint, position) VALUES (501,138,6);

INSERT INTO itineraire (id, nom, distance) VALUES (502, 'itineraire numero 502',0.04271742355762738);
INSERT INTO etapes (id_itineraire, id_checkpoint, position) VALUES (502,179,0);
INSERT INTO etapes (id_itineraire, id_checkpoint, position) VALUES (502,201,1);
INSERT INTO etapes (id_itineraire, id_checkpoint, position) VALUES (502,272,2);
INSERT INTO etapes (id_itineraire, id_checkpoint, position) VALUES (502,15,3);
INSERT INTO etapes (id_itineraire, id_checkpoint, position) VALUES (502,14,4);
INSERT INTO etapes (id_itineraire, id_checkpoint, position) VALUES (502,107,5);
INSERT INTO etapes (id_itineraire, id_checkpoint, position) VALUES (502,138,6);

INSERT INTO itineraire (id, nom, distance) VALUES (503, 'itineraire numero 503',0.05010909467677614);
INSERT INTO etapes (id_itineraire, id_checkpoint, position) VALUES (503,179,0);
INSERT INTO etapes (id_itineraire, id_checkpoint, position) VALUES (503,201,1);
INSERT INTO etapes (id_itineraire, id_checkpoint, position) VALUES (503,138,2);
INSERT INTO etapes (id_itineraire, id_checkpoint, position) VALUES (503,272,3);
INSERT INTO etapes (id_itineraire, id_checkpoint, position) VALUES (503,15,4);
INSERT INTO etapes (id_itineraire, id_checkpoint, position) VALUES (503,29,5);
INSERT INTO etapes (id_itineraire, id_checkpoint, position) VALUES (503,11,6);

INSERT INTO itineraire (id, nom, distance) VALUES (504, 'itineraire numero 504',0.04198625577439459);
INSERT INTO etapes (id_itineraire, id_checkpoint, position) VALUES (504,272,0);
INSERT INTO etapes (id_itineraire, id_checkpoint, position) VALUES (504,201,1);
INSERT INTO etapes (id_itineraire, id_checkpoint, position) VALUES (504,179,2);
INSERT INTO etapes (id_itineraire, id_checkpoint, position) VALUES (504,138,3);
INSERT INTO etapes (id_itineraire, id_checkpoint, position) VALUES (504,308,4);
INSERT INTO etapes (id_itineraire, id_checkpoint, position) VALUES (504,17,5);
INSERT INTO etapes (id_itineraire, id_checkpoint, position) VALUES (504,32,6);

INSERT INTO itineraire (id, nom, distance) VALUES (505, 'itineraire numero 505',0.04607838781479076);
INSERT INTO etapes (id_itineraire, id_checkpoint, position) VALUES (505,272,0);
INSERT INTO etapes (id_itineraire, id_checkpoint, position) VALUES (505,201,1);
INSERT INTO etapes (id_itineraire, id_checkpoint, position) VALUES (505,179,2);
INSERT INTO etapes (id_itineraire, id_checkpoint, position) VALUES (505,138,3);
INSERT INTO etapes (id_itineraire, id_checkpoint, position) VALUES (505,185,4);
INSERT INTO etapes (id_itineraire, id_checkpoint, position) VALUES (505,17,5);
INSERT INTO etapes (id_itineraire, id_checkpoint, position) VALUES (505,32,6);

INSERT INTO itineraire (id, nom, distance) VALUES (506, 'itineraire numero 506',0.04276009272484197);
INSERT INTO etapes (id_itineraire, id_checkpoint, position) VALUES (506,87,0);
INSERT INTO etapes (id_itineraire, id_checkpoint, position) VALUES (506,30,1);
INSERT INTO etapes (id_itineraire, id_checkpoint, position) VALUES (506,16,2);
INSERT INTO etapes (id_itineraire, id_checkpoint, position) VALUES (506,272,3);
INSERT INTO etapes (id_itineraire, id_checkpoint, position) VALUES (506,201,4);
INSERT INTO etapes (id_itineraire, id_checkpoint, position) VALUES (506,179,5);
INSERT INTO etapes (id_itineraire, id_checkpoint, position) VALUES (506,138,6);

INSERT INTO itineraire (id, nom, distance) VALUES (507, 'itineraire numero 507',0.053649785695916385);
INSERT INTO etapes (id_itineraire, id_checkpoint, position) VALUES (507,96,0);
INSERT INTO etapes (id_itineraire, id_checkpoint, position) VALUES (507,201,1);
INSERT INTO etapes (id_itineraire, id_checkpoint, position) VALUES (507,179,2);
INSERT INTO etapes (id_itineraire, id_checkpoint, position) VALUES (507,138,3);
INSERT INTO etapes (id_itineraire, id_checkpoint, position) VALUES (507,272,4);
INSERT INTO etapes (id_itineraire, id_checkpoint, position) VALUES (507,17,5);
INSERT INTO etapes (id_itineraire, id_checkpoint, position) VALUES (507,32,6);

INSERT INTO itineraire (id, nom, distance) VALUES (508, 'itineraire numero 508',0.048734461640265764);
INSERT INTO etapes (id_itineraire, id_checkpoint, position) VALUES (508,192,0);
INSERT INTO etapes (id_itineraire, id_checkpoint, position) VALUES (508,201,1);
INSERT INTO etapes (id_itineraire, id_checkpoint, position) VALUES (508,179,2);
INSERT INTO etapes (id_itineraire, id_checkpoint, position) VALUES (508,138,3);
INSERT INTO etapes (id_itineraire, id_checkpoint, position) VALUES (508,272,4);
INSERT INTO etapes (id_itineraire, id_checkpoint, position) VALUES (508,17,5);
INSERT INTO etapes (id_itineraire, id_checkpoint, position) VALUES (508,32,6);

INSERT INTO itineraire (id, nom, distance) VALUES (509, 'itineraire numero 509',0.051435259254008);
INSERT INTO etapes (id_itineraire, id_checkpoint, position) VALUES (509,32,0);
INSERT INTO etapes (id_itineraire, id_checkpoint, position) VALUES (509,107,1);
INSERT INTO etapes (id_itineraire, id_checkpoint, position) VALUES (509,16,2);
INSERT INTO etapes (id_itineraire, id_checkpoint, position) VALUES (509,272,3);
INSERT INTO etapes (id_itineraire, id_checkpoint, position) VALUES (509,201,4);
INSERT INTO etapes (id_itineraire, id_checkpoint, position) VALUES (509,179,5);
INSERT INTO etapes (id_itineraire, id_checkpoint, position) VALUES (509,138,6);

INSERT INTO itineraire (id, nom, distance) VALUES (510, 'itineraire numero 510',0.05893025039409637);
INSERT INTO etapes (id_itineraire, id_checkpoint, position) VALUES (510,138,0);
INSERT INTO etapes (id_itineraire, id_checkpoint, position) VALUES (510,201,1);
INSERT INTO etapes (id_itineraire, id_checkpoint, position) VALUES (510,179,2);
INSERT INTO etapes (id_itineraire, id_checkpoint, position) VALUES (510,271,3);
INSERT INTO etapes (id_itineraire, id_checkpoint, position) VALUES (510,294,4);
INSERT INTO etapes (id_itineraire, id_checkpoint, position) VALUES (510,17,5);
INSERT INTO etapes (id_itineraire, id_checkpoint, position) VALUES (510,32,6);

INSERT INTO itineraire (id, nom, distance) VALUES (511, 'itineraire numero 511',0.05808057376584348);
INSERT INTO etapes (id_itineraire, id_checkpoint, position) VALUES (511,138,0);
INSERT INTO etapes (id_itineraire, id_checkpoint, position) VALUES (511,201,1);
INSERT INTO etapes (id_itineraire, id_checkpoint, position) VALUES (511,179,2);
INSERT INTO etapes (id_itineraire, id_checkpoint, position) VALUES (511,271,3);
INSERT INTO etapes (id_itineraire, id_checkpoint, position) VALUES (511,268,4);
INSERT INTO etapes (id_itineraire, id_checkpoint, position) VALUES (511,17,5);
INSERT INTO etapes (id_itineraire, id_checkpoint, position) VALUES (511,32,6);

INSERT INTO itineraire (id, nom, distance) VALUES (512, 'itineraire numero 512',0.04335111563874026);
INSERT INTO etapes (id_itineraire, id_checkpoint, position) VALUES (512,179,0);
INSERT INTO etapes (id_itineraire, id_checkpoint, position) VALUES (512,138,1);
INSERT INTO etapes (id_itineraire, id_checkpoint, position) VALUES (512,308,2);
INSERT INTO etapes (id_itineraire, id_checkpoint, position) VALUES (512,15,3);
INSERT INTO etapes (id_itineraire, id_checkpoint, position) VALUES (512,14,4);
INSERT INTO etapes (id_itineraire, id_checkpoint, position) VALUES (512,294,5);
INSERT INTO etapes (id_itineraire, id_checkpoint, position) VALUES (512,201,6);

INSERT INTO itineraire (id, nom, distance) VALUES (513, 'itineraire numero 513',0.041440158078283676);
INSERT INTO etapes (id_itineraire, id_checkpoint, position) VALUES (513,179,0);
INSERT INTO etapes (id_itineraire, id_checkpoint, position) VALUES (513,201,1);
INSERT INTO etapes (id_itineraire, id_checkpoint, position) VALUES (513,268,2);
INSERT INTO etapes (id_itineraire, id_checkpoint, position) VALUES (513,15,3);
INSERT INTO etapes (id_itineraire, id_checkpoint, position) VALUES (513,14,4);
INSERT INTO etapes (id_itineraire, id_checkpoint, position) VALUES (513,308,5);
INSERT INTO etapes (id_itineraire, id_checkpoint, position) VALUES (513,138,6);

INSERT INTO itineraire (id, nom, distance) VALUES (514, 'itineraire numero 514',0.04416898058679819);
INSERT INTO etapes (id_itineraire, id_checkpoint, position) VALUES (514,179,0);
INSERT INTO etapes (id_itineraire, id_checkpoint, position) VALUES (514,201,1);
INSERT INTO etapes (id_itineraire, id_checkpoint, position) VALUES (514,252,2);
INSERT INTO etapes (id_itineraire, id_checkpoint, position) VALUES (514,16,3);
INSERT INTO etapes (id_itineraire, id_checkpoint, position) VALUES (514,14,4);
INSERT INTO etapes (id_itineraire, id_checkpoint, position) VALUES (514,308,5);
INSERT INTO etapes (id_itineraire, id_checkpoint, position) VALUES (514,138,6);

INSERT INTO itineraire (id, nom, distance) VALUES (515, 'itineraire numero 515',0.040930737786102865);
INSERT INTO etapes (id_itineraire, id_checkpoint, position) VALUES (515,179,0);
INSERT INTO etapes (id_itineraire, id_checkpoint, position) VALUES (515,201,1);
INSERT INTO etapes (id_itineraire, id_checkpoint, position) VALUES (515,256,2);
INSERT INTO etapes (id_itineraire, id_checkpoint, position) VALUES (515,16,3);
INSERT INTO etapes (id_itineraire, id_checkpoint, position) VALUES (515,14,4);
INSERT INTO etapes (id_itineraire, id_checkpoint, position) VALUES (515,308,5);
INSERT INTO etapes (id_itineraire, id_checkpoint, position) VALUES (515,138,6);

INSERT INTO itineraire (id, nom, distance) VALUES (516, 'itineraire numero 516',0.04197784248593984);
INSERT INTO etapes (id_itineraire, id_checkpoint, position) VALUES (516,179,0);
INSERT INTO etapes (id_itineraire, id_checkpoint, position) VALUES (516,138,1);
INSERT INTO etapes (id_itineraire, id_checkpoint, position) VALUES (516,308,2);
INSERT INTO etapes (id_itineraire, id_checkpoint, position) VALUES (516,16,3);
INSERT INTO etapes (id_itineraire, id_checkpoint, position) VALUES (516,14,4);
INSERT INTO etapes (id_itineraire, id_checkpoint, position) VALUES (516,255,5);
INSERT INTO etapes (id_itineraire, id_checkpoint, position) VALUES (516,201,6);

INSERT INTO itineraire (id, nom, distance) VALUES (517, 'itineraire numero 517',0.04633633359486754);
INSERT INTO etapes (id_itineraire, id_checkpoint, position) VALUES (517,179,0);
INSERT INTO etapes (id_itineraire, id_checkpoint, position) VALUES (517,185,1);
INSERT INTO etapes (id_itineraire, id_checkpoint, position) VALUES (517,16,2);
INSERT INTO etapes (id_itineraire, id_checkpoint, position) VALUES (517,14,3);
INSERT INTO etapes (id_itineraire, id_checkpoint, position) VALUES (517,294,4);
INSERT INTO etapes (id_itineraire, id_checkpoint, position) VALUES (517,201,5);
INSERT INTO etapes (id_itineraire, id_checkpoint, position) VALUES (517,138,6);

INSERT INTO itineraire (id, nom, distance) VALUES (518, 'itineraire numero 518',0.052726886514836514);
INSERT INTO etapes (id_itineraire, id_checkpoint, position) VALUES (518,179,0);
INSERT INTO etapes (id_itineraire, id_checkpoint, position) VALUES (518,97,1);
INSERT INTO etapes (id_itineraire, id_checkpoint, position) VALUES (518,16,2);
INSERT INTO etapes (id_itineraire, id_checkpoint, position) VALUES (518,14,3);
INSERT INTO etapes (id_itineraire, id_checkpoint, position) VALUES (518,294,4);
INSERT INTO etapes (id_itineraire, id_checkpoint, position) VALUES (518,201,5);
INSERT INTO etapes (id_itineraire, id_checkpoint, position) VALUES (518,138,6);

INSERT INTO itineraire (id, nom, distance) VALUES (519, 'itineraire numero 519',0.04375714708632822);
INSERT INTO etapes (id_itineraire, id_checkpoint, position) VALUES (519,138,0);
INSERT INTO etapes (id_itineraire, id_checkpoint, position) VALUES (519,294,1);
INSERT INTO etapes (id_itineraire, id_checkpoint, position) VALUES (519,16,2);
INSERT INTO etapes (id_itineraire, id_checkpoint, position) VALUES (519,14,3);
INSERT INTO etapes (id_itineraire, id_checkpoint, position) VALUES (519,107,4);
INSERT INTO etapes (id_itineraire, id_checkpoint, position) VALUES (519,201,5);
INSERT INTO etapes (id_itineraire, id_checkpoint, position) VALUES (519,179,6);

INSERT INTO itineraire (id, nom, distance) VALUES (520, 'itineraire numero 520',0.04553690900250726);
INSERT INTO etapes (id_itineraire, id_checkpoint, position) VALUES (520,179,0);
INSERT INTO etapes (id_itineraire, id_checkpoint, position) VALUES (520,185,1);
INSERT INTO etapes (id_itineraire, id_checkpoint, position) VALUES (520,16,2);
INSERT INTO etapes (id_itineraire, id_checkpoint, position) VALUES (520,14,3);
INSERT INTO etapes (id_itineraire, id_checkpoint, position) VALUES (520,268,4);
INSERT INTO etapes (id_itineraire, id_checkpoint, position) VALUES (520,201,5);
INSERT INTO etapes (id_itineraire, id_checkpoint, position) VALUES (520,138,6);

INSERT INTO itineraire (id, nom, distance) VALUES (521, 'itineraire numero 521',0.04829854007645889);
INSERT INTO etapes (id_itineraire, id_checkpoint, position) VALUES (521,179,0);
INSERT INTO etapes (id_itineraire, id_checkpoint, position) VALUES (521,185,1);
INSERT INTO etapes (id_itineraire, id_checkpoint, position) VALUES (521,16,2);
INSERT INTO etapes (id_itineraire, id_checkpoint, position) VALUES (521,14,3);
INSERT INTO etapes (id_itineraire, id_checkpoint, position) VALUES (521,252,4);
INSERT INTO etapes (id_itineraire, id_checkpoint, position) VALUES (521,201,5);
INSERT INTO etapes (id_itineraire, id_checkpoint, position) VALUES (521,138,6);

INSERT INTO itineraire (id, nom, distance) VALUES (522, 'itineraire numero 522',0.04501448648314226);
INSERT INTO etapes (id_itineraire, id_checkpoint, position) VALUES (522,179,0);
INSERT INTO etapes (id_itineraire, id_checkpoint, position) VALUES (522,185,1);
INSERT INTO etapes (id_itineraire, id_checkpoint, position) VALUES (522,16,2);
INSERT INTO etapes (id_itineraire, id_checkpoint, position) VALUES (522,14,3);
INSERT INTO etapes (id_itineraire, id_checkpoint, position) VALUES (522,256,4);
INSERT INTO etapes (id_itineraire, id_checkpoint, position) VALUES (522,201,5);
INSERT INTO etapes (id_itineraire, id_checkpoint, position) VALUES (522,138,6);

INSERT INTO itineraire (id, nom, distance) VALUES (523, 'itineraire numero 523',0.04496306044206711);
INSERT INTO etapes (id_itineraire, id_checkpoint, position) VALUES (523,179,0);
INSERT INTO etapes (id_itineraire, id_checkpoint, position) VALUES (523,185,1);
INSERT INTO etapes (id_itineraire, id_checkpoint, position) VALUES (523,16,2);
INSERT INTO etapes (id_itineraire, id_checkpoint, position) VALUES (523,14,3);
INSERT INTO etapes (id_itineraire, id_checkpoint, position) VALUES (523,255,4);
INSERT INTO etapes (id_itineraire, id_checkpoint, position) VALUES (523,201,5);
INSERT INTO etapes (id_itineraire, id_checkpoint, position) VALUES (523,138,6);

INSERT INTO itineraire (id, nom, distance) VALUES (524, 'itineraire numero 524',0.05192746192247624);
INSERT INTO etapes (id_itineraire, id_checkpoint, position) VALUES (524,179,0);
INSERT INTO etapes (id_itineraire, id_checkpoint, position) VALUES (524,97,1);
INSERT INTO etapes (id_itineraire, id_checkpoint, position) VALUES (524,16,2);
INSERT INTO etapes (id_itineraire, id_checkpoint, position) VALUES (524,14,3);
INSERT INTO etapes (id_itineraire, id_checkpoint, position) VALUES (524,268,4);
INSERT INTO etapes (id_itineraire, id_checkpoint, position) VALUES (524,201,5);
INSERT INTO etapes (id_itineraire, id_checkpoint, position) VALUES (524,138,6);

INSERT INTO itineraire (id, nom, distance) VALUES (525, 'itineraire numero 525',0.054689092996427865);
INSERT INTO etapes (id_itineraire, id_checkpoint, position) VALUES (525,179,0);
INSERT INTO etapes (id_itineraire, id_checkpoint, position) VALUES (525,97,1);
INSERT INTO etapes (id_itineraire, id_checkpoint, position) VALUES (525,16,2);
INSERT INTO etapes (id_itineraire, id_checkpoint, position) VALUES (525,14,3);
INSERT INTO etapes (id_itineraire, id_checkpoint, position) VALUES (525,252,4);
INSERT INTO etapes (id_itineraire, id_checkpoint, position) VALUES (525,201,5);
INSERT INTO etapes (id_itineraire, id_checkpoint, position) VALUES (525,138,6);

INSERT INTO itineraire (id, nom, distance) VALUES (526, 'itineraire numero 526',0.05140503940311124);
INSERT INTO etapes (id_itineraire, id_checkpoint, position) VALUES (526,179,0);
INSERT INTO etapes (id_itineraire, id_checkpoint, position) VALUES (526,97,1);
INSERT INTO etapes (id_itineraire, id_checkpoint, position) VALUES (526,16,2);
INSERT INTO etapes (id_itineraire, id_checkpoint, position) VALUES (526,14,3);
INSERT INTO etapes (id_itineraire, id_checkpoint, position) VALUES (526,256,4);
INSERT INTO etapes (id_itineraire, id_checkpoint, position) VALUES (526,201,5);
INSERT INTO etapes (id_itineraire, id_checkpoint, position) VALUES (526,138,6);

INSERT INTO itineraire (id, nom, distance) VALUES (527, 'itineraire numero 527',0.04766464240462888);
INSERT INTO etapes (id_itineraire, id_checkpoint, position) VALUES (527,179,0);
INSERT INTO etapes (id_itineraire, id_checkpoint, position) VALUES (527,97,1);
INSERT INTO etapes (id_itineraire, id_checkpoint, position) VALUES (527,17,2);
INSERT INTO etapes (id_itineraire, id_checkpoint, position) VALUES (527,14,3);
INSERT INTO etapes (id_itineraire, id_checkpoint, position) VALUES (527,255,4);
INSERT INTO etapes (id_itineraire, id_checkpoint, position) VALUES (527,138,5);
INSERT INTO etapes (id_itineraire, id_checkpoint, position) VALUES (527,201,6);

INSERT INTO itineraire (id, nom, distance) VALUES (528, 'itineraire numero 528',0.04256886114212964);
INSERT INTO etapes (id_itineraire, id_checkpoint, position) VALUES (528,179,0);
INSERT INTO etapes (id_itineraire, id_checkpoint, position) VALUES (528,107,1);
INSERT INTO etapes (id_itineraire, id_checkpoint, position) VALUES (528,17,2);
INSERT INTO etapes (id_itineraire, id_checkpoint, position) VALUES (528,14,3);
INSERT INTO etapes (id_itineraire, id_checkpoint, position) VALUES (528,268,4);
INSERT INTO etapes (id_itineraire, id_checkpoint, position) VALUES (528,138,5);
INSERT INTO etapes (id_itineraire, id_checkpoint, position) VALUES (528,201,6);

INSERT INTO itineraire (id, nom, distance) VALUES (529, 'itineraire numero 529',0.045885563554872444);
INSERT INTO etapes (id_itineraire, id_checkpoint, position) VALUES (529,179,0);
INSERT INTO etapes (id_itineraire, id_checkpoint, position) VALUES (529,138,1);
INSERT INTO etapes (id_itineraire, id_checkpoint, position) VALUES (529,107,2);
INSERT INTO etapes (id_itineraire, id_checkpoint, position) VALUES (529,16,3);
INSERT INTO etapes (id_itineraire, id_checkpoint, position) VALUES (529,14,4);
INSERT INTO etapes (id_itineraire, id_checkpoint, position) VALUES (529,252,5);
INSERT INTO etapes (id_itineraire, id_checkpoint, position) VALUES (529,201,6);

INSERT INTO itineraire (id, nom, distance) VALUES (530, 'itineraire numero 530',0.04135686476501808);
INSERT INTO etapes (id_itineraire, id_checkpoint, position) VALUES (530,179,0);
INSERT INTO etapes (id_itineraire, id_checkpoint, position) VALUES (530,107,1);
INSERT INTO etapes (id_itineraire, id_checkpoint, position) VALUES (530,17,2);
INSERT INTO etapes (id_itineraire, id_checkpoint, position) VALUES (530,14,3);
INSERT INTO etapes (id_itineraire, id_checkpoint, position) VALUES (530,256,4);
INSERT INTO etapes (id_itineraire, id_checkpoint, position) VALUES (530,138,5);
INSERT INTO etapes (id_itineraire, id_checkpoint, position) VALUES (530,201,6);

INSERT INTO itineraire (id, nom, distance) VALUES (531, 'itineraire numero 531',0.040372697153345294);
INSERT INTO etapes (id_itineraire, id_checkpoint, position) VALUES (531,179,0);
INSERT INTO etapes (id_itineraire, id_checkpoint, position) VALUES (531,108,1);
INSERT INTO etapes (id_itineraire, id_checkpoint, position) VALUES (531,14,2);
INSERT INTO etapes (id_itineraire, id_checkpoint, position) VALUES (531,16,3);
INSERT INTO etapes (id_itineraire, id_checkpoint, position) VALUES (531,255,4);
INSERT INTO etapes (id_itineraire, id_checkpoint, position) VALUES (531,138,5);
INSERT INTO etapes (id_itineraire, id_checkpoint, position) VALUES (531,201,6);

INSERT INTO itineraire (id, nom, distance) VALUES (532, 'itineraire numero 532',0.05271192884007191);
INSERT INTO etapes (id_itineraire, id_checkpoint, position) VALUES (532,179,0);
INSERT INTO etapes (id_itineraire, id_checkpoint, position) VALUES (532,138,1);
INSERT INTO etapes (id_itineraire, id_checkpoint, position) VALUES (532,201,2);
INSERT INTO etapes (id_itineraire, id_checkpoint, position) VALUES (532,294,3);
INSERT INTO etapes (id_itineraire, id_checkpoint, position) VALUES (532,15,4);
INSERT INTO etapes (id_itineraire, id_checkpoint, position) VALUES (532,29,5);
INSERT INTO etapes (id_itineraire, id_checkpoint, position) VALUES (532,11,6);

INSERT INTO itineraire (id, nom, distance) VALUES (533, 'itineraire numero 533',0.05166355999067412);
INSERT INTO etapes (id_itineraire, id_checkpoint, position) VALUES (533,308,0);
INSERT INTO etapes (id_itineraire, id_checkpoint, position) VALUES (533,30,1);
INSERT INTO etapes (id_itineraire, id_checkpoint, position) VALUES (533,17,2);
INSERT INTO etapes (id_itineraire, id_checkpoint, position) VALUES (533,294,3);
INSERT INTO etapes (id_itineraire, id_checkpoint, position) VALUES (533,201,4);
INSERT INTO etapes (id_itineraire, id_checkpoint, position) VALUES (533,179,5);
INSERT INTO etapes (id_itineraire, id_checkpoint, position) VALUES (533,138,6);

INSERT INTO itineraire (id, nom, distance) VALUES (534, 'itineraire numero 534',0.05088150248281105);
INSERT INTO etapes (id_itineraire, id_checkpoint, position) VALUES (534,308,0);
INSERT INTO etapes (id_itineraire, id_checkpoint, position) VALUES (534,30,1);
INSERT INTO etapes (id_itineraire, id_checkpoint, position) VALUES (534,17,2);
INSERT INTO etapes (id_itineraire, id_checkpoint, position) VALUES (534,268,3);
INSERT INTO etapes (id_itineraire, id_checkpoint, position) VALUES (534,201,4);
INSERT INTO etapes (id_itineraire, id_checkpoint, position) VALUES (534,179,5);
INSERT INTO etapes (id_itineraire, id_checkpoint, position) VALUES (534,138,6);

INSERT INTO itineraire (id, nom, distance) VALUES (535, 'itineraire numero 535',0.053610324991325564);
INSERT INTO etapes (id_itineraire, id_checkpoint, position) VALUES (535,308,0);
INSERT INTO etapes (id_itineraire, id_checkpoint, position) VALUES (535,30,1);
INSERT INTO etapes (id_itineraire, id_checkpoint, position) VALUES (535,17,2);
INSERT INTO etapes (id_itineraire, id_checkpoint, position) VALUES (535,252,3);
INSERT INTO etapes (id_itineraire, id_checkpoint, position) VALUES (535,201,4);
INSERT INTO etapes (id_itineraire, id_checkpoint, position) VALUES (535,179,5);
INSERT INTO etapes (id_itineraire, id_checkpoint, position) VALUES (535,138,6);

INSERT INTO itineraire (id, nom, distance) VALUES (536, 'itineraire numero 536',0.05037208219063024);
INSERT INTO etapes (id_itineraire, id_checkpoint, position) VALUES (536,308,0);
INSERT INTO etapes (id_itineraire, id_checkpoint, position) VALUES (536,30,1);
INSERT INTO etapes (id_itineraire, id_checkpoint, position) VALUES (536,17,2);
INSERT INTO etapes (id_itineraire, id_checkpoint, position) VALUES (536,256,3);
INSERT INTO etapes (id_itineraire, id_checkpoint, position) VALUES (536,201,4);
INSERT INTO etapes (id_itineraire, id_checkpoint, position) VALUES (536,179,5);
INSERT INTO etapes (id_itineraire, id_checkpoint, position) VALUES (536,138,6);

INSERT INTO itineraire (id, nom, distance) VALUES (537, 'itineraire numero 537',0.0503419628728442);
INSERT INTO etapes (id_itineraire, id_checkpoint, position) VALUES (537,308,0);
INSERT INTO etapes (id_itineraire, id_checkpoint, position) VALUES (537,30,1);
INSERT INTO etapes (id_itineraire, id_checkpoint, position) VALUES (537,17,2);
INSERT INTO etapes (id_itineraire, id_checkpoint, position) VALUES (537,255,3);
INSERT INTO etapes (id_itineraire, id_checkpoint, position) VALUES (537,201,4);
INSERT INTO etapes (id_itineraire, id_checkpoint, position) VALUES (537,179,5);
INSERT INTO etapes (id_itineraire, id_checkpoint, position) VALUES (537,138,6);

INSERT INTO itineraire (id, nom, distance) VALUES (538, 'itineraire numero 538',0.04580966451176597);
INSERT INTO etapes (id_itineraire, id_checkpoint, position) VALUES (538,138,0);
INSERT INTO etapes (id_itineraire, id_checkpoint, position) VALUES (538,179,1);
INSERT INTO etapes (id_itineraire, id_checkpoint, position) VALUES (538,201,2);
INSERT INTO etapes (id_itineraire, id_checkpoint, position) VALUES (538,185,3);
INSERT INTO etapes (id_itineraire, id_checkpoint, position) VALUES (538,15,4);
INSERT INTO etapes (id_itineraire, id_checkpoint, position) VALUES (538,29,5);
INSERT INTO etapes (id_itineraire, id_checkpoint, position) VALUES (538,86,6);

INSERT INTO itineraire (id, nom, distance) VALUES (539, 'itineraire numero 539',0.04201142448595599);
INSERT INTO etapes (id_itineraire, id_checkpoint, position) VALUES (539,87,0);
INSERT INTO etapes (id_itineraire, id_checkpoint, position) VALUES (539,30,1);
INSERT INTO etapes (id_itineraire, id_checkpoint, position) VALUES (539,17,2);
INSERT INTO etapes (id_itineraire, id_checkpoint, position) VALUES (539,268,3);
INSERT INTO etapes (id_itineraire, id_checkpoint, position) VALUES (539,201,4);
INSERT INTO etapes (id_itineraire, id_checkpoint, position) VALUES (539,179,5);
INSERT INTO etapes (id_itineraire, id_checkpoint, position) VALUES (539,138,6);

INSERT INTO itineraire (id, nom, distance) VALUES (540, 'itineraire numero 540',0.0447402469944705);
INSERT INTO etapes (id_itineraire, id_checkpoint, position) VALUES (540,87,0);
INSERT INTO etapes (id_itineraire, id_checkpoint, position) VALUES (540,30,1);
INSERT INTO etapes (id_itineraire, id_checkpoint, position) VALUES (540,17,2);
INSERT INTO etapes (id_itineraire, id_checkpoint, position) VALUES (540,252,3);
INSERT INTO etapes (id_itineraire, id_checkpoint, position) VALUES (540,201,4);
INSERT INTO etapes (id_itineraire, id_checkpoint, position) VALUES (540,179,5);
INSERT INTO etapes (id_itineraire, id_checkpoint, position) VALUES (540,138,6);

INSERT INTO itineraire (id, nom, distance) VALUES (541, 'itineraire numero 541',0.04150200419377518);
INSERT INTO etapes (id_itineraire, id_checkpoint, position) VALUES (541,87,0);
INSERT INTO etapes (id_itineraire, id_checkpoint, position) VALUES (541,30,1);
INSERT INTO etapes (id_itineraire, id_checkpoint, position) VALUES (541,17,2);
INSERT INTO etapes (id_itineraire, id_checkpoint, position) VALUES (541,256,3);
INSERT INTO etapes (id_itineraire, id_checkpoint, position) VALUES (541,201,4);
INSERT INTO etapes (id_itineraire, id_checkpoint, position) VALUES (541,179,5);
INSERT INTO etapes (id_itineraire, id_checkpoint, position) VALUES (541,138,6);

INSERT INTO itineraire (id, nom, distance) VALUES (542, 'itineraire numero 542',0.041471884875989136);
INSERT INTO etapes (id_itineraire, id_checkpoint, position) VALUES (542,87,0);
INSERT INTO etapes (id_itineraire, id_checkpoint, position) VALUES (542,30,1);
INSERT INTO etapes (id_itineraire, id_checkpoint, position) VALUES (542,17,2);
INSERT INTO etapes (id_itineraire, id_checkpoint, position) VALUES (542,255,3);
INSERT INTO etapes (id_itineraire, id_checkpoint, position) VALUES (542,201,4);
INSERT INTO etapes (id_itineraire, id_checkpoint, position) VALUES (542,179,5);
INSERT INTO etapes (id_itineraire, id_checkpoint, position) VALUES (542,138,6);

INSERT INTO itineraire (id, nom, distance) VALUES (543, 'itineraire numero 543',0.052229815521728735);
INSERT INTO etapes (id_itineraire, id_checkpoint, position) VALUES (543,138,0);
INSERT INTO etapes (id_itineraire, id_checkpoint, position) VALUES (543,179,1);
INSERT INTO etapes (id_itineraire, id_checkpoint, position) VALUES (543,201,2);
INSERT INTO etapes (id_itineraire, id_checkpoint, position) VALUES (543,97,3);
INSERT INTO etapes (id_itineraire, id_checkpoint, position) VALUES (543,15,4);
INSERT INTO etapes (id_itineraire, id_checkpoint, position) VALUES (543,29,5);
INSERT INTO etapes (id_itineraire, id_checkpoint, position) VALUES (543,86,6);

INSERT INTO itineraire (id, nom, distance) VALUES (544, 'itineraire numero 544',0.05957597889319494);
INSERT INTO etapes (id_itineraire, id_checkpoint, position) VALUES (544,179,0);
INSERT INTO etapes (id_itineraire, id_checkpoint, position) VALUES (544,98,1);
INSERT INTO etapes (id_itineraire, id_checkpoint, position) VALUES (544,29,2);
INSERT INTO etapes (id_itineraire, id_checkpoint, position) VALUES (544,16,3);
INSERT INTO etapes (id_itineraire, id_checkpoint, position) VALUES (544,268,4);
INSERT INTO etapes (id_itineraire, id_checkpoint, position) VALUES (544,138,5);
INSERT INTO etapes (id_itineraire, id_checkpoint, position) VALUES (544,201,6);

INSERT INTO itineraire (id, nom, distance) VALUES (545, 'itineraire numero 545',0.05735776603915951);
INSERT INTO etapes (id_itineraire, id_checkpoint, position) VALUES (545,179,0);
INSERT INTO etapes (id_itineraire, id_checkpoint, position) VALUES (545,138,1);
INSERT INTO etapes (id_itineraire, id_checkpoint, position) VALUES (545,201,2);
INSERT INTO etapes (id_itineraire, id_checkpoint, position) VALUES (545,252,3);
INSERT INTO etapes (id_itineraire, id_checkpoint, position) VALUES (545,15,4);
INSERT INTO etapes (id_itineraire, id_checkpoint, position) VALUES (545,96,5);
INSERT INTO etapes (id_itineraire, id_checkpoint, position) VALUES (545,32,6);

INSERT INTO itineraire (id, nom, distance) VALUES (546, 'itineraire numero 546',0.05837698474326757);
INSERT INTO etapes (id_itineraire, id_checkpoint, position) VALUES (546,179,0);
INSERT INTO etapes (id_itineraire, id_checkpoint, position) VALUES (546,98,1);
INSERT INTO etapes (id_itineraire, id_checkpoint, position) VALUES (546,29,2);
INSERT INTO etapes (id_itineraire, id_checkpoint, position) VALUES (546,16,3);
INSERT INTO etapes (id_itineraire, id_checkpoint, position) VALUES (546,256,4);
INSERT INTO etapes (id_itineraire, id_checkpoint, position) VALUES (546,138,5);
INSERT INTO etapes (id_itineraire, id_checkpoint, position) VALUES (546,201,6);

INSERT INTO itineraire (id, nom, distance) VALUES (547, 'itineraire numero 547',0.057354976349852115);
INSERT INTO etapes (id_itineraire, id_checkpoint, position) VALUES (547,179,0);
INSERT INTO etapes (id_itineraire, id_checkpoint, position) VALUES (547,98,1);
INSERT INTO etapes (id_itineraire, id_checkpoint, position) VALUES (547,29,2);
INSERT INTO etapes (id_itineraire, id_checkpoint, position) VALUES (547,16,3);
INSERT INTO etapes (id_itineraire, id_checkpoint, position) VALUES (547,255,4);
INSERT INTO etapes (id_itineraire, id_checkpoint, position) VALUES (547,138,5);
INSERT INTO etapes (id_itineraire, id_checkpoint, position) VALUES (547,201,6);

INSERT INTO itineraire (id, nom, distance) VALUES (548, 'itineraire numero 548',0.044318999919058424);
INSERT INTO etapes (id_itineraire, id_checkpoint, position) VALUES (548,138,0);
INSERT INTO etapes (id_itineraire, id_checkpoint, position) VALUES (548,179,1);
INSERT INTO etapes (id_itineraire, id_checkpoint, position) VALUES (548,201,2);
INSERT INTO etapes (id_itineraire, id_checkpoint, position) VALUES (548,107,3);
INSERT INTO etapes (id_itineraire, id_checkpoint, position) VALUES (548,15,4);
INSERT INTO etapes (id_itineraire, id_checkpoint, position) VALUES (548,29,5);
INSERT INTO etapes (id_itineraire, id_checkpoint, position) VALUES (548,86,6);

INSERT INTO itineraire (id, nom, distance) VALUES (549, 'itineraire numero 549',0.05964165364159876);
INSERT INTO etapes (id_itineraire, id_checkpoint, position) VALUES (549,179,0);
INSERT INTO etapes (id_itineraire, id_checkpoint, position) VALUES (549,108,1);
INSERT INTO etapes (id_itineraire, id_checkpoint, position) VALUES (549,29,2);
INSERT INTO etapes (id_itineraire, id_checkpoint, position) VALUES (549,16,3);
INSERT INTO etapes (id_itineraire, id_checkpoint, position) VALUES (549,268,4);
INSERT INTO etapes (id_itineraire, id_checkpoint, position) VALUES (549,138,5);
INSERT INTO etapes (id_itineraire, id_checkpoint, position) VALUES (549,201,6);

INSERT INTO itineraire (id, nom, distance) VALUES (550, 'itineraire numero 550',0.057891584405341756);
INSERT INTO etapes (id_itineraire, id_checkpoint, position) VALUES (550,179,0);
INSERT INTO etapes (id_itineraire, id_checkpoint, position) VALUES (550,138,1);
INSERT INTO etapes (id_itineraire, id_checkpoint, position) VALUES (550,201,2);
INSERT INTO etapes (id_itineraire, id_checkpoint, position) VALUES (550,252,3);
INSERT INTO etapes (id_itineraire, id_checkpoint, position) VALUES (550,15,4);
INSERT INTO etapes (id_itineraire, id_checkpoint, position) VALUES (550,29,5);
INSERT INTO etapes (id_itineraire, id_checkpoint, position) VALUES (550,107,6);

INSERT INTO itineraire (id, nom, distance) VALUES (551, 'itineraire numero 551',0.058442659491671385);
INSERT INTO etapes (id_itineraire, id_checkpoint, position) VALUES (551,179,0);
INSERT INTO etapes (id_itineraire, id_checkpoint, position) VALUES (551,108,1);
INSERT INTO etapes (id_itineraire, id_checkpoint, position) VALUES (551,29,2);
INSERT INTO etapes (id_itineraire, id_checkpoint, position) VALUES (551,16,3);
INSERT INTO etapes (id_itineraire, id_checkpoint, position) VALUES (551,256,4);
INSERT INTO etapes (id_itineraire, id_checkpoint, position) VALUES (551,138,5);
INSERT INTO etapes (id_itineraire, id_checkpoint, position) VALUES (551,201,6);

INSERT INTO itineraire (id, nom, distance) VALUES (552, 'itineraire numero 552',0.054623222286860396);
INSERT INTO etapes (id_itineraire, id_checkpoint, position) VALUES (552,179,0);
INSERT INTO etapes (id_itineraire, id_checkpoint, position) VALUES (552,138,1);
INSERT INTO etapes (id_itineraire, id_checkpoint, position) VALUES (552,201,2);
INSERT INTO etapes (id_itineraire, id_checkpoint, position) VALUES (552,255,3);
INSERT INTO etapes (id_itineraire, id_checkpoint, position) VALUES (552,15,4);
INSERT INTO etapes (id_itineraire, id_checkpoint, position) VALUES (552,29,5);
INSERT INTO etapes (id_itineraire, id_checkpoint, position) VALUES (552,107,6);

INSERT INTO itineraire (id, nom, distance) VALUES (553, 'itineraire numero 553',0.05527216286262641);
INSERT INTO etapes (id_itineraire, id_checkpoint, position) VALUES (553,138,0);
INSERT INTO etapes (id_itineraire, id_checkpoint, position) VALUES (553,225,1);
INSERT INTO etapes (id_itineraire, id_checkpoint, position) VALUES (553,14,2);
INSERT INTO etapes (id_itineraire, id_checkpoint, position) VALUES (553,16,3);
INSERT INTO etapes (id_itineraire, id_checkpoint, position) VALUES (553,185,4);
INSERT INTO etapes (id_itineraire, id_checkpoint, position) VALUES (553,179,5);
INSERT INTO etapes (id_itineraire, id_checkpoint, position) VALUES (553,22,6);

INSERT INTO itineraire (id, nom, distance) VALUES (554, 'itineraire numero 554',0.05951237089483248);
INSERT INTO etapes (id_itineraire, id_checkpoint, position) VALUES (554,179,0);
INSERT INTO etapes (id_itineraire, id_checkpoint, position) VALUES (554,98,1);
INSERT INTO etapes (id_itineraire, id_checkpoint, position) VALUES (554,14,2);
INSERT INTO etapes (id_itineraire, id_checkpoint, position) VALUES (554,16,3);
INSERT INTO etapes (id_itineraire, id_checkpoint, position) VALUES (554,225,4);
INSERT INTO etapes (id_itineraire, id_checkpoint, position) VALUES (554,138,5);
INSERT INTO etapes (id_itineraire, id_checkpoint, position) VALUES (554,22,6);

INSERT INTO itineraire (id, nom, distance) VALUES (555, 'itineraire numero 555',0.05211350062770735);
INSERT INTO etapes (id_itineraire, id_checkpoint, position) VALUES (555,179,0);
INSERT INTO etapes (id_itineraire, id_checkpoint, position) VALUES (555,108,1);
INSERT INTO etapes (id_itineraire, id_checkpoint, position) VALUES (555,14,2);
INSERT INTO etapes (id_itineraire, id_checkpoint, position) VALUES (555,17,3);
INSERT INTO etapes (id_itineraire, id_checkpoint, position) VALUES (555,225,4);
INSERT INTO etapes (id_itineraire, id_checkpoint, position) VALUES (555,138,5);
INSERT INTO etapes (id_itineraire, id_checkpoint, position) VALUES (555,22,6);

INSERT INTO itineraire (id, nom, distance) VALUES (556, 'itineraire numero 556',0.06428219157780451);
INSERT INTO etapes (id_itineraire, id_checkpoint, position) VALUES (556,138,0);
INSERT INTO etapes (id_itineraire, id_checkpoint, position) VALUES (556,225,1);
INSERT INTO etapes (id_itineraire, id_checkpoint, position) VALUES (556,14,2);
INSERT INTO etapes (id_itineraire, id_checkpoint, position) VALUES (556,17,3);
INSERT INTO etapes (id_itineraire, id_checkpoint, position) VALUES (556,185,4);
INSERT INTO etapes (id_itineraire, id_checkpoint, position) VALUES (556,23,5);
INSERT INTO etapes (id_itineraire, id_checkpoint, position) VALUES (556,179,6);

INSERT INTO itineraire (id, nom, distance) VALUES (557, 'itineraire numero 557',0.05969908837048411);
INSERT INTO etapes (id_itineraire, id_checkpoint, position) VALUES (557,179,0);
INSERT INTO etapes (id_itineraire, id_checkpoint, position) VALUES (557,98,1);
INSERT INTO etapes (id_itineraire, id_checkpoint, position) VALUES (557,14,2);
INSERT INTO etapes (id_itineraire, id_checkpoint, position) VALUES (557,17,3);
INSERT INTO etapes (id_itineraire, id_checkpoint, position) VALUES (557,226,4);
INSERT INTO etapes (id_itineraire, id_checkpoint, position) VALUES (557,138,5);
INSERT INTO etapes (id_itineraire, id_checkpoint, position) VALUES (557,23,6);

INSERT INTO itineraire (id, nom, distance) VALUES (558, 'itineraire numero 558',0.052300218103358984);
INSERT INTO etapes (id_itineraire, id_checkpoint, position) VALUES (558,179,0);
INSERT INTO etapes (id_itineraire, id_checkpoint, position) VALUES (558,108,1);
INSERT INTO etapes (id_itineraire, id_checkpoint, position) VALUES (558,14,2);
INSERT INTO etapes (id_itineraire, id_checkpoint, position) VALUES (558,17,3);
INSERT INTO etapes (id_itineraire, id_checkpoint, position) VALUES (558,226,4);
INSERT INTO etapes (id_itineraire, id_checkpoint, position) VALUES (558,138,5);
INSERT INTO etapes (id_itineraire, id_checkpoint, position) VALUES (558,23,6);

INSERT INTO itineraire (id, nom, distance) VALUES (559, 'itineraire numero 559',0.06821902985615261);
INSERT INTO etapes (id_itineraire, id_checkpoint, position) VALUES (559,179,0);
INSERT INTO etapes (id_itineraire, id_checkpoint, position) VALUES (559,138,1);
INSERT INTO etapes (id_itineraire, id_checkpoint, position) VALUES (559,225,2);
INSERT INTO etapes (id_itineraire, id_checkpoint, position) VALUES (559,29,3);
INSERT INTO etapes (id_itineraire, id_checkpoint, position) VALUES (559,15,4);
INSERT INTO etapes (id_itineraire, id_checkpoint, position) VALUES (559,185,5);
INSERT INTO etapes (id_itineraire, id_checkpoint, position) VALUES (559,23,6);

INSERT INTO itineraire (id, nom, distance) VALUES (560, 'itineraire numero 560',0.0692824972998658);
INSERT INTO etapes (id_itineraire, id_checkpoint, position) VALUES (560,179,0);
INSERT INTO etapes (id_itineraire, id_checkpoint, position) VALUES (560,98,1);
INSERT INTO etapes (id_itineraire, id_checkpoint, position) VALUES (560,29,2);
INSERT INTO etapes (id_itineraire, id_checkpoint, position) VALUES (560,17,3);
INSERT INTO etapes (id_itineraire, id_checkpoint, position) VALUES (560,226,4);
INSERT INTO etapes (id_itineraire, id_checkpoint, position) VALUES (560,138,5);
INSERT INTO etapes (id_itineraire, id_checkpoint, position) VALUES (560,23,6);

INSERT INTO itineraire (id, nom, distance) VALUES (561, 'itineraire numero 561',0.07017550228024909);
INSERT INTO etapes (id_itineraire, id_checkpoint, position) VALUES (561,138,0);
INSERT INTO etapes (id_itineraire, id_checkpoint, position) VALUES (561,225,1);
INSERT INTO etapes (id_itineraire, id_checkpoint, position) VALUES (561,29,2);
INSERT INTO etapes (id_itineraire, id_checkpoint, position) VALUES (561,17,3);
INSERT INTO etapes (id_itineraire, id_checkpoint, position) VALUES (561,107,4);
INSERT INTO etapes (id_itineraire, id_checkpoint, position) VALUES (561,23,5);
INSERT INTO etapes (id_itineraire, id_checkpoint, position) VALUES (561,179,6);

INSERT INTO itineraire (id, nom, distance) VALUES (562, 'itineraire numero 562',0.057141769912943674);
INSERT INTO etapes (id_itineraire, id_checkpoint, position) VALUES (562,179,0);
INSERT INTO etapes (id_itineraire, id_checkpoint, position) VALUES (562,138,1);
INSERT INTO etapes (id_itineraire, id_checkpoint, position) VALUES (562,6,2);
INSERT INTO etapes (id_itineraire, id_checkpoint, position) VALUES (562,17,3);
INSERT INTO etapes (id_itineraire, id_checkpoint, position) VALUES (562,230,4);
INSERT INTO etapes (id_itineraire, id_checkpoint, position) VALUES (562,23,5);
INSERT INTO etapes (id_itineraire, id_checkpoint, position) VALUES (562,271,6);

INSERT INTO itineraire (id, nom, distance) VALUES (563, 'itineraire numero 563',0.051685584850315096);
INSERT INTO etapes (id_itineraire, id_checkpoint, position) VALUES (563,179,0);
INSERT INTO etapes (id_itineraire, id_checkpoint, position) VALUES (563,138,1);
INSERT INTO etapes (id_itineraire, id_checkpoint, position) VALUES (563,6,2);
INSERT INTO etapes (id_itineraire, id_checkpoint, position) VALUES (563,17,3);
INSERT INTO etapes (id_itineraire, id_checkpoint, position) VALUES (563,254,4);
INSERT INTO etapes (id_itineraire, id_checkpoint, position) VALUES (563,23,5);
INSERT INTO etapes (id_itineraire, id_checkpoint, position) VALUES (563,271,6);

INSERT INTO itineraire (id, nom, distance) VALUES (564, 'itineraire numero 564',0.05645027796896088);
INSERT INTO etapes (id_itineraire, id_checkpoint, position) VALUES (564,179,0);
INSERT INTO etapes (id_itineraire, id_checkpoint, position) VALUES (564,138,1);
INSERT INTO etapes (id_itineraire, id_checkpoint, position) VALUES (564,6,2);
INSERT INTO etapes (id_itineraire, id_checkpoint, position) VALUES (564,17,3);
INSERT INTO etapes (id_itineraire, id_checkpoint, position) VALUES (564,253,4);
INSERT INTO etapes (id_itineraire, id_checkpoint, position) VALUES (564,23,5);
INSERT INTO etapes (id_itineraire, id_checkpoint, position) VALUES (564,271,6);

INSERT INTO itineraire (id, nom, distance) VALUES (565, 'itineraire numero 565',0.04576370921290851);
INSERT INTO etapes (id_itineraire, id_checkpoint, position) VALUES (565,179,0);
INSERT INTO etapes (id_itineraire, id_checkpoint, position) VALUES (565,138,1);
INSERT INTO etapes (id_itineraire, id_checkpoint, position) VALUES (565,169,2);
INSERT INTO etapes (id_itineraire, id_checkpoint, position) VALUES (565,308,3);
INSERT INTO etapes (id_itineraire, id_checkpoint, position) VALUES (565,15,4);
INSERT INTO etapes (id_itineraire, id_checkpoint, position) VALUES (565,29,5);
INSERT INTO etapes (id_itineraire, id_checkpoint, position) VALUES (565,86,6);

INSERT INTO itineraire (id, nom, distance) VALUES (566, 'itineraire numero 566',0.05090641924068719);
INSERT INTO etapes (id_itineraire, id_checkpoint, position) VALUES (566,179,0);
INSERT INTO etapes (id_itineraire, id_checkpoint, position) VALUES (566,272,1);
INSERT INTO etapes (id_itineraire, id_checkpoint, position) VALUES (566,14,2);
INSERT INTO etapes (id_itineraire, id_checkpoint, position) VALUES (566,17,3);
INSERT INTO etapes (id_itineraire, id_checkpoint, position) VALUES (566,185,4);
INSERT INTO etapes (id_itineraire, id_checkpoint, position) VALUES (566,270,5);
INSERT INTO etapes (id_itineraire, id_checkpoint, position) VALUES (566,138,6);

INSERT INTO itineraire (id, nom, distance) VALUES (567, 'itineraire numero 567',0.06516861740610354);
INSERT INTO etapes (id_itineraire, id_checkpoint, position) VALUES (567,138,0);
INSERT INTO etapes (id_itineraire, id_checkpoint, position) VALUES (567,179,1);
INSERT INTO etapes (id_itineraire, id_checkpoint, position) VALUES (567,96,2);
INSERT INTO etapes (id_itineraire, id_checkpoint, position) VALUES (567,29,3);
INSERT INTO etapes (id_itineraire, id_checkpoint, position) VALUES (567,15,4);
INSERT INTO etapes (id_itineraire, id_checkpoint, position) VALUES (567,272,5);
INSERT INTO etapes (id_itineraire, id_checkpoint, position) VALUES (567,270,6);

INSERT INTO itineraire (id, nom, distance) VALUES (568, 'itineraire numero 568',0.06455609859767159);
INSERT INTO etapes (id_itineraire, id_checkpoint, position) VALUES (568,179,0);
INSERT INTO etapes (id_itineraire, id_checkpoint, position) VALUES (568,138,1);
INSERT INTO etapes (id_itineraire, id_checkpoint, position) VALUES (568,272,2);
INSERT INTO etapes (id_itineraire, id_checkpoint, position) VALUES (568,17,3);
INSERT INTO etapes (id_itineraire, id_checkpoint, position) VALUES (568,29,4);
INSERT INTO etapes (id_itineraire, id_checkpoint, position) VALUES (568,107,5);
INSERT INTO etapes (id_itineraire, id_checkpoint, position) VALUES (568,270,6);

INSERT INTO itineraire (id, nom, distance) VALUES (569, 'itineraire numero 569',0.06493269170622092);
INSERT INTO etapes (id_itineraire, id_checkpoint, position) VALUES (569,179,0);
INSERT INTO etapes (id_itineraire, id_checkpoint, position) VALUES (569,138,1);
INSERT INTO etapes (id_itineraire, id_checkpoint, position) VALUES (569,225,2);
INSERT INTO etapes (id_itineraire, id_checkpoint, position) VALUES (569,29,3);
INSERT INTO etapes (id_itineraire, id_checkpoint, position) VALUES (569,16,4);
INSERT INTO etapes (id_itineraire, id_checkpoint, position) VALUES (569,185,5);
INSERT INTO etapes (id_itineraire, id_checkpoint, position) VALUES (569,270,6);

INSERT INTO itineraire (id, nom, distance) VALUES (570, 'itineraire numero 570',0.05477847818652047);
INSERT INTO etapes (id_itineraire, id_checkpoint, position) VALUES (570,179,0);
INSERT INTO etapes (id_itineraire, id_checkpoint, position) VALUES (570,138,1);
INSERT INTO etapes (id_itineraire, id_checkpoint, position) VALUES (570,6,2);
INSERT INTO etapes (id_itineraire, id_checkpoint, position) VALUES (570,17,3);
INSERT INTO etapes (id_itineraire, id_checkpoint, position) VALUES (570,230,4);
INSERT INTO etapes (id_itineraire, id_checkpoint, position) VALUES (570,270,5);
INSERT INTO etapes (id_itineraire, id_checkpoint, position) VALUES (570,271,6);

INSERT INTO itineraire (id, nom, distance) VALUES (571, 'itineraire numero 571',0.07071663653886733);
INSERT INTO etapes (id_itineraire, id_checkpoint, position) VALUES (571,138,0);
INSERT INTO etapes (id_itineraire, id_checkpoint, position) VALUES (571,179,1);
INSERT INTO etapes (id_itineraire, id_checkpoint, position) VALUES (571,46,2);
INSERT INTO etapes (id_itineraire, id_checkpoint, position) VALUES (571,27,3);
INSERT INTO etapes (id_itineraire, id_checkpoint, position) VALUES (571,16,4);
INSERT INTO etapes (id_itineraire, id_checkpoint, position) VALUES (571,185,5);
INSERT INTO etapes (id_itineraire, id_checkpoint, position) VALUES (571,270,6);

INSERT INTO itineraire (id, nom, distance) VALUES (572, 'itineraire numero 572',0.06793027986687876);
INSERT INTO etapes (id_itineraire, id_checkpoint, position) VALUES (572,138,0);
INSERT INTO etapes (id_itineraire, id_checkpoint, position) VALUES (572,179,1);
INSERT INTO etapes (id_itineraire, id_checkpoint, position) VALUES (572,46,2);
INSERT INTO etapes (id_itineraire, id_checkpoint, position) VALUES (572,27,3);
INSERT INTO etapes (id_itineraire, id_checkpoint, position) VALUES (572,16,4);
INSERT INTO etapes (id_itineraire, id_checkpoint, position) VALUES (572,107,5);
INSERT INTO etapes (id_itineraire, id_checkpoint, position) VALUES (572,270,6);

INSERT INTO itineraire (id, nom, distance) VALUES (573, 'itineraire numero 573',0.06376939629401063);
INSERT INTO etapes (id_itineraire, id_checkpoint, position) VALUES (573,179,0);
INSERT INTO etapes (id_itineraire, id_checkpoint, position) VALUES (573,138,1);
INSERT INTO etapes (id_itineraire, id_checkpoint, position) VALUES (573,230,2);
INSERT INTO etapes (id_itineraire, id_checkpoint, position) VALUES (573,27,3);
INSERT INTO etapes (id_itineraire, id_checkpoint, position) VALUES (573,16,4);
INSERT INTO etapes (id_itineraire, id_checkpoint, position) VALUES (573,185,5);
INSERT INTO etapes (id_itineraire, id_checkpoint, position) VALUES (573,270,6);

INSERT INTO itineraire (id, nom, distance) VALUES (574, 'itineraire numero 574',0.06526278915775408);
INSERT INTO etapes (id_itineraire, id_checkpoint, position) VALUES (574,138,0);
INSERT INTO etapes (id_itineraire, id_checkpoint, position) VALUES (574,179,1);
INSERT INTO etapes (id_itineraire, id_checkpoint, position) VALUES (574,96,2);
INSERT INTO etapes (id_itineraire, id_checkpoint, position) VALUES (574,27,3);
INSERT INTO etapes (id_itineraire, id_checkpoint, position) VALUES (574,16,4);
INSERT INTO etapes (id_itineraire, id_checkpoint, position) VALUES (574,230,5);
INSERT INTO etapes (id_itineraire, id_checkpoint, position) VALUES (574,270,6);

INSERT INTO itineraire (id, nom, distance) VALUES (575, 'itineraire numero 575',0.06049795949001013);
INSERT INTO etapes (id_itineraire, id_checkpoint, position) VALUES (575,138,0);
INSERT INTO etapes (id_itineraire, id_checkpoint, position) VALUES (575,179,1);
INSERT INTO etapes (id_itineraire, id_checkpoint, position) VALUES (575,96,2);
INSERT INTO etapes (id_itineraire, id_checkpoint, position) VALUES (575,27,3);
INSERT INTO etapes (id_itineraire, id_checkpoint, position) VALUES (575,16,4);
INSERT INTO etapes (id_itineraire, id_checkpoint, position) VALUES (575,254,5);
INSERT INTO etapes (id_itineraire, id_checkpoint, position) VALUES (575,270,6);

INSERT INTO itineraire (id, nom, distance) VALUES (576, 'itineraire numero 576',0.05653114797995729);
INSERT INTO etapes (id_itineraire, id_checkpoint, position) VALUES (576,179,0);
INSERT INTO etapes (id_itineraire, id_checkpoint, position) VALUES (576,138,1);
INSERT INTO etapes (id_itineraire, id_checkpoint, position) VALUES (576,24,2);
INSERT INTO etapes (id_itineraire, id_checkpoint, position) VALUES (576,185,3);
INSERT INTO etapes (id_itineraire, id_checkpoint, position) VALUES (576,16,4);
INSERT INTO etapes (id_itineraire, id_checkpoint, position) VALUES (576,225,5);
INSERT INTO etapes (id_itineraire, id_checkpoint, position) VALUES (576,32,6);

INSERT INTO itineraire (id, nom, distance) VALUES (577, 'itineraire numero 577',0.05232203916426841);
INSERT INTO etapes (id_itineraire, id_checkpoint, position) VALUES (577,179,0);
INSERT INTO etapes (id_itineraire, id_checkpoint, position) VALUES (577,138,1);
INSERT INTO etapes (id_itineraire, id_checkpoint, position) VALUES (577,24,2);
INSERT INTO etapes (id_itineraire, id_checkpoint, position) VALUES (577,107,3);
INSERT INTO etapes (id_itineraire, id_checkpoint, position) VALUES (577,16,4);
INSERT INTO etapes (id_itineraire, id_checkpoint, position) VALUES (577,225,5);
INSERT INTO etapes (id_itineraire, id_checkpoint, position) VALUES (577,125,6);

INSERT INTO itineraire (id, nom, distance) VALUES (578, 'itineraire numero 578',0.0588668855596645);
INSERT INTO etapes (id_itineraire, id_checkpoint, position) VALUES (578,179,0);
INSERT INTO etapes (id_itineraire, id_checkpoint, position) VALUES (578,271,1);
INSERT INTO etapes (id_itineraire, id_checkpoint, position) VALUES (578,24,2);
INSERT INTO etapes (id_itineraire, id_checkpoint, position) VALUES (578,254,3);
INSERT INTO etapes (id_itineraire, id_checkpoint, position) VALUES (578,16,4);
INSERT INTO etapes (id_itineraire, id_checkpoint, position) VALUES (578,6,5);
INSERT INTO etapes (id_itineraire, id_checkpoint, position) VALUES (578,138,6);

INSERT INTO itineraire (id, nom, distance) VALUES (579, 'itineraire numero 579',0.06361849591033872);
INSERT INTO etapes (id_itineraire, id_checkpoint, position) VALUES (579,179,0);
INSERT INTO etapes (id_itineraire, id_checkpoint, position) VALUES (579,271,1);
INSERT INTO etapes (id_itineraire, id_checkpoint, position) VALUES (579,24,2);
INSERT INTO etapes (id_itineraire, id_checkpoint, position) VALUES (579,253,3);
INSERT INTO etapes (id_itineraire, id_checkpoint, position) VALUES (579,16,4);
INSERT INTO etapes (id_itineraire, id_checkpoint, position) VALUES (579,6,5);
INSERT INTO etapes (id_itineraire, id_checkpoint, position) VALUES (579,138,6);

INSERT INTO itineraire (id, nom, distance) VALUES (580, 'itineraire numero 580',0.0578246096797389);
INSERT INTO etapes (id_itineraire, id_checkpoint, position) VALUES (580,179,0);
INSERT INTO etapes (id_itineraire, id_checkpoint, position) VALUES (580,271,1);
INSERT INTO etapes (id_itineraire, id_checkpoint, position) VALUES (580,24,2);
INSERT INTO etapes (id_itineraire, id_checkpoint, position) VALUES (580,254,3);
INSERT INTO etapes (id_itineraire, id_checkpoint, position) VALUES (580,16,4);
INSERT INTO etapes (id_itineraire, id_checkpoint, position) VALUES (580,117,5);
INSERT INTO etapes (id_itineraire, id_checkpoint, position) VALUES (580,138,6);

INSERT INTO itineraire (id, nom, distance) VALUES (581, 'itineraire numero 581',0.06257622003041312);
INSERT INTO etapes (id_itineraire, id_checkpoint, position) VALUES (581,179,0);
INSERT INTO etapes (id_itineraire, id_checkpoint, position) VALUES (581,271,1);
INSERT INTO etapes (id_itineraire, id_checkpoint, position) VALUES (581,24,2);
INSERT INTO etapes (id_itineraire, id_checkpoint, position) VALUES (581,253,3);
INSERT INTO etapes (id_itineraire, id_checkpoint, position) VALUES (581,16,4);
INSERT INTO etapes (id_itineraire, id_checkpoint, position) VALUES (581,117,5);
INSERT INTO etapes (id_itineraire, id_checkpoint, position) VALUES (581,138,6);

INSERT INTO itineraire (id, nom, distance) VALUES (582, 'itineraire numero 582',0.07419005718383792);
INSERT INTO etapes (id_itineraire, id_checkpoint, position) VALUES (582,138,0);
INSERT INTO etapes (id_itineraire, id_checkpoint, position) VALUES (582,179,1);
INSERT INTO etapes (id_itineraire, id_checkpoint, position) VALUES (582,46,2);
INSERT INTO etapes (id_itineraire, id_checkpoint, position) VALUES (582,27,3);
INSERT INTO etapes (id_itineraire, id_checkpoint, position) VALUES (582,17,4);
INSERT INTO etapes (id_itineraire, id_checkpoint, position) VALUES (582,185,5);
INSERT INTO etapes (id_itineraire, id_checkpoint, position) VALUES (582,24,6);

INSERT INTO itineraire (id, nom, distance) VALUES (583, 'itineraire numero 583',0.07099212149793335);
INSERT INTO etapes (id_itineraire, id_checkpoint, position) VALUES (583,138,0);
INSERT INTO etapes (id_itineraire, id_checkpoint, position) VALUES (583,179,1);
INSERT INTO etapes (id_itineraire, id_checkpoint, position) VALUES (583,46,2);
INSERT INTO etapes (id_itineraire, id_checkpoint, position) VALUES (583,33,3);
INSERT INTO etapes (id_itineraire, id_checkpoint, position) VALUES (583,17,4);
INSERT INTO etapes (id_itineraire, id_checkpoint, position) VALUES (583,107,5);
INSERT INTO etapes (id_itineraire, id_checkpoint, position) VALUES (583,24,6);

INSERT INTO itineraire (id, nom, distance) VALUES (584, 'itineraire numero 584',0.07567775324662977);
INSERT INTO etapes (id_itineraire, id_checkpoint, position) VALUES (584,138,0);
INSERT INTO etapes (id_itineraire, id_checkpoint, position) VALUES (584,179,1);
INSERT INTO etapes (id_itineraire, id_checkpoint, position) VALUES (584,46,2);
INSERT INTO etapes (id_itineraire, id_checkpoint, position) VALUES (584,29,3);
INSERT INTO etapes (id_itineraire, id_checkpoint, position) VALUES (584,17,4);
INSERT INTO etapes (id_itineraire, id_checkpoint, position) VALUES (584,185,5);
INSERT INTO etapes (id_itineraire, id_checkpoint, position) VALUES (584,24,6);

INSERT INTO itineraire (id, nom, distance) VALUES (585, 'itineraire numero 585',0.07146864443094089);
INSERT INTO etapes (id_itineraire, id_checkpoint, position) VALUES (585,138,0);
INSERT INTO etapes (id_itineraire, id_checkpoint, position) VALUES (585,179,1);
INSERT INTO etapes (id_itineraire, id_checkpoint, position) VALUES (585,46,2);
INSERT INTO etapes (id_itineraire, id_checkpoint, position) VALUES (585,29,3);
INSERT INTO etapes (id_itineraire, id_checkpoint, position) VALUES (585,17,4);
INSERT INTO etapes (id_itineraire, id_checkpoint, position) VALUES (585,107,5);
INSERT INTO etapes (id_itineraire, id_checkpoint, position) VALUES (585,24,6);

INSERT INTO itineraire (id, nom, distance) VALUES (586, 'itineraire numero 586',0.06877177683374706);
INSERT INTO etapes (id_itineraire, id_checkpoint, position) VALUES (586,179,0);
INSERT INTO etapes (id_itineraire, id_checkpoint, position) VALUES (586,138,1);
INSERT INTO etapes (id_itineraire, id_checkpoint, position) VALUES (586,225,2);
INSERT INTO etapes (id_itineraire, id_checkpoint, position) VALUES (586,29,3);
INSERT INTO etapes (id_itineraire, id_checkpoint, position) VALUES (586,17,4);
INSERT INTO etapes (id_itineraire, id_checkpoint, position) VALUES (586,272,5);
INSERT INTO etapes (id_itineraire, id_checkpoint, position) VALUES (586,271,6);

INSERT INTO itineraire (id, nom, distance) VALUES (587, 'itineraire numero 587',0.06877122169759087);
INSERT INTO etapes (id_itineraire, id_checkpoint, position) VALUES (587,179,0);
INSERT INTO etapes (id_itineraire, id_checkpoint, position) VALUES (587,138,1);
INSERT INTO etapes (id_itineraire, id_checkpoint, position) VALUES (587,225,2);
INSERT INTO etapes (id_itineraire, id_checkpoint, position) VALUES (587,29,3);
INSERT INTO etapes (id_itineraire, id_checkpoint, position) VALUES (587,17,4);
INSERT INTO etapes (id_itineraire, id_checkpoint, position) VALUES (587,272,5);
INSERT INTO etapes (id_itineraire, id_checkpoint, position) VALUES (587,308,6);

INSERT INTO itineraire (id, nom, distance) VALUES (588, 'itineraire numero 588',0.056525194250905984);
INSERT INTO etapes (id_itineraire, id_checkpoint, position) VALUES (588,179,0);
INSERT INTO etapes (id_itineraire, id_checkpoint, position) VALUES (588,185,1);
INSERT INTO etapes (id_itineraire, id_checkpoint, position) VALUES (588,225,2);
INSERT INTO etapes (id_itineraire, id_checkpoint, position) VALUES (588,29,3);
INSERT INTO etapes (id_itineraire, id_checkpoint, position) VALUES (588,17,4);
INSERT INTO etapes (id_itineraire, id_checkpoint, position) VALUES (588,272,5);
INSERT INTO etapes (id_itineraire, id_checkpoint, position) VALUES (588,138,6);

INSERT INTO itineraire (id, nom, distance) VALUES (589, 'itineraire numero 589',0.062360171220416094);
INSERT INTO etapes (id_itineraire, id_checkpoint, position) VALUES (589,179,0);
INSERT INTO etapes (id_itineraire, id_checkpoint, position) VALUES (589,138,1);
INSERT INTO etapes (id_itineraire, id_checkpoint, position) VALUES (589,225,2);
INSERT INTO etapes (id_itineraire, id_checkpoint, position) VALUES (589,29,3);
INSERT INTO etapes (id_itineraire, id_checkpoint, position) VALUES (589,17,4);
INSERT INTO etapes (id_itineraire, id_checkpoint, position) VALUES (589,97,5);
INSERT INTO etapes (id_itineraire, id_checkpoint, position) VALUES (589,272,6);

INSERT INTO itineraire (id, nom, distance) VALUES (590, 'itineraire numero 590',0.05497100977563986);
INSERT INTO etapes (id_itineraire, id_checkpoint, position) VALUES (590,179,0);
INSERT INTO etapes (id_itineraire, id_checkpoint, position) VALUES (590,138,1);
INSERT INTO etapes (id_itineraire, id_checkpoint, position) VALUES (590,226,2);
INSERT INTO etapes (id_itineraire, id_checkpoint, position) VALUES (590,29,3);
INSERT INTO etapes (id_itineraire, id_checkpoint, position) VALUES (590,17,4);
INSERT INTO etapes (id_itineraire, id_checkpoint, position) VALUES (590,107,5);
INSERT INTO etapes (id_itineraire, id_checkpoint, position) VALUES (590,272,6);

INSERT INTO itineraire (id, nom, distance) VALUES (591, 'itineraire numero 591',0.05827078981084674);
INSERT INTO etapes (id_itineraire, id_checkpoint, position) VALUES (591,138,0);
INSERT INTO etapes (id_itineraire, id_checkpoint, position) VALUES (591,179,1);
INSERT INTO etapes (id_itineraire, id_checkpoint, position) VALUES (591,271,2);
INSERT INTO etapes (id_itineraire, id_checkpoint, position) VALUES (591,254,3);
INSERT INTO etapes (id_itineraire, id_checkpoint, position) VALUES (591,17,4);
INSERT INTO etapes (id_itineraire, id_checkpoint, position) VALUES (591,6,5);
INSERT INTO etapes (id_itineraire, id_checkpoint, position) VALUES (591,272,6);

INSERT INTO itineraire (id, nom, distance) VALUES (592, 'itineraire numero 592',0.062187491758250626);
INSERT INTO etapes (id_itineraire, id_checkpoint, position) VALUES (592,138,0);
INSERT INTO etapes (id_itineraire, id_checkpoint, position) VALUES (592,179,1);
INSERT INTO etapes (id_itineraire, id_checkpoint, position) VALUES (592,271,2);
INSERT INTO etapes (id_itineraire, id_checkpoint, position) VALUES (592,253,3);
INSERT INTO etapes (id_itineraire, id_checkpoint, position) VALUES (592,17,4);
INSERT INTO etapes (id_itineraire, id_checkpoint, position) VALUES (592,6,5);
INSERT INTO etapes (id_itineraire, id_checkpoint, position) VALUES (592,272,6);

INSERT INTO itineraire (id, nom, distance) VALUES (593, 'itineraire numero 593',0.05757333177216641);
INSERT INTO etapes (id_itineraire, id_checkpoint, position) VALUES (593,138,0);
INSERT INTO etapes (id_itineraire, id_checkpoint, position) VALUES (593,179,1);
INSERT INTO etapes (id_itineraire, id_checkpoint, position) VALUES (593,271,2);
INSERT INTO etapes (id_itineraire, id_checkpoint, position) VALUES (593,254,3);
INSERT INTO etapes (id_itineraire, id_checkpoint, position) VALUES (593,17,4);
INSERT INTO etapes (id_itineraire, id_checkpoint, position) VALUES (593,117,5);
INSERT INTO etapes (id_itineraire, id_checkpoint, position) VALUES (593,272,6);

INSERT INTO itineraire (id, nom, distance) VALUES (594, 'itineraire numero 594',0.04790279930887868);
INSERT INTO etapes (id_itineraire, id_checkpoint, position) VALUES (594,32,0);
INSERT INTO etapes (id_itineraire, id_checkpoint, position) VALUES (594,98,1);
INSERT INTO etapes (id_itineraire, id_checkpoint, position) VALUES (594,201,2);
INSERT INTO etapes (id_itineraire, id_checkpoint, position) VALUES (594,179,3);
INSERT INTO etapes (id_itineraire, id_checkpoint, position) VALUES (594,23,4);
INSERT INTO etapes (id_itineraire, id_checkpoint, position) VALUES (594,270,5);
INSERT INTO etapes (id_itineraire, id_checkpoint, position) VALUES (594,138,6);

INSERT INTO itineraire (id, nom, distance) VALUES (595, 'itineraire numero 595',0.04740875121092755);
INSERT INTO etapes (id_itineraire, id_checkpoint, position) VALUES (595,32,0);
INSERT INTO etapes (id_itineraire, id_checkpoint, position) VALUES (595,108,1);
INSERT INTO etapes (id_itineraire, id_checkpoint, position) VALUES (595,201,2);
INSERT INTO etapes (id_itineraire, id_checkpoint, position) VALUES (595,179,3);
INSERT INTO etapes (id_itineraire, id_checkpoint, position) VALUES (595,23,4);
INSERT INTO etapes (id_itineraire, id_checkpoint, position) VALUES (595,270,5);
INSERT INTO etapes (id_itineraire, id_checkpoint, position) VALUES (595,138,6);

INSERT INTO itineraire (id, nom, distance) VALUES (596, 'itineraire numero 596',0.05903532119541053);
INSERT INTO etapes (id_itineraire, id_checkpoint, position) VALUES (596,32,0);
INSERT INTO etapes (id_itineraire, id_checkpoint, position) VALUES (596,308,1);
INSERT INTO etapes (id_itineraire, id_checkpoint, position) VALUES (596,169,2);
INSERT INTO etapes (id_itineraire, id_checkpoint, position) VALUES (596,201,3);
INSERT INTO etapes (id_itineraire, id_checkpoint, position) VALUES (596,179,4);
INSERT INTO etapes (id_itineraire, id_checkpoint, position) VALUES (596,214,5);
INSERT INTO etapes (id_itineraire, id_checkpoint, position) VALUES (596,138,6);

INSERT INTO itineraire (id, nom, distance) VALUES (597, 'itineraire numero 597',0.05390557123831094);
INSERT INTO etapes (id_itineraire, id_checkpoint, position) VALUES (597,169,0);
INSERT INTO etapes (id_itineraire, id_checkpoint, position) VALUES (597,138,1);
INSERT INTO etapes (id_itineraire, id_checkpoint, position) VALUES (597,214,2);
INSERT INTO etapes (id_itineraire, id_checkpoint, position) VALUES (597,201,3);
INSERT INTO etapes (id_itineraire, id_checkpoint, position) VALUES (597,179,4);
INSERT INTO etapes (id_itineraire, id_checkpoint, position) VALUES (597,97,5);
INSERT INTO etapes (id_itineraire, id_checkpoint, position) VALUES (597,125,6);

INSERT INTO itineraire (id, nom, distance) VALUES (598, 'itineraire numero 598',0.05397124598671475);
INSERT INTO etapes (id_itineraire, id_checkpoint, position) VALUES (598,169,0);
INSERT INTO etapes (id_itineraire, id_checkpoint, position) VALUES (598,138,1);
INSERT INTO etapes (id_itineraire, id_checkpoint, position) VALUES (598,214,2);
INSERT INTO etapes (id_itineraire, id_checkpoint, position) VALUES (598,201,3);
INSERT INTO etapes (id_itineraire, id_checkpoint, position) VALUES (598,179,4);
INSERT INTO etapes (id_itineraire, id_checkpoint, position) VALUES (598,108,5);
INSERT INTO etapes (id_itineraire, id_checkpoint, position) VALUES (598,125,6);

INSERT INTO itineraire (id, nom, distance) VALUES (599, 'itineraire numero 599',0.04059294552006238);
INSERT INTO etapes (id_itineraire, id_checkpoint, position) VALUES (599,169,0);
INSERT INTO etapes (id_itineraire, id_checkpoint, position) VALUES (599,180,1);
INSERT INTO etapes (id_itineraire, id_checkpoint, position) VALUES (599,201,2);
INSERT INTO etapes (id_itineraire, id_checkpoint, position) VALUES (599,179,3);
INSERT INTO etapes (id_itineraire, id_checkpoint, position) VALUES (599,138,4);
INSERT INTO etapes (id_itineraire, id_checkpoint, position) VALUES (599,308,5);
INSERT INTO etapes (id_itineraire, id_checkpoint, position) VALUES (599,125,6);

INSERT INTO itineraire (id, nom, distance) VALUES (600, 'itineraire numero 600',0.05423844503328815);
INSERT INTO etapes (id_itineraire, id_checkpoint, position) VALUES (600,169,0);
INSERT INTO etapes (id_itineraire, id_checkpoint, position) VALUES (600,194,1);
INSERT INTO etapes (id_itineraire, id_checkpoint, position) VALUES (600,201,2);
INSERT INTO etapes (id_itineraire, id_checkpoint, position) VALUES (600,179,3);
INSERT INTO etapes (id_itineraire, id_checkpoint, position) VALUES (600,138,4);
INSERT INTO etapes (id_itineraire, id_checkpoint, position) VALUES (600,308,5);
INSERT INTO etapes (id_itineraire, id_checkpoint, position) VALUES (600,125,6);

INSERT INTO itineraire (id, nom, distance) VALUES (601, 'itineraire numero 601',0.04931646008223852);
INSERT INTO etapes (id_itineraire, id_checkpoint, position) VALUES (601,32,0);
INSERT INTO etapes (id_itineraire, id_checkpoint, position) VALUES (601,85,1);
INSERT INTO etapes (id_itineraire, id_checkpoint, position) VALUES (601,308,2);
INSERT INTO etapes (id_itineraire, id_checkpoint, position) VALUES (601,169,3);
INSERT INTO etapes (id_itineraire, id_checkpoint, position) VALUES (601,201,4);
INSERT INTO etapes (id_itineraire, id_checkpoint, position) VALUES (601,179,5);
INSERT INTO etapes (id_itineraire, id_checkpoint, position) VALUES (601,138,6);

INSERT INTO itineraire (id, nom, distance) VALUES (602, 'itineraire numero 602',0.04519693884226717);
INSERT INTO etapes (id_itineraire, id_checkpoint, position) VALUES (602,32,0);
INSERT INTO etapes (id_itineraire, id_checkpoint, position) VALUES (602,308,1);
INSERT INTO etapes (id_itineraire, id_checkpoint, position) VALUES (602,169,2);
INSERT INTO etapes (id_itineraire, id_checkpoint, position) VALUES (602,201,3);
INSERT INTO etapes (id_itineraire, id_checkpoint, position) VALUES (602,267,4);
INSERT INTO etapes (id_itineraire, id_checkpoint, position) VALUES (602,179,5);
INSERT INTO etapes (id_itineraire, id_checkpoint, position) VALUES (602,138,6);

INSERT INTO itineraire (id, nom, distance) VALUES (603, 'itineraire numero 603',0.04298496444525253);
INSERT INTO etapes (id_itineraire, id_checkpoint, position) VALUES (603,180,0);
INSERT INTO etapes (id_itineraire, id_checkpoint, position) VALUES (603,169,1);
INSERT INTO etapes (id_itineraire, id_checkpoint, position) VALUES (603,201,2);
INSERT INTO etapes (id_itineraire, id_checkpoint, position) VALUES (603,179,3);
INSERT INTO etapes (id_itineraire, id_checkpoint, position) VALUES (603,138,4);
INSERT INTO etapes (id_itineraire, id_checkpoint, position) VALUES (603,97,5);
INSERT INTO etapes (id_itineraire, id_checkpoint, position) VALUES (603,125,6);

INSERT INTO itineraire (id, nom, distance) VALUES (604, 'itineraire numero 604',0.0423220341121793);
INSERT INTO etapes (id_itineraire, id_checkpoint, position) VALUES (604,180,0);
INSERT INTO etapes (id_itineraire, id_checkpoint, position) VALUES (604,169,1);
INSERT INTO etapes (id_itineraire, id_checkpoint, position) VALUES (604,138,2);
INSERT INTO etapes (id_itineraire, id_checkpoint, position) VALUES (604,201,3);
INSERT INTO etapes (id_itineraire, id_checkpoint, position) VALUES (604,179,4);
INSERT INTO etapes (id_itineraire, id_checkpoint, position) VALUES (604,108,5);
INSERT INTO etapes (id_itineraire, id_checkpoint, position) VALUES (604,125,6);

INSERT INTO itineraire (id, nom, distance) VALUES (605, 'itineraire numero 605',0.051731338427093626);
INSERT INTO etapes (id_itineraire, id_checkpoint, position) VALUES (605,194,0);
INSERT INTO etapes (id_itineraire, id_checkpoint, position) VALUES (605,169,1);
INSERT INTO etapes (id_itineraire, id_checkpoint, position) VALUES (605,138,2);
INSERT INTO etapes (id_itineraire, id_checkpoint, position) VALUES (605,201,3);
INSERT INTO etapes (id_itineraire, id_checkpoint, position) VALUES (605,179,4);
INSERT INTO etapes (id_itineraire, id_checkpoint, position) VALUES (605,97,5);
INSERT INTO etapes (id_itineraire, id_checkpoint, position) VALUES (605,125,6);

INSERT INTO itineraire (id, nom, distance) VALUES (606, 'itineraire numero 606',0.049301745541664624);
INSERT INTO etapes (id_itineraire, id_checkpoint, position) VALUES (606,125,0);
INSERT INTO etapes (id_itineraire, id_checkpoint, position) VALUES (606,85,1);
INSERT INTO etapes (id_itineraire, id_checkpoint, position) VALUES (606,97,2);
INSERT INTO etapes (id_itineraire, id_checkpoint, position) VALUES (606,201,3);
INSERT INTO etapes (id_itineraire, id_checkpoint, position) VALUES (606,169,4);
INSERT INTO etapes (id_itineraire, id_checkpoint, position) VALUES (606,179,5);
INSERT INTO etapes (id_itineraire, id_checkpoint, position) VALUES (606,138,6);

INSERT INTO itineraire (id, nom, distance) VALUES (607, 'itineraire numero 607',0.038083224766911415);
INSERT INTO etapes (id_itineraire, id_checkpoint, position) VALUES (607,125,0);
INSERT INTO etapes (id_itineraire, id_checkpoint, position) VALUES (607,98,1);
INSERT INTO etapes (id_itineraire, id_checkpoint, position) VALUES (607,169,2);
INSERT INTO etapes (id_itineraire, id_checkpoint, position) VALUES (607,201,3);
INSERT INTO etapes (id_itineraire, id_checkpoint, position) VALUES (607,267,4);
INSERT INTO etapes (id_itineraire, id_checkpoint, position) VALUES (607,179,5);
INSERT INTO etapes (id_itineraire, id_checkpoint, position) VALUES (607,138,6);

INSERT INTO itineraire (id, nom, distance) VALUES (608, 'itineraire numero 608',0.05179701317549745);
INSERT INTO etapes (id_itineraire, id_checkpoint, position) VALUES (608,194,0);
INSERT INTO etapes (id_itineraire, id_checkpoint, position) VALUES (608,169,1);
INSERT INTO etapes (id_itineraire, id_checkpoint, position) VALUES (608,138,2);
INSERT INTO etapes (id_itineraire, id_checkpoint, position) VALUES (608,201,3);
INSERT INTO etapes (id_itineraire, id_checkpoint, position) VALUES (608,179,4);
INSERT INTO etapes (id_itineraire, id_checkpoint, position) VALUES (608,108,5);
INSERT INTO etapes (id_itineraire, id_checkpoint, position) VALUES (608,125,6);

INSERT INTO itineraire (id, nom, distance) VALUES (609, 'itineraire numero 609',0.05173331307279223);
INSERT INTO etapes (id_itineraire, id_checkpoint, position) VALUES (609,125,0);
INSERT INTO etapes (id_itineraire, id_checkpoint, position) VALUES (609,100,1);
INSERT INTO etapes (id_itineraire, id_checkpoint, position) VALUES (609,179,2);
INSERT INTO etapes (id_itineraire, id_checkpoint, position) VALUES (609,169,3);
INSERT INTO etapes (id_itineraire, id_checkpoint, position) VALUES (609,270,4);
INSERT INTO etapes (id_itineraire, id_checkpoint, position) VALUES (609,24,5);
INSERT INTO etapes (id_itineraire, id_checkpoint, position) VALUES (609,138,6);

INSERT INTO itineraire (id, nom, distance) VALUES (610, 'itineraire numero 610',0.051798987821196046);
INSERT INTO etapes (id_itineraire, id_checkpoint, position) VALUES (610,125,0);
INSERT INTO etapes (id_itineraire, id_checkpoint, position) VALUES (610,108,1);
INSERT INTO etapes (id_itineraire, id_checkpoint, position) VALUES (610,179,2);
INSERT INTO etapes (id_itineraire, id_checkpoint, position) VALUES (610,169,3);
INSERT INTO etapes (id_itineraire, id_checkpoint, position) VALUES (610,270,4);
INSERT INTO etapes (id_itineraire, id_checkpoint, position) VALUES (610,24,5);
INSERT INTO etapes (id_itineraire, id_checkpoint, position) VALUES (610,138,6);

INSERT INTO itineraire (id, nom, distance) VALUES (611, 'itineraire numero 611',0.04921071251652092);
INSERT INTO etapes (id_itineraire, id_checkpoint, position) VALUES (611,125,0);
INSERT INTO etapes (id_itineraire, id_checkpoint, position) VALUES (611,100,1);
INSERT INTO etapes (id_itineraire, id_checkpoint, position) VALUES (611,179,2);
INSERT INTO etapes (id_itineraire, id_checkpoint, position) VALUES (611,169,3);
INSERT INTO etapes (id_itineraire, id_checkpoint, position) VALUES (611,270,4);
INSERT INTO etapes (id_itineraire, id_checkpoint, position) VALUES (611,138,5);
INSERT INTO etapes (id_itineraire, id_checkpoint, position) VALUES (611,272,6);

INSERT INTO itineraire (id, nom, distance) VALUES (612, 'itineraire numero 612',0.046878645339810815);
INSERT INTO etapes (id_itineraire, id_checkpoint, position) VALUES (612,125,0);
INSERT INTO etapes (id_itineraire, id_checkpoint, position) VALUES (612,225,1);
INSERT INTO etapes (id_itineraire, id_checkpoint, position) VALUES (612,138,2);
INSERT INTO etapes (id_itineraire, id_checkpoint, position) VALUES (612,179,3);
INSERT INTO etapes (id_itineraire, id_checkpoint, position) VALUES (612,169,4);
INSERT INTO etapes (id_itineraire, id_checkpoint, position) VALUES (612,270,5);
INSERT INTO etapes (id_itineraire, id_checkpoint, position) VALUES (612,271,6);

INSERT INTO itineraire (id, nom, distance) VALUES (613, 'itineraire numero 613',0.044021977681669246);
INSERT INTO etapes (id_itineraire, id_checkpoint, position) VALUES (613,125,0);
INSERT INTO etapes (id_itineraire, id_checkpoint, position) VALUES (613,225,1);
INSERT INTO etapes (id_itineraire, id_checkpoint, position) VALUES (613,185,2);
INSERT INTO etapes (id_itineraire, id_checkpoint, position) VALUES (613,179,3);
INSERT INTO etapes (id_itineraire, id_checkpoint, position) VALUES (613,169,4);
INSERT INTO etapes (id_itineraire, id_checkpoint, position) VALUES (613,270,5);
INSERT INTO etapes (id_itineraire, id_checkpoint, position) VALUES (613,138,6);

INSERT INTO itineraire (id, nom, distance) VALUES (614, 'itineraire numero 614',0.049014506583874705);
INSERT INTO etapes (id_itineraire, id_checkpoint, position) VALUES (614,125,0);
INSERT INTO etapes (id_itineraire, id_checkpoint, position) VALUES (614,225,1);
INSERT INTO etapes (id_itineraire, id_checkpoint, position) VALUES (614,138,2);
INSERT INTO etapes (id_itineraire, id_checkpoint, position) VALUES (614,179,3);
INSERT INTO etapes (id_itineraire, id_checkpoint, position) VALUES (614,169,4);
INSERT INTO etapes (id_itineraire, id_checkpoint, position) VALUES (614,270,5);
INSERT INTO etapes (id_itineraire, id_checkpoint, position) VALUES (614,192,6);

INSERT INTO itineraire (id, nom, distance) VALUES (615, 'itineraire numero 615',0.04892296609017895);
INSERT INTO etapes (id_itineraire, id_checkpoint, position) VALUES (615,125,0);
INSERT INTO etapes (id_itineraire, id_checkpoint, position) VALUES (615,226,1);
INSERT INTO etapes (id_itineraire, id_checkpoint, position) VALUES (615,219,2);
INSERT INTO etapes (id_itineraire, id_checkpoint, position) VALUES (615,179,3);
INSERT INTO etapes (id_itineraire, id_checkpoint, position) VALUES (615,270,4);
INSERT INTO etapes (id_itineraire, id_checkpoint, position) VALUES (615,169,5);
INSERT INTO etapes (id_itineraire, id_checkpoint, position) VALUES (615,138,6);

INSERT INTO itineraire (id, nom, distance) VALUES (616, 'itineraire numero 616',0.06080653146996947);
INSERT INTO etapes (id_itineraire, id_checkpoint, position) VALUES (616,125,0);
INSERT INTO etapes (id_itineraire, id_checkpoint, position) VALUES (616,226,1);
INSERT INTO etapes (id_itineraire, id_checkpoint, position) VALUES (616,138,2);
INSERT INTO etapes (id_itineraire, id_checkpoint, position) VALUES (616,179,3);
INSERT INTO etapes (id_itineraire, id_checkpoint, position) VALUES (616,202,4);
INSERT INTO etapes (id_itineraire, id_checkpoint, position) VALUES (616,270,5);
INSERT INTO etapes (id_itineraire, id_checkpoint, position) VALUES (616,169,6);

INSERT INTO itineraire (id, nom, distance) VALUES (617, 'itineraire numero 617',0.053377785379130474);
INSERT INTO etapes (id_itineraire, id_checkpoint, position) VALUES (617,125,0);
INSERT INTO etapes (id_itineraire, id_checkpoint, position) VALUES (617,226,1);
INSERT INTO etapes (id_itineraire, id_checkpoint, position) VALUES (617,301,2);
INSERT INTO etapes (id_itineraire, id_checkpoint, position) VALUES (617,179,3);
INSERT INTO etapes (id_itineraire, id_checkpoint, position) VALUES (617,270,4);
INSERT INTO etapes (id_itineraire, id_checkpoint, position) VALUES (617,169,5);
INSERT INTO etapes (id_itineraire, id_checkpoint, position) VALUES (617,138,6);

INSERT INTO itineraire (id, nom, distance) VALUES (618, 'itineraire numero 618',0.0630925229865885);
INSERT INTO etapes (id_itineraire, id_checkpoint, position) VALUES (618,27,0);
INSERT INTO etapes (id_itineraire, id_checkpoint, position) VALUES (618,46,1);
INSERT INTO etapes (id_itineraire, id_checkpoint, position) VALUES (618,179,2);
INSERT INTO etapes (id_itineraire, id_checkpoint, position) VALUES (618,271,3);
INSERT INTO etapes (id_itineraire, id_checkpoint, position) VALUES (618,270,4);
INSERT INTO etapes (id_itineraire, id_checkpoint, position) VALUES (618,169,5);
INSERT INTO etapes (id_itineraire, id_checkpoint, position) VALUES (618,138,6);

INSERT INTO itineraire (id, nom, distance) VALUES (619, 'itineraire numero 619',0.055204625600544024);
INSERT INTO etapes (id_itineraire, id_checkpoint, position) VALUES (619,125,0);
INSERT INTO etapes (id_itineraire, id_checkpoint, position) VALUES (619,226,1);
INSERT INTO etapes (id_itineraire, id_checkpoint, position) VALUES (619,138,2);
INSERT INTO etapes (id_itineraire, id_checkpoint, position) VALUES (619,24,3);
INSERT INTO etapes (id_itineraire, id_checkpoint, position) VALUES (619,271,4);
INSERT INTO etapes (id_itineraire, id_checkpoint, position) VALUES (619,169,5);
INSERT INTO etapes (id_itineraire, id_checkpoint, position) VALUES (619,179,6);

INSERT INTO itineraire (id, nom, distance) VALUES (620, 'itineraire numero 620',0.05674118539563504);
INSERT INTO etapes (id_itineraire, id_checkpoint, position) VALUES (620,308,0);
INSERT INTO etapes (id_itineraire, id_checkpoint, position) VALUES (620,30,1);
INSERT INTO etapes (id_itineraire, id_checkpoint, position) VALUES (620,226,2);
INSERT INTO etapes (id_itineraire, id_checkpoint, position) VALUES (620,138,3);
INSERT INTO etapes (id_itineraire, id_checkpoint, position) VALUES (620,24,4);
INSERT INTO etapes (id_itineraire, id_checkpoint, position) VALUES (620,179,5);
INSERT INTO etapes (id_itineraire, id_checkpoint, position) VALUES (620,169,6);

INSERT INTO itineraire (id, nom, distance) VALUES (621, 'itineraire numero 621',0.05318278471320715);
INSERT INTO etapes (id_itineraire, id_checkpoint, position) VALUES (621,125,0);
INSERT INTO etapes (id_itineraire, id_checkpoint, position) VALUES (621,226,1);
INSERT INTO etapes (id_itineraire, id_checkpoint, position) VALUES (621,185,2);
INSERT INTO etapes (id_itineraire, id_checkpoint, position) VALUES (621,24,3);
INSERT INTO etapes (id_itineraire, id_checkpoint, position) VALUES (621,179,4);
INSERT INTO etapes (id_itineraire, id_checkpoint, position) VALUES (621,138,5);
INSERT INTO etapes (id_itineraire, id_checkpoint, position) VALUES (621,169,6);

INSERT INTO itineraire (id, nom, distance) VALUES (622, 'itineraire numero 622',0.047871107398779984);
INSERT INTO etapes (id_itineraire, id_checkpoint, position) VALUES (622,87,0);
INSERT INTO etapes (id_itineraire, id_checkpoint, position) VALUES (622,30,1);
INSERT INTO etapes (id_itineraire, id_checkpoint, position) VALUES (622,226,2);
INSERT INTO etapes (id_itineraire, id_checkpoint, position) VALUES (622,138,3);
INSERT INTO etapes (id_itineraire, id_checkpoint, position) VALUES (622,24,4);
INSERT INTO etapes (id_itineraire, id_checkpoint, position) VALUES (622,179,5);
INSERT INTO etapes (id_itineraire, id_checkpoint, position) VALUES (622,169,6);

INSERT INTO itineraire (id, nom, distance) VALUES (623, 'itineraire numero 623',0.04921622675028921);
INSERT INTO etapes (id_itineraire, id_checkpoint, position) VALUES (623,277,0);
INSERT INTO etapes (id_itineraire, id_checkpoint, position) VALUES (623,179,1);
INSERT INTO etapes (id_itineraire, id_checkpoint, position) VALUES (623,271,2);
INSERT INTO etapes (id_itineraire, id_checkpoint, position) VALUES (623,24,3);
INSERT INTO etapes (id_itineraire, id_checkpoint, position) VALUES (623,138,4);
INSERT INTO etapes (id_itineraire, id_checkpoint, position) VALUES (623,225,5);
INSERT INTO etapes (id_itineraire, id_checkpoint, position) VALUES (623,125,6);

INSERT INTO itineraire (id, nom, distance) VALUES (624, 'itineraire numero 624',0.04857879600087063);
INSERT INTO etapes (id_itineraire, id_checkpoint, position) VALUES (624,125,0);
INSERT INTO etapes (id_itineraire, id_checkpoint, position) VALUES (624,226,1);
INSERT INTO etapes (id_itineraire, id_checkpoint, position) VALUES (624,138,2);
INSERT INTO etapes (id_itineraire, id_checkpoint, position) VALUES (624,24,3);
INSERT INTO etapes (id_itineraire, id_checkpoint, position) VALUES (624,271,4);
INSERT INTO etapes (id_itineraire, id_checkpoint, position) VALUES (624,214,5);
INSERT INTO etapes (id_itineraire, id_checkpoint, position) VALUES (624,179,6);

INSERT INTO itineraire (id, nom, distance) VALUES (625, 'itineraire numero 625',0.051344751252158004);
INSERT INTO etapes (id_itineraire, id_checkpoint, position) VALUES (625,294,0);
INSERT INTO etapes (id_itineraire, id_checkpoint, position) VALUES (625,179,1);
INSERT INTO etapes (id_itineraire, id_checkpoint, position) VALUES (625,271,2);
INSERT INTO etapes (id_itineraire, id_checkpoint, position) VALUES (625,24,3);
INSERT INTO etapes (id_itineraire, id_checkpoint, position) VALUES (625,138,4);
INSERT INTO etapes (id_itineraire, id_checkpoint, position) VALUES (625,225,5);
INSERT INTO etapes (id_itineraire, id_checkpoint, position) VALUES (625,125,6);

INSERT INTO itineraire (id, nom, distance) VALUES (626, 'itineraire numero 626',0.05132047027383412);
INSERT INTO etapes (id_itineraire, id_checkpoint, position) VALUES (626,296,0);
INSERT INTO etapes (id_itineraire, id_checkpoint, position) VALUES (626,179,1);
INSERT INTO etapes (id_itineraire, id_checkpoint, position) VALUES (626,271,2);
INSERT INTO etapes (id_itineraire, id_checkpoint, position) VALUES (626,24,3);
INSERT INTO etapes (id_itineraire, id_checkpoint, position) VALUES (626,138,4);
INSERT INTO etapes (id_itineraire, id_checkpoint, position) VALUES (626,225,5);
INSERT INTO etapes (id_itineraire, id_checkpoint, position) VALUES (626,125,6);

INSERT INTO itineraire (id, nom, distance) VALUES (627, 'itineraire numero 627',0.054543017136648976);
INSERT INTO etapes (id_itineraire, id_checkpoint, position) VALUES (627,125,0);
INSERT INTO etapes (id_itineraire, id_checkpoint, position) VALUES (627,85,1);
INSERT INTO etapes (id_itineraire, id_checkpoint, position) VALUES (627,226,2);
INSERT INTO etapes (id_itineraire, id_checkpoint, position) VALUES (627,138,3);
INSERT INTO etapes (id_itineraire, id_checkpoint, position) VALUES (627,24,4);
INSERT INTO etapes (id_itineraire, id_checkpoint, position) VALUES (627,271,5);
INSERT INTO etapes (id_itineraire, id_checkpoint, position) VALUES (627,179,6);

INSERT INTO itineraire (id, nom, distance) VALUES (628, 'itineraire numero 628',0.05159943146641855);
INSERT INTO etapes (id_itineraire, id_checkpoint, position) VALUES (628,309,0);
INSERT INTO etapes (id_itineraire, id_checkpoint, position) VALUES (628,30,1);
INSERT INTO etapes (id_itineraire, id_checkpoint, position) VALUES (628,226,2);
INSERT INTO etapes (id_itineraire, id_checkpoint, position) VALUES (628,138,3);
INSERT INTO etapes (id_itineraire, id_checkpoint, position) VALUES (628,179,4);
INSERT INTO etapes (id_itineraire, id_checkpoint, position) VALUES (628,24,5);
INSERT INTO etapes (id_itineraire, id_checkpoint, position) VALUES (628,214,6);

INSERT INTO itineraire (id, nom, distance) VALUES (629, 'itineraire numero 629',0.0427293534695635);
INSERT INTO etapes (id_itineraire, id_checkpoint, position) VALUES (629,87,0);
INSERT INTO etapes (id_itineraire, id_checkpoint, position) VALUES (629,30,1);
INSERT INTO etapes (id_itineraire, id_checkpoint, position) VALUES (629,226,2);
INSERT INTO etapes (id_itineraire, id_checkpoint, position) VALUES (629,138,3);
INSERT INTO etapes (id_itineraire, id_checkpoint, position) VALUES (629,179,4);
INSERT INTO etapes (id_itineraire, id_checkpoint, position) VALUES (629,24,5);
INSERT INTO etapes (id_itineraire, id_checkpoint, position) VALUES (629,214,6);

INSERT INTO itineraire (id, nom, distance) VALUES (630, 'itineraire numero 630',0.04636599426998336);
INSERT INTO etapes (id_itineraire, id_checkpoint, position) VALUES (630,225,0);
INSERT INTO etapes (id_itineraire, id_checkpoint, position) VALUES (630,31,1);
INSERT INTO etapes (id_itineraire, id_checkpoint, position) VALUES (630,97,2);
INSERT INTO etapes (id_itineraire, id_checkpoint, position) VALUES (630,179,3);
INSERT INTO etapes (id_itineraire, id_checkpoint, position) VALUES (630,138,4);
INSERT INTO etapes (id_itineraire, id_checkpoint, position) VALUES (630,24,5);
INSERT INTO etapes (id_itineraire, id_checkpoint, position) VALUES (630,214,6);

INSERT INTO itineraire (id, nom, distance) VALUES (631, 'itineraire numero 631',0.04643166901838718);
INSERT INTO etapes (id_itineraire, id_checkpoint, position) VALUES (631,225,0);
INSERT INTO etapes (id_itineraire, id_checkpoint, position) VALUES (631,31,1);
INSERT INTO etapes (id_itineraire, id_checkpoint, position) VALUES (631,107,2);
INSERT INTO etapes (id_itineraire, id_checkpoint, position) VALUES (631,179,3);
INSERT INTO etapes (id_itineraire, id_checkpoint, position) VALUES (631,138,4);
INSERT INTO etapes (id_itineraire, id_checkpoint, position) VALUES (631,24,5);
INSERT INTO etapes (id_itineraire, id_checkpoint, position) VALUES (631,214,6);

INSERT INTO itineraire (id, nom, distance) VALUES (632, 'itineraire numero 632',0.05833567203528972);
INSERT INTO etapes (id_itineraire, id_checkpoint, position) VALUES (632,225,0);
INSERT INTO etapes (id_itineraire, id_checkpoint, position) VALUES (632,27,1);
INSERT INTO etapes (id_itineraire, id_checkpoint, position) VALUES (632,46,2);
INSERT INTO etapes (id_itineraire, id_checkpoint, position) VALUES (632,179,3);
INSERT INTO etapes (id_itineraire, id_checkpoint, position) VALUES (632,271,4);
INSERT INTO etapes (id_itineraire, id_checkpoint, position) VALUES (632,277,5);
INSERT INTO etapes (id_itineraire, id_checkpoint, position) VALUES (632,138,6);

INSERT INTO itineraire (id, nom, distance) VALUES (633, 'itineraire numero 633',0.05840470284000495);
INSERT INTO etapes (id_itineraire, id_checkpoint, position) VALUES (633,225,0);
INSERT INTO etapes (id_itineraire, id_checkpoint, position) VALUES (633,27,1);
INSERT INTO etapes (id_itineraire, id_checkpoint, position) VALUES (633,47,2);
INSERT INTO etapes (id_itineraire, id_checkpoint, position) VALUES (633,179,3);
INSERT INTO etapes (id_itineraire, id_checkpoint, position) VALUES (633,271,4);
INSERT INTO etapes (id_itineraire, id_checkpoint, position) VALUES (633,214,5);
INSERT INTO etapes (id_itineraire, id_checkpoint, position) VALUES (633,138,6);

INSERT INTO itineraire (id, nom, distance) VALUES (634, 'itineraire numero 634',0.06271842675455028);
INSERT INTO etapes (id_itineraire, id_checkpoint, position) VALUES (634,294,0);
INSERT INTO etapes (id_itineraire, id_checkpoint, position) VALUES (634,46,1);
INSERT INTO etapes (id_itineraire, id_checkpoint, position) VALUES (634,27,2);
INSERT INTO etapes (id_itineraire, id_checkpoint, position) VALUES (634,225,3);
INSERT INTO etapes (id_itineraire, id_checkpoint, position) VALUES (634,138,4);
INSERT INTO etapes (id_itineraire, id_checkpoint, position) VALUES (634,179,5);
INSERT INTO etapes (id_itineraire, id_checkpoint, position) VALUES (634,271,6);

INSERT INTO itineraire (id, nom, distance) VALUES (635, 'itineraire numero 635',0.05646221775142357);
INSERT INTO etapes (id_itineraire, id_checkpoint, position) VALUES (635,225,0);
INSERT INTO etapes (id_itineraire, id_checkpoint, position) VALUES (635,27,1);
INSERT INTO etapes (id_itineraire, id_checkpoint, position) VALUES (635,47,2);
INSERT INTO etapes (id_itineraire, id_checkpoint, position) VALUES (635,179,3);
INSERT INTO etapes (id_itineraire, id_checkpoint, position) VALUES (635,271,4);
INSERT INTO etapes (id_itineraire, id_checkpoint, position) VALUES (635,296,5);
INSERT INTO etapes (id_itineraire, id_checkpoint, position) VALUES (635,138,6);

INSERT INTO itineraire (id, nom, distance) VALUES (636, 'itineraire numero 636',0.06068876174260294);
INSERT INTO etapes (id_itineraire, id_checkpoint, position) VALUES (636,225,0);
INSERT INTO etapes (id_itineraire, id_checkpoint, position) VALUES (636,27,1);
INSERT INTO etapes (id_itineraire, id_checkpoint, position) VALUES (636,47,2);
INSERT INTO etapes (id_itineraire, id_checkpoint, position) VALUES (636,189,3);
INSERT INTO etapes (id_itineraire, id_checkpoint, position) VALUES (636,271,4);
INSERT INTO etapes (id_itineraire, id_checkpoint, position) VALUES (636,179,5);
INSERT INTO etapes (id_itineraire, id_checkpoint, position) VALUES (636,138,6);

INSERT INTO itineraire (id, nom, distance) VALUES (637, 'itineraire numero 637',0.06022958676532159);
INSERT INTO etapes (id_itineraire, id_checkpoint, position) VALUES (637,226,0);
INSERT INTO etapes (id_itineraire, id_checkpoint, position) VALUES (637,27,1);
INSERT INTO etapes (id_itineraire, id_checkpoint, position) VALUES (637,47,2);
INSERT INTO etapes (id_itineraire, id_checkpoint, position) VALUES (637,180,3);
INSERT INTO etapes (id_itineraire, id_checkpoint, position) VALUES (637,271,4);
INSERT INTO etapes (id_itineraire, id_checkpoint, position) VALUES (637,179,5);
INSERT INTO etapes (id_itineraire, id_checkpoint, position) VALUES (637,138,6);

INSERT INTO itineraire (id, nom, distance) VALUES (638, 'itineraire numero 638',0.060210276543904824);
INSERT INTO etapes (id_itineraire, id_checkpoint, position) VALUES (638,226,0);
INSERT INTO etapes (id_itineraire, id_checkpoint, position) VALUES (638,27,1);
INSERT INTO etapes (id_itineraire, id_checkpoint, position) VALUES (638,47,2);
INSERT INTO etapes (id_itineraire, id_checkpoint, position) VALUES (638,181,3);
INSERT INTO etapes (id_itineraire, id_checkpoint, position) VALUES (638,271,4);
INSERT INTO etapes (id_itineraire, id_checkpoint, position) VALUES (638,179,5);
INSERT INTO etapes (id_itineraire, id_checkpoint, position) VALUES (638,138,6);

INSERT INTO itineraire (id, nom, distance) VALUES (639, 'itineraire numero 639',0.07343507358359534);
INSERT INTO etapes (id_itineraire, id_checkpoint, position) VALUES (639,226,0);
INSERT INTO etapes (id_itineraire, id_checkpoint, position) VALUES (639,138,1);
INSERT INTO etapes (id_itineraire, id_checkpoint, position) VALUES (639,182,2);
INSERT INTO etapes (id_itineraire, id_checkpoint, position) VALUES (639,271,3);
INSERT INTO etapes (id_itineraire, id_checkpoint, position) VALUES (639,179,4);
INSERT INTO etapes (id_itineraire, id_checkpoint, position) VALUES (639,46,5);
INSERT INTO etapes (id_itineraire, id_checkpoint, position) VALUES (639,27,6);

INSERT INTO itineraire (id, nom, distance) VALUES (640, 'itineraire numero 640',0.07640400556226831);
INSERT INTO etapes (id_itineraire, id_checkpoint, position) VALUES (640,226,0);
INSERT INTO etapes (id_itineraire, id_checkpoint, position) VALUES (640,138,1);
INSERT INTO etapes (id_itineraire, id_checkpoint, position) VALUES (640,297,2);
INSERT INTO etapes (id_itineraire, id_checkpoint, position) VALUES (640,271,3);
INSERT INTO etapes (id_itineraire, id_checkpoint, position) VALUES (640,179,4);
INSERT INTO etapes (id_itineraire, id_checkpoint, position) VALUES (640,46,5);
INSERT INTO etapes (id_itineraire, id_checkpoint, position) VALUES (640,27,6);

INSERT INTO itineraire (id, nom, distance) VALUES (641, 'itineraire numero 641',0.06714245984127905);
INSERT INTO etapes (id_itineraire, id_checkpoint, position) VALUES (641,226,0);
INSERT INTO etapes (id_itineraire, id_checkpoint, position) VALUES (641,138,1);
INSERT INTO etapes (id_itineraire, id_checkpoint, position) VALUES (641,194,2);
INSERT INTO etapes (id_itineraire, id_checkpoint, position) VALUES (641,271,3);
INSERT INTO etapes (id_itineraire, id_checkpoint, position) VALUES (641,179,4);
INSERT INTO etapes (id_itineraire, id_checkpoint, position) VALUES (641,46,5);
INSERT INTO etapes (id_itineraire, id_checkpoint, position) VALUES (641,27,6);

INSERT INTO itineraire (id, nom, distance) VALUES (642, 'itineraire numero 642',0.06759414940008299);
INSERT INTO etapes (id_itineraire, id_checkpoint, position) VALUES (642,226,0);
INSERT INTO etapes (id_itineraire, id_checkpoint, position) VALUES (642,138,1);
INSERT INTO etapes (id_itineraire, id_checkpoint, position) VALUES (642,232,2);
INSERT INTO etapes (id_itineraire, id_checkpoint, position) VALUES (642,271,3);
INSERT INTO etapes (id_itineraire, id_checkpoint, position) VALUES (642,179,4);
INSERT INTO etapes (id_itineraire, id_checkpoint, position) VALUES (642,46,5);
INSERT INTO etapes (id_itineraire, id_checkpoint, position) VALUES (642,27,6);

INSERT INTO itineraire (id, nom, distance) VALUES (643, 'itineraire numero 643',0.0736164105024443);
INSERT INTO etapes (id_itineraire, id_checkpoint, position) VALUES (643,27,0);
INSERT INTO etapes (id_itineraire, id_checkpoint, position) VALUES (643,47,1);
INSERT INTO etapes (id_itineraire, id_checkpoint, position) VALUES (643,71,2);
INSERT INTO etapes (id_itineraire, id_checkpoint, position) VALUES (643,225,3);
INSERT INTO etapes (id_itineraire, id_checkpoint, position) VALUES (643,138,4);
INSERT INTO etapes (id_itineraire, id_checkpoint, position) VALUES (643,179,5);
INSERT INTO etapes (id_itineraire, id_checkpoint, position) VALUES (643,271,6);

INSERT INTO itineraire (id, nom, distance) VALUES (644, 'itineraire numero 644',0.0715470945998489);
INSERT INTO etapes (id_itineraire, id_checkpoint, position) VALUES (644,27,0);
INSERT INTO etapes (id_itineraire, id_checkpoint, position) VALUES (644,47,1);
INSERT INTO etapes (id_itineraire, id_checkpoint, position) VALUES (644,72,2);
INSERT INTO etapes (id_itineraire, id_checkpoint, position) VALUES (644,271,3);
INSERT INTO etapes (id_itineraire, id_checkpoint, position) VALUES (644,179,4);
INSERT INTO etapes (id_itineraire, id_checkpoint, position) VALUES (644,138,5);
INSERT INTO etapes (id_itineraire, id_checkpoint, position) VALUES (644,225,6);

INSERT INTO itineraire (id, nom, distance) VALUES (645, 'itineraire numero 645',0.0658359420448908);
INSERT INTO etapes (id_itineraire, id_checkpoint, position) VALUES (645,138,0);
INSERT INTO etapes (id_itineraire, id_checkpoint, position) VALUES (645,262,1);
INSERT INTO etapes (id_itineraire, id_checkpoint, position) VALUES (645,271,2);
INSERT INTO etapes (id_itineraire, id_checkpoint, position) VALUES (645,179,3);
INSERT INTO etapes (id_itineraire, id_checkpoint, position) VALUES (645,46,4);
INSERT INTO etapes (id_itineraire, id_checkpoint, position) VALUES (645,225,5);
INSERT INTO etapes (id_itineraire, id_checkpoint, position) VALUES (645,27,6);

INSERT INTO itineraire (id, nom, distance) VALUES (646, 'itineraire numero 646',0.06313402089723893);
INSERT INTO etapes (id_itineraire, id_checkpoint, position) VALUES (646,138,0);
INSERT INTO etapes (id_itineraire, id_checkpoint, position) VALUES (646,263,1);
INSERT INTO etapes (id_itineraire, id_checkpoint, position) VALUES (646,271,2);
INSERT INTO etapes (id_itineraire, id_checkpoint, position) VALUES (646,179,3);
INSERT INTO etapes (id_itineraire, id_checkpoint, position) VALUES (646,46,4);
INSERT INTO etapes (id_itineraire, id_checkpoint, position) VALUES (646,27,5);
INSERT INTO etapes (id_itineraire, id_checkpoint, position) VALUES (646,225,6);

INSERT INTO itineraire (id, nom, distance) VALUES (647, 'itineraire numero 647',0.07642324603841635);
INSERT INTO etapes (id_itineraire, id_checkpoint, position) VALUES (647,27,0);
INSERT INTO etapes (id_itineraire, id_checkpoint, position) VALUES (647,230,1);
INSERT INTO etapes (id_itineraire, id_checkpoint, position) VALUES (647,138,2);
INSERT INTO etapes (id_itineraire, id_checkpoint, position) VALUES (647,225,3);
INSERT INTO etapes (id_itineraire, id_checkpoint, position) VALUES (647,189,4);
INSERT INTO etapes (id_itineraire, id_checkpoint, position) VALUES (647,271,5);
INSERT INTO etapes (id_itineraire, id_checkpoint, position) VALUES (647,179,6);

INSERT INTO itineraire (id, nom, distance) VALUES (648, 'itineraire numero 648',0.066988481291523);
INSERT INTO etapes (id_itineraire, id_checkpoint, position) VALUES (648,138,0);
INSERT INTO etapes (id_itineraire, id_checkpoint, position) VALUES (648,230,1);
INSERT INTO etapes (id_itineraire, id_checkpoint, position) VALUES (648,27,2);
INSERT INTO etapes (id_itineraire, id_checkpoint, position) VALUES (648,225,3);
INSERT INTO etapes (id_itineraire, id_checkpoint, position) VALUES (648,297,4);
INSERT INTO etapes (id_itineraire, id_checkpoint, position) VALUES (648,271,5);
INSERT INTO etapes (id_itineraire, id_checkpoint, position) VALUES (648,179,6);

INSERT INTO itineraire (id, nom, distance) VALUES (649, 'itineraire numero 649',0.0657715254002136);
INSERT INTO etapes (id_itineraire, id_checkpoint, position) VALUES (649,138,0);
INSERT INTO etapes (id_itineraire, id_checkpoint, position) VALUES (649,230,1);
INSERT INTO etapes (id_itineraire, id_checkpoint, position) VALUES (649,27,2);
INSERT INTO etapes (id_itineraire, id_checkpoint, position) VALUES (649,225,3);
INSERT INTO etapes (id_itineraire, id_checkpoint, position) VALUES (649,71,4);
INSERT INTO etapes (id_itineraire, id_checkpoint, position) VALUES (649,271,5);
INSERT INTO etapes (id_itineraire, id_checkpoint, position) VALUES (649,179,6);

INSERT INTO itineraire (id, nom, distance) VALUES (650, 'itineraire numero 650',0.06542712055963774);
INSERT INTO etapes (id_itineraire, id_checkpoint, position) VALUES (650,138,0);
INSERT INTO etapes (id_itineraire, id_checkpoint, position) VALUES (650,230,1);
INSERT INTO etapes (id_itineraire, id_checkpoint, position) VALUES (650,27,2);
INSERT INTO etapes (id_itineraire, id_checkpoint, position) VALUES (650,225,3);
INSERT INTO etapes (id_itineraire, id_checkpoint, position) VALUES (650,72,4);
INSERT INTO etapes (id_itineraire, id_checkpoint, position) VALUES (650,271,5);
INSERT INTO etapes (id_itineraire, id_checkpoint, position) VALUES (650,179,6);

INSERT INTO itineraire (id, nom, distance) VALUES (651, 'itineraire numero 651',0.06684674653191819);
INSERT INTO etapes (id_itineraire, id_checkpoint, position) VALUES (651,138,0);
INSERT INTO etapes (id_itineraire, id_checkpoint, position) VALUES (651,230,1);
INSERT INTO etapes (id_itineraire, id_checkpoint, position) VALUES (651,27,2);
INSERT INTO etapes (id_itineraire, id_checkpoint, position) VALUES (651,226,3);
INSERT INTO etapes (id_itineraire, id_checkpoint, position) VALUES (651,262,4);
INSERT INTO etapes (id_itineraire, id_checkpoint, position) VALUES (651,271,5);
INSERT INTO etapes (id_itineraire, id_checkpoint, position) VALUES (651,179,6);

INSERT INTO itineraire (id, nom, distance) VALUES (652, 'itineraire numero 652',0.06648944074817771);
INSERT INTO etapes (id_itineraire, id_checkpoint, position) VALUES (652,138,0);
INSERT INTO etapes (id_itineraire, id_checkpoint, position) VALUES (652,230,1);
INSERT INTO etapes (id_itineraire, id_checkpoint, position) VALUES (652,27,2);
INSERT INTO etapes (id_itineraire, id_checkpoint, position) VALUES (652,226,3);
INSERT INTO etapes (id_itineraire, id_checkpoint, position) VALUES (652,263,4);
INSERT INTO etapes (id_itineraire, id_checkpoint, position) VALUES (652,271,5);
INSERT INTO etapes (id_itineraire, id_checkpoint, position) VALUES (652,179,6);

INSERT INTO itineraire (id, nom, distance) VALUES (653, 'itineraire numero 653',0.08176807235469816);
INSERT INTO etapes (id_itineraire, id_checkpoint, position) VALUES (653,273,0);
INSERT INTO etapes (id_itineraire, id_checkpoint, position) VALUES (653,6,1);
INSERT INTO etapes (id_itineraire, id_checkpoint, position) VALUES (653,138,2);
INSERT INTO etapes (id_itineraire, id_checkpoint, position) VALUES (653,226,3);
INSERT INTO etapes (id_itineraire, id_checkpoint, position) VALUES (653,189,4);
INSERT INTO etapes (id_itineraire, id_checkpoint, position) VALUES (653,271,5);
INSERT INTO etapes (id_itineraire, id_checkpoint, position) VALUES (653,179,6);

INSERT INTO itineraire (id, nom, distance) VALUES (654, 'itineraire numero 654',0.0604849949954576);
INSERT INTO etapes (id_itineraire, id_checkpoint, position) VALUES (654,277,0);
INSERT INTO etapes (id_itineraire, id_checkpoint, position) VALUES (654,179,1);
INSERT INTO etapes (id_itineraire, id_checkpoint, position) VALUES (654,138,2);
INSERT INTO etapes (id_itineraire, id_checkpoint, position) VALUES (654,226,3);
INSERT INTO etapes (id_itineraire, id_checkpoint, position) VALUES (654,46,4);
INSERT INTO etapes (id_itineraire, id_checkpoint, position) VALUES (654,27,5);
INSERT INTO etapes (id_itineraire, id_checkpoint, position) VALUES (654,308,6);

INSERT INTO itineraire (id, nom, distance) VALUES (655, 'itineraire numero 655',0.05566986331383112);
INSERT INTO etapes (id_itineraire, id_checkpoint, position) VALUES (655,277,0);
INSERT INTO etapes (id_itineraire, id_checkpoint, position) VALUES (655,179,1);
INSERT INTO etapes (id_itineraire, id_checkpoint, position) VALUES (655,185,2);
INSERT INTO etapes (id_itineraire, id_checkpoint, position) VALUES (655,46,3);
INSERT INTO etapes (id_itineraire, id_checkpoint, position) VALUES (655,27,4);
INSERT INTO etapes (id_itineraire, id_checkpoint, position) VALUES (655,226,5);
INSERT INTO etapes (id_itineraire, id_checkpoint, position) VALUES (655,138,6);

INSERT INTO itineraire (id, nom, distance) VALUES (656, 'itineraire numero 656',0.057947559469846255);
INSERT INTO etapes (id_itineraire, id_checkpoint, position) VALUES (656,277,0);
INSERT INTO etapes (id_itineraire, id_checkpoint, position) VALUES (656,179,1);
INSERT INTO etapes (id_itineraire, id_checkpoint, position) VALUES (656,47,2);
INSERT INTO etapes (id_itineraire, id_checkpoint, position) VALUES (656,87,3);
INSERT INTO etapes (id_itineraire, id_checkpoint, position) VALUES (656,27,4);
INSERT INTO etapes (id_itineraire, id_checkpoint, position) VALUES (656,226,5);
INSERT INTO etapes (id_itineraire, id_checkpoint, position) VALUES (656,138,6);

INSERT INTO itineraire (id, nom, distance) VALUES (657, 'itineraire numero 657',0.07966233435708296);
INSERT INTO etapes (id_itineraire, id_checkpoint, position) VALUES (657,277,0);
INSERT INTO etapes (id_itineraire, id_checkpoint, position) VALUES (657,100,1);
INSERT INTO etapes (id_itineraire, id_checkpoint, position) VALUES (657,179,2);
INSERT INTO etapes (id_itineraire, id_checkpoint, position) VALUES (657,46,3);
INSERT INTO etapes (id_itineraire, id_checkpoint, position) VALUES (657,27,4);
INSERT INTO etapes (id_itineraire, id_checkpoint, position) VALUES (657,226,5);
INSERT INTO etapes (id_itineraire, id_checkpoint, position) VALUES (657,138,6);

INSERT INTO itineraire (id, nom, distance) VALUES (658, 'itineraire numero 658',0.05394703412378853);
INSERT INTO etapes (id_itineraire, id_checkpoint, position) VALUES (658,179,0);
INSERT INTO etapes (id_itineraire, id_checkpoint, position) VALUES (658,277,1);
INSERT INTO etapes (id_itineraire, id_checkpoint, position) VALUES (658,138,2);
INSERT INTO etapes (id_itineraire, id_checkpoint, position) VALUES (658,226,3);
INSERT INTO etapes (id_itineraire, id_checkpoint, position) VALUES (658,27,4);
INSERT INTO etapes (id_itineraire, id_checkpoint, position) VALUES (658,47,5);
INSERT INTO etapes (id_itineraire, id_checkpoint, position) VALUES (658,51,6);

INSERT INTO itineraire (id, nom, distance) VALUES (659, 'itineraire numero 659',0.05245667208443833);
INSERT INTO etapes (id_itineraire, id_checkpoint, position) VALUES (659,192,0);
INSERT INTO etapes (id_itineraire, id_checkpoint, position) VALUES (659,277,1);
INSERT INTO etapes (id_itineraire, id_checkpoint, position) VALUES (659,179,2);
INSERT INTO etapes (id_itineraire, id_checkpoint, position) VALUES (659,138,3);
INSERT INTO etapes (id_itineraire, id_checkpoint, position) VALUES (659,226,4);
INSERT INTO etapes (id_itineraire, id_checkpoint, position) VALUES (659,27,5);
INSERT INTO etapes (id_itineraire, id_checkpoint, position) VALUES (659,46,6);

INSERT INTO itineraire (id, nom, distance) VALUES (660, 'itineraire numero 660',0.05036114282142264);
INSERT INTO etapes (id_itineraire, id_checkpoint, position) VALUES (660,219,0);
INSERT INTO etapes (id_itineraire, id_checkpoint, position) VALUES (660,277,1);
INSERT INTO etapes (id_itineraire, id_checkpoint, position) VALUES (660,179,2);
INSERT INTO etapes (id_itineraire, id_checkpoint, position) VALUES (660,138,3);
INSERT INTO etapes (id_itineraire, id_checkpoint, position) VALUES (660,226,4);
INSERT INTO etapes (id_itineraire, id_checkpoint, position) VALUES (660,27,5);
INSERT INTO etapes (id_itineraire, id_checkpoint, position) VALUES (660,46,6);

INSERT INTO itineraire (id, nom, distance) VALUES (661, 'itineraire numero 661',0.054869914895827154);
INSERT INTO etapes (id_itineraire, id_checkpoint, position) VALUES (661,202,0);
INSERT INTO etapes (id_itineraire, id_checkpoint, position) VALUES (661,277,1);
INSERT INTO etapes (id_itineraire, id_checkpoint, position) VALUES (661,179,2);
INSERT INTO etapes (id_itineraire, id_checkpoint, position) VALUES (661,138,3);
INSERT INTO etapes (id_itineraire, id_checkpoint, position) VALUES (661,226,4);
INSERT INTO etapes (id_itineraire, id_checkpoint, position) VALUES (661,27,5);
INSERT INTO etapes (id_itineraire, id_checkpoint, position) VALUES (661,46,6);

INSERT INTO itineraire (id, nom, distance) VALUES (662, 'itineraire numero 662',0.06967107644800213);
INSERT INTO etapes (id_itineraire, id_checkpoint, position) VALUES (662,301,0);
INSERT INTO etapes (id_itineraire, id_checkpoint, position) VALUES (662,277,1);
INSERT INTO etapes (id_itineraire, id_checkpoint, position) VALUES (662,138,2);
INSERT INTO etapes (id_itineraire, id_checkpoint, position) VALUES (662,226,3);
INSERT INTO etapes (id_itineraire, id_checkpoint, position) VALUES (662,27,4);
INSERT INTO etapes (id_itineraire, id_checkpoint, position) VALUES (662,47,5);
INSERT INTO etapes (id_itineraire, id_checkpoint, position) VALUES (662,179,6);

INSERT INTO itineraire (id, nom, distance) VALUES (663, 'itineraire numero 663',0.05682529479670916);
INSERT INTO etapes (id_itineraire, id_checkpoint, position) VALUES (663,107,0);
INSERT INTO etapes (id_itineraire, id_checkpoint, position) VALUES (663,277,1);
INSERT INTO etapes (id_itineraire, id_checkpoint, position) VALUES (663,138,2);
INSERT INTO etapes (id_itineraire, id_checkpoint, position) VALUES (663,179,3);
INSERT INTO etapes (id_itineraire, id_checkpoint, position) VALUES (663,46,4);
INSERT INTO etapes (id_itineraire, id_checkpoint, position) VALUES (663,27,5);
INSERT INTO etapes (id_itineraire, id_checkpoint, position) VALUES (663,225,6);

INSERT INTO itineraire (id, nom, distance) VALUES (664, 'itineraire numero 664',0.06924175382450369);
INSERT INTO etapes (id_itineraire, id_checkpoint, position) VALUES (664,138,0);
INSERT INTO etapes (id_itineraire, id_checkpoint, position) VALUES (664,214,1);
INSERT INTO etapes (id_itineraire, id_checkpoint, position) VALUES (664,179,2);
INSERT INTO etapes (id_itineraire, id_checkpoint, position) VALUES (664,47,3);
INSERT INTO etapes (id_itineraire, id_checkpoint, position) VALUES (664,27,4);
INSERT INTO etapes (id_itineraire, id_checkpoint, position) VALUES (664,308,5);
INSERT INTO etapes (id_itineraire, id_checkpoint, position) VALUES (664,225,6);

INSERT INTO itineraire (id, nom, distance) VALUES (665, 'itineraire numero 665',0.047795948227157097);
INSERT INTO etapes (id_itineraire, id_checkpoint, position) VALUES (665,165,0);
INSERT INTO etapes (id_itineraire, id_checkpoint, position) VALUES (665,277,1);
INSERT INTO etapes (id_itineraire, id_checkpoint, position) VALUES (665,185,2);
INSERT INTO etapes (id_itineraire, id_checkpoint, position) VALUES (665,179,3);
INSERT INTO etapes (id_itineraire, id_checkpoint, position) VALUES (665,138,4);
INSERT INTO etapes (id_itineraire, id_checkpoint, position) VALUES (665,226,5);
INSERT INTO etapes (id_itineraire, id_checkpoint, position) VALUES (665,125,6);

INSERT INTO itineraire (id, nom, distance) VALUES (666, 'itineraire numero 666',0.053392622819444416);
INSERT INTO etapes (id_itineraire, id_checkpoint, position) VALUES (666,165,0);
INSERT INTO etapes (id_itineraire, id_checkpoint, position) VALUES (666,100,1);
INSERT INTO etapes (id_itineraire, id_checkpoint, position) VALUES (666,277,2);
INSERT INTO etapes (id_itineraire, id_checkpoint, position) VALUES (666,179,3);
INSERT INTO etapes (id_itineraire, id_checkpoint, position) VALUES (666,138,4);
INSERT INTO etapes (id_itineraire, id_checkpoint, position) VALUES (666,226,5);
INSERT INTO etapes (id_itineraire, id_checkpoint, position) VALUES (666,125,6);

INSERT INTO itineraire (id, nom, distance) VALUES (667, 'itineraire numero 667',0.05506316624841191);
INSERT INTO etapes (id_itineraire, id_checkpoint, position) VALUES (667,165,0);
INSERT INTO etapes (id_itineraire, id_checkpoint, position) VALUES (667,179,1);
INSERT INTO etapes (id_itineraire, id_checkpoint, position) VALUES (667,192,2);
INSERT INTO etapes (id_itineraire, id_checkpoint, position) VALUES (667,277,3);
INSERT INTO etapes (id_itineraire, id_checkpoint, position) VALUES (667,138,4);
INSERT INTO etapes (id_itineraire, id_checkpoint, position) VALUES (667,226,5);
INSERT INTO etapes (id_itineraire, id_checkpoint, position) VALUES (667,125,6);

INSERT INTO itineraire (id, nom, distance) VALUES (668, 'itineraire numero 668',0.0562532160320402);
INSERT INTO etapes (id_itineraire, id_checkpoint, position) VALUES (668,126,0);
INSERT INTO etapes (id_itineraire, id_checkpoint, position) VALUES (668,108,1);
INSERT INTO etapes (id_itineraire, id_checkpoint, position) VALUES (668,165,2);
INSERT INTO etapes (id_itineraire, id_checkpoint, position) VALUES (668,277,3);
INSERT INTO etapes (id_itineraire, id_checkpoint, position) VALUES (668,179,4);
INSERT INTO etapes (id_itineraire, id_checkpoint, position) VALUES (668,138,5);
INSERT INTO etapes (id_itineraire, id_checkpoint, position) VALUES (668,225,6);

INSERT INTO itineraire (id, nom, distance) VALUES (669, 'itineraire numero 669',0.057261963290629304);
INSERT INTO etapes (id_itineraire, id_checkpoint, position) VALUES (669,126,0);
INSERT INTO etapes (id_itineraire, id_checkpoint, position) VALUES (669,309,1);
INSERT INTO etapes (id_itineraire, id_checkpoint, position) VALUES (669,189,2);
INSERT INTO etapes (id_itineraire, id_checkpoint, position) VALUES (669,165,3);
INSERT INTO etapes (id_itineraire, id_checkpoint, position) VALUES (669,179,4);
INSERT INTO etapes (id_itineraire, id_checkpoint, position) VALUES (669,138,5);
INSERT INTO etapes (id_itineraire, id_checkpoint, position) VALUES (669,225,6);

INSERT INTO itineraire (id, nom, distance) VALUES (670, 'itineraire numero 670',0.0552829902711914);
INSERT INTO etapes (id_itineraire, id_checkpoint, position) VALUES (670,296,0);
INSERT INTO etapes (id_itineraire, id_checkpoint, position) VALUES (670,165,1);
INSERT INTO etapes (id_itineraire, id_checkpoint, position) VALUES (670,138,2);
INSERT INTO etapes (id_itineraire, id_checkpoint, position) VALUES (670,179,3);
INSERT INTO etapes (id_itineraire, id_checkpoint, position) VALUES (670,96,4);
INSERT INTO etapes (id_itineraire, id_checkpoint, position) VALUES (670,29,5);
INSERT INTO etapes (id_itineraire, id_checkpoint, position) VALUES (670,226,6);

INSERT INTO itineraire (id, nom, distance) VALUES (671, 'itineraire numero 671',0.05534866501959521);
INSERT INTO etapes (id_itineraire, id_checkpoint, position) VALUES (671,296,0);
INSERT INTO etapes (id_itineraire, id_checkpoint, position) VALUES (671,165,1);
INSERT INTO etapes (id_itineraire, id_checkpoint, position) VALUES (671,138,2);
INSERT INTO etapes (id_itineraire, id_checkpoint, position) VALUES (671,179,3);
INSERT INTO etapes (id_itineraire, id_checkpoint, position) VALUES (671,107,4);
INSERT INTO etapes (id_itineraire, id_checkpoint, position) VALUES (671,30,5);
INSERT INTO etapes (id_itineraire, id_checkpoint, position) VALUES (671,226,6);

INSERT INTO itineraire (id, nom, distance) VALUES (672, 'itineraire numero 672',0.0484675322690725);
INSERT INTO etapes (id_itineraire, id_checkpoint, position) VALUES (672,189,0);
INSERT INTO etapes (id_itineraire, id_checkpoint, position) VALUES (672,165,1);
INSERT INTO etapes (id_itineraire, id_checkpoint, position) VALUES (672,138,2);
INSERT INTO etapes (id_itineraire, id_checkpoint, position) VALUES (672,179,3);
INSERT INTO etapes (id_itineraire, id_checkpoint, position) VALUES (672,96,4);
INSERT INTO etapes (id_itineraire, id_checkpoint, position) VALUES (672,30,5);
INSERT INTO etapes (id_itineraire, id_checkpoint, position) VALUES (672,226,6);

INSERT INTO itineraire (id, nom, distance) VALUES (673, 'itineraire numero 673',0.045608518438660796);
INSERT INTO etapes (id_itineraire, id_checkpoint, position) VALUES (673,189,0);
INSERT INTO etapes (id_itineraire, id_checkpoint, position) VALUES (673,179,1);
INSERT INTO etapes (id_itineraire, id_checkpoint, position) VALUES (673,138,2);
INSERT INTO etapes (id_itineraire, id_checkpoint, position) VALUES (673,165,3);
INSERT INTO etapes (id_itineraire, id_checkpoint, position) VALUES (673,107,4);
INSERT INTO etapes (id_itineraire, id_checkpoint, position) VALUES (673,30,5);
INSERT INTO etapes (id_itineraire, id_checkpoint, position) VALUES (673,226,6);

INSERT INTO itineraire (id, nom, distance) VALUES (674, 'itineraire numero 674',0.040934836979504875);
INSERT INTO etapes (id_itineraire, id_checkpoint, position) VALUES (674,180,0);
INSERT INTO etapes (id_itineraire, id_checkpoint, position) VALUES (674,179,1);
INSERT INTO etapes (id_itineraire, id_checkpoint, position) VALUES (674,138,2);
INSERT INTO etapes (id_itineraire, id_checkpoint, position) VALUES (674,165,3);
INSERT INTO etapes (id_itineraire, id_checkpoint, position) VALUES (674,96,4);
INSERT INTO etapes (id_itineraire, id_checkpoint, position) VALUES (674,30,5);
INSERT INTO etapes (id_itineraire, id_checkpoint, position) VALUES (674,226,6);

INSERT INTO itineraire (id, nom, distance) VALUES (675, 'itineraire numero 675',0.051454645863002225);
INSERT INTO etapes (id_itineraire, id_checkpoint, position) VALUES (675,126,0);
INSERT INTO etapes (id_itineraire, id_checkpoint, position) VALUES (675,108,1);
INSERT INTO etapes (id_itineraire, id_checkpoint, position) VALUES (675,165,2);
INSERT INTO etapes (id_itineraire, id_checkpoint, position) VALUES (675,180,3);
INSERT INTO etapes (id_itineraire, id_checkpoint, position) VALUES (675,179,4);
INSERT INTO etapes (id_itineraire, id_checkpoint, position) VALUES (675,138,5);
INSERT INTO etapes (id_itineraire, id_checkpoint, position) VALUES (675,226,6);

INSERT INTO itineraire (id, nom, distance) VALUES (676, 'itineraire numero 676',0.05299333179835664);
INSERT INTO etapes (id_itineraire, id_checkpoint, position) VALUES (676,6,0);
INSERT INTO etapes (id_itineraire, id_checkpoint, position) VALUES (676,47,1);
INSERT INTO etapes (id_itineraire, id_checkpoint, position) VALUES (676,165,2);
INSERT INTO etapes (id_itineraire, id_checkpoint, position) VALUES (676,97,3);
INSERT INTO etapes (id_itineraire, id_checkpoint, position) VALUES (676,277,4);
INSERT INTO etapes (id_itineraire, id_checkpoint, position) VALUES (676,179,5);
INSERT INTO etapes (id_itineraire, id_checkpoint, position) VALUES (676,138,6);

INSERT INTO itineraire (id, nom, distance) VALUES (677, 'itineraire numero 677',0.06100530405567552);
INSERT INTO etapes (id_itineraire, id_checkpoint, position) VALUES (677,309,0);
INSERT INTO etapes (id_itineraire, id_checkpoint, position) VALUES (677,33,1);
INSERT INTO etapes (id_itineraire, id_checkpoint, position) VALUES (677,47,2);
INSERT INTO etapes (id_itineraire, id_checkpoint, position) VALUES (677,179,3);
INSERT INTO etapes (id_itineraire, id_checkpoint, position) VALUES (677,165,4);
INSERT INTO etapes (id_itineraire, id_checkpoint, position) VALUES (677,138,5);
INSERT INTO etapes (id_itineraire, id_checkpoint, position) VALUES (677,277,6);

INSERT INTO itineraire (id, nom, distance) VALUES (678, 'itineraire numero 678',0.05112581582090531);
INSERT INTO etapes (id_itineraire, id_checkpoint, position) VALUES (678,33,0);
INSERT INTO etapes (id_itineraire, id_checkpoint, position) VALUES (678,47,1);
INSERT INTO etapes (id_itineraire, id_checkpoint, position) VALUES (678,185,2);
INSERT INTO etapes (id_itineraire, id_checkpoint, position) VALUES (678,179,3);
INSERT INTO etapes (id_itineraire, id_checkpoint, position) VALUES (678,165,4);
INSERT INTO etapes (id_itineraire, id_checkpoint, position) VALUES (678,277,5);
INSERT INTO etapes (id_itineraire, id_checkpoint, position) VALUES (678,138,6);

INSERT INTO itineraire (id, nom, distance) VALUES (679, 'itineraire numero 679',0.052422319746059515);
INSERT INTO etapes (id_itineraire, id_checkpoint, position) VALUES (679,33,0);
INSERT INTO etapes (id_itineraire, id_checkpoint, position) VALUES (679,87,1);
INSERT INTO etapes (id_itineraire, id_checkpoint, position) VALUES (679,47,2);
INSERT INTO etapes (id_itineraire, id_checkpoint, position) VALUES (679,179,3);
INSERT INTO etapes (id_itineraire, id_checkpoint, position) VALUES (679,165,4);
INSERT INTO etapes (id_itineraire, id_checkpoint, position) VALUES (679,277,5);
INSERT INTO etapes (id_itineraire, id_checkpoint, position) VALUES (679,138,6);

INSERT INTO itineraire (id, nom, distance) VALUES (680, 'itineraire numero 680',0.05528622081793952);
INSERT INTO etapes (id_itineraire, id_checkpoint, position) VALUES (680,33,0);
INSERT INTO etapes (id_itineraire, id_checkpoint, position) VALUES (680,47,1);
INSERT INTO etapes (id_itineraire, id_checkpoint, position) VALUES (680,97,2);
INSERT INTO etapes (id_itineraire, id_checkpoint, position) VALUES (680,179,3);
INSERT INTO etapes (id_itineraire, id_checkpoint, position) VALUES (680,277,4);
INSERT INTO etapes (id_itineraire, id_checkpoint, position) VALUES (680,165,5);
INSERT INTO etapes (id_itineraire, id_checkpoint, position) VALUES (680,138,6);

INSERT INTO itineraire (id, nom, distance) VALUES (681, 'itineraire numero 681',0.06913976627402309);
INSERT INTO etapes (id_itineraire, id_checkpoint, position) VALUES (681,33,0);
INSERT INTO etapes (id_itineraire, id_checkpoint, position) VALUES (681,47,1);
INSERT INTO etapes (id_itineraire, id_checkpoint, position) VALUES (681,179,2);
INSERT INTO etapes (id_itineraire, id_checkpoint, position) VALUES (681,192,3);
INSERT INTO etapes (id_itineraire, id_checkpoint, position) VALUES (681,277,4);
INSERT INTO etapes (id_itineraire, id_checkpoint, position) VALUES (681,165,5);
INSERT INTO etapes (id_itineraire, id_checkpoint, position) VALUES (681,138,6);

INSERT INTO itineraire (id, nom, distance) VALUES (682, 'itineraire numero 682',0.0515769187083243);
INSERT INTO etapes (id_itineraire, id_checkpoint, position) VALUES (682,33,0);
INSERT INTO etapes (id_itineraire, id_checkpoint, position) VALUES (682,47,1);
INSERT INTO etapes (id_itineraire, id_checkpoint, position) VALUES (682,219,2);
INSERT INTO etapes (id_itineraire, id_checkpoint, position) VALUES (682,179,3);
INSERT INTO etapes (id_itineraire, id_checkpoint, position) VALUES (682,277,4);
INSERT INTO etapes (id_itineraire, id_checkpoint, position) VALUES (682,165,5);
INSERT INTO etapes (id_itineraire, id_checkpoint, position) VALUES (682,138,6);

INSERT INTO itineraire (id, nom, distance) VALUES (683, 'itineraire numero 683',0.06941437753807772);
INSERT INTO etapes (id_itineraire, id_checkpoint, position) VALUES (683,33,0);
INSERT INTO etapes (id_itineraire, id_checkpoint, position) VALUES (683,47,1);
INSERT INTO etapes (id_itineraire, id_checkpoint, position) VALUES (683,179,2);
INSERT INTO etapes (id_itineraire, id_checkpoint, position) VALUES (683,202,3);
INSERT INTO etapes (id_itineraire, id_checkpoint, position) VALUES (683,277,4);
INSERT INTO etapes (id_itineraire, id_checkpoint, position) VALUES (683,138,5);
INSERT INTO etapes (id_itineraire, id_checkpoint, position) VALUES (683,165,6);

INSERT INTO itineraire (id, nom, distance) VALUES (684, 'itineraire numero 684',0.04764440220870431);
INSERT INTO etapes (id_itineraire, id_checkpoint, position) VALUES (684,33,0);
INSERT INTO etapes (id_itineraire, id_checkpoint, position) VALUES (684,48,1);
INSERT INTO etapes (id_itineraire, id_checkpoint, position) VALUES (684,301,2);
INSERT INTO etapes (id_itineraire, id_checkpoint, position) VALUES (684,179,3);
INSERT INTO etapes (id_itineraire, id_checkpoint, position) VALUES (684,138,4);
INSERT INTO etapes (id_itineraire, id_checkpoint, position) VALUES (684,277,5);
INSERT INTO etapes (id_itineraire, id_checkpoint, position) VALUES (684,165,6);

INSERT INTO itineraire (id, nom, distance) VALUES (685, 'itineraire numero 685',0.0562184879231167);
INSERT INTO etapes (id_itineraire, id_checkpoint, position) VALUES (685,33,0);
INSERT INTO etapes (id_itineraire, id_checkpoint, position) VALUES (685,48,1);
INSERT INTO etapes (id_itineraire, id_checkpoint, position) VALUES (685,107,2);
INSERT INTO etapes (id_itineraire, id_checkpoint, position) VALUES (685,179,3);
INSERT INTO etapes (id_itineraire, id_checkpoint, position) VALUES (685,138,4);
INSERT INTO etapes (id_itineraire, id_checkpoint, position) VALUES (685,277,5);
INSERT INTO etapes (id_itineraire, id_checkpoint, position) VALUES (685,165,6);

INSERT INTO itineraire (id, nom, distance) VALUES (686, 'itineraire numero 686',0.053141395895460124);
INSERT INTO etapes (id_itineraire, id_checkpoint, position) VALUES (686,273,0);
INSERT INTO etapes (id_itineraire, id_checkpoint, position) VALUES (686,6,1);
INSERT INTO etapes (id_itineraire, id_checkpoint, position) VALUES (686,48,2);
INSERT INTO etapes (id_itineraire, id_checkpoint, position) VALUES (686,185,3);
INSERT INTO etapes (id_itineraire, id_checkpoint, position) VALUES (686,179,4);
INSERT INTO etapes (id_itineraire, id_checkpoint, position) VALUES (686,277,5);
INSERT INTO etapes (id_itineraire, id_checkpoint, position) VALUES (686,138,6);

INSERT INTO itineraire (id, nom, distance) VALUES (687, 'itineraire numero 687',0.06993649945666575);
INSERT INTO etapes (id_itineraire, id_checkpoint, position) VALUES (687,273,0);
INSERT INTO etapes (id_itineraire, id_checkpoint, position) VALUES (687,6,1);
INSERT INTO etapes (id_itineraire, id_checkpoint, position) VALUES (687,48,2);
INSERT INTO etapes (id_itineraire, id_checkpoint, position) VALUES (687,179,3);
INSERT INTO etapes (id_itineraire, id_checkpoint, position) VALUES (687,192,4);
INSERT INTO etapes (id_itineraire, id_checkpoint, position) VALUES (687,277,5);
INSERT INTO etapes (id_itineraire, id_checkpoint, position) VALUES (687,138,6);

INSERT INTO itineraire (id, nom, distance) VALUES (688, 'itineraire numero 688',0.052373651890966946);
INSERT INTO etapes (id_itineraire, id_checkpoint, position) VALUES (688,273,0);
INSERT INTO etapes (id_itineraire, id_checkpoint, position) VALUES (688,6,1);
INSERT INTO etapes (id_itineraire, id_checkpoint, position) VALUES (688,48,2);
INSERT INTO etapes (id_itineraire, id_checkpoint, position) VALUES (688,219,3);
INSERT INTO etapes (id_itineraire, id_checkpoint, position) VALUES (688,179,4);
INSERT INTO etapes (id_itineraire, id_checkpoint, position) VALUES (688,277,5);
INSERT INTO etapes (id_itineraire, id_checkpoint, position) VALUES (688,138,6);

INSERT INTO itineraire (id, nom, distance) VALUES (689, 'itineraire numero 689',0.06856670871910163);
INSERT INTO etapes (id_itineraire, id_checkpoint, position) VALUES (689,273,0);
INSERT INTO etapes (id_itineraire, id_checkpoint, position) VALUES (689,202,1);
INSERT INTO etapes (id_itineraire, id_checkpoint, position) VALUES (689,277,2);
INSERT INTO etapes (id_itineraire, id_checkpoint, position) VALUES (689,179,3);
INSERT INTO etapes (id_itineraire, id_checkpoint, position) VALUES (689,46,4);
INSERT INTO etapes (id_itineraire, id_checkpoint, position) VALUES (689,6,5);
INSERT INTO etapes (id_itineraire, id_checkpoint, position) VALUES (689,138,6);

INSERT INTO itineraire (id, nom, distance) VALUES (690, 'itineraire numero 690',0.05249107384433141);
INSERT INTO etapes (id_itineraire, id_checkpoint, position) VALUES (690,273,0);
INSERT INTO etapes (id_itineraire, id_checkpoint, position) VALUES (690,6,1);
INSERT INTO etapes (id_itineraire, id_checkpoint, position) VALUES (690,48,2);
INSERT INTO etapes (id_itineraire, id_checkpoint, position) VALUES (690,301,3);
INSERT INTO etapes (id_itineraire, id_checkpoint, position) VALUES (690,179,4);
INSERT INTO etapes (id_itineraire, id_checkpoint, position) VALUES (690,138,5);
INSERT INTO etapes (id_itineraire, id_checkpoint, position) VALUES (690,277,6);

INSERT INTO itineraire (id, nom, distance) VALUES (691, 'itineraire numero 691',0.0499703000577381);
INSERT INTO etapes (id_itineraire, id_checkpoint, position) VALUES (691,273,0);
INSERT INTO etapes (id_itineraire, id_checkpoint, position) VALUES (691,138,1);
INSERT INTO etapes (id_itineraire, id_checkpoint, position) VALUES (691,277,2);
INSERT INTO etapes (id_itineraire, id_checkpoint, position) VALUES (691,185,3);
INSERT INTO etapes (id_itineraire, id_checkpoint, position) VALUES (691,179,4);
INSERT INTO etapes (id_itineraire, id_checkpoint, position) VALUES (691,47,5);
INSERT INTO etapes (id_itineraire, id_checkpoint, position) VALUES (691,33,6);

INSERT INTO itineraire (id, nom, distance) VALUES (692, 'itineraire numero 692',0.05726397844833582);
INSERT INTO etapes (id_itineraire, id_checkpoint, position) VALUES (692,273,0);
INSERT INTO etapes (id_itineraire, id_checkpoint, position) VALUES (692,192,1);
INSERT INTO etapes (id_itineraire, id_checkpoint, position) VALUES (692,277,2);
INSERT INTO etapes (id_itineraire, id_checkpoint, position) VALUES (692,138,3);
INSERT INTO etapes (id_itineraire, id_checkpoint, position) VALUES (692,179,4);
INSERT INTO etapes (id_itineraire, id_checkpoint, position) VALUES (692,47,5);
INSERT INTO etapes (id_itineraire, id_checkpoint, position) VALUES (692,33,6);

INSERT INTO itineraire (id, nom, distance) VALUES (693, 'itineraire numero 693',0.05079369356534581);
INSERT INTO etapes (id_itineraire, id_checkpoint, position) VALUES (693,273,0);
INSERT INTO etapes (id_itineraire, id_checkpoint, position) VALUES (693,219,1);
INSERT INTO etapes (id_itineraire, id_checkpoint, position) VALUES (693,277,2);
INSERT INTO etapes (id_itineraire, id_checkpoint, position) VALUES (693,138,3);
INSERT INTO etapes (id_itineraire, id_checkpoint, position) VALUES (693,179,4);
INSERT INTO etapes (id_itineraire, id_checkpoint, position) VALUES (693,47,5);
INSERT INTO etapes (id_itineraire, id_checkpoint, position) VALUES (693,33,6);

INSERT INTO itineraire (id, nom, distance) VALUES (694, 'itineraire numero 694',0.06498461317331058);
INSERT INTO etapes (id_itineraire, id_checkpoint, position) VALUES (694,33,0);
INSERT INTO etapes (id_itineraire, id_checkpoint, position) VALUES (694,48,1);
INSERT INTO etapes (id_itineraire, id_checkpoint, position) VALUES (694,179,2);
INSERT INTO etapes (id_itineraire, id_checkpoint, position) VALUES (694,202,3);
INSERT INTO etapes (id_itineraire, id_checkpoint, position) VALUES (694,273,4);
INSERT INTO etapes (id_itineraire, id_checkpoint, position) VALUES (694,138,5);
INSERT INTO etapes (id_itineraire, id_checkpoint, position) VALUES (694,277,6);

INSERT INTO itineraire (id, nom, distance) VALUES (695, 'itineraire numero 695',0.04266506993348983);
INSERT INTO etapes (id_itineraire, id_checkpoint, position) VALUES (695,33,0);
INSERT INTO etapes (id_itineraire, id_checkpoint, position) VALUES (695,48,1);
INSERT INTO etapes (id_itineraire, id_checkpoint, position) VALUES (695,301,2);
INSERT INTO etapes (id_itineraire, id_checkpoint, position) VALUES (695,273,3);
INSERT INTO etapes (id_itineraire, id_checkpoint, position) VALUES (695,179,4);
INSERT INTO etapes (id_itineraire, id_checkpoint, position) VALUES (695,138,5);
INSERT INTO etapes (id_itineraire, id_checkpoint, position) VALUES (695,277,6);

INSERT INTO itineraire (id, nom, distance) VALUES (696, 'itineraire numero 696',0.04637283163485696);
INSERT INTO etapes (id_itineraire, id_checkpoint, position) VALUES (696,309,0);
INSERT INTO etapes (id_itineraire, id_checkpoint, position) VALUES (696,25,1);
INSERT INTO etapes (id_itineraire, id_checkpoint, position) VALUES (696,48,2);
INSERT INTO etapes (id_itineraire, id_checkpoint, position) VALUES (696,179,3);
INSERT INTO etapes (id_itineraire, id_checkpoint, position) VALUES (696,273,4);
INSERT INTO etapes (id_itineraire, id_checkpoint, position) VALUES (696,138,5);
INSERT INTO etapes (id_itineraire, id_checkpoint, position) VALUES (696,277,6);

INSERT INTO itineraire (id, nom, distance) VALUES (697, 'itineraire numero 697',0.04334605278538279);
INSERT INTO etapes (id_itineraire, id_checkpoint, position) VALUES (697,92,0);
INSERT INTO etapes (id_itineraire, id_checkpoint, position) VALUES (697,48,1);
INSERT INTO etapes (id_itineraire, id_checkpoint, position) VALUES (697,185,2);
INSERT INTO etapes (id_itineraire, id_checkpoint, position) VALUES (697,273,3);
INSERT INTO etapes (id_itineraire, id_checkpoint, position) VALUES (697,179,4);
INSERT INTO etapes (id_itineraire, id_checkpoint, position) VALUES (697,138,5);
INSERT INTO etapes (id_itineraire, id_checkpoint, position) VALUES (697,277,6);

INSERT INTO itineraire (id, nom, distance) VALUES (698, 'itineraire numero 698',0.04359510039222609);
INSERT INTO etapes (id_itineraire, id_checkpoint, position) VALUES (698,126,0);
INSERT INTO etapes (id_itineraire, id_checkpoint, position) VALUES (698,48,1);
INSERT INTO etapes (id_itineraire, id_checkpoint, position) VALUES (698,185,2);
INSERT INTO etapes (id_itineraire, id_checkpoint, position) VALUES (698,273,3);
INSERT INTO etapes (id_itineraire, id_checkpoint, position) VALUES (698,179,4);
INSERT INTO etapes (id_itineraire, id_checkpoint, position) VALUES (698,138,5);
INSERT INTO etapes (id_itineraire, id_checkpoint, position) VALUES (698,277,6);

INSERT INTO itineraire (id, nom, distance) VALUES (699, 'itineraire numero 699',0.05333827712883846);
INSERT INTO etapes (id_itineraire, id_checkpoint, position) VALUES (699,273,0);
INSERT INTO etapes (id_itineraire, id_checkpoint, position) VALUES (699,117,1);
INSERT INTO etapes (id_itineraire, id_checkpoint, position) VALUES (699,48,2);
INSERT INTO etapes (id_itineraire, id_checkpoint, position) VALUES (699,185,3);
INSERT INTO etapes (id_itineraire, id_checkpoint, position) VALUES (699,179,4);
INSERT INTO etapes (id_itineraire, id_checkpoint, position) VALUES (699,138,5);
INSERT INTO etapes (id_itineraire, id_checkpoint, position) VALUES (699,277,6);

INSERT INTO itineraire (id, nom, distance) VALUES (700, 'itineraire numero 700',0.049203991828295546);
INSERT INTO etapes (id_itineraire, id_checkpoint, position) VALUES (700,309,0);
INSERT INTO etapes (id_itineraire, id_checkpoint, position) VALUES (700,6,1);
INSERT INTO etapes (id_itineraire, id_checkpoint, position) VALUES (700,48,2);
INSERT INTO etapes (id_itineraire, id_checkpoint, position) VALUES (700,179,3);
INSERT INTO etapes (id_itineraire, id_checkpoint, position) VALUES (700,273,4);
INSERT INTO etapes (id_itineraire, id_checkpoint, position) VALUES (700,138,5);
INSERT INTO etapes (id_itineraire, id_checkpoint, position) VALUES (700,214,6);

INSERT INTO itineraire (id, nom, distance) VALUES (701, 'itineraire numero 701',0.07009474942609123);
INSERT INTO etapes (id_itineraire, id_checkpoint, position) VALUES (701,273,0);
INSERT INTO etapes (id_itineraire, id_checkpoint, position) VALUES (701,179,1);
INSERT INTO etapes (id_itineraire, id_checkpoint, position) VALUES (701,48,2);
INSERT INTO etapes (id_itineraire, id_checkpoint, position) VALUES (701,6,3);
INSERT INTO etapes (id_itineraire, id_checkpoint, position) VALUES (701,138,4);
INSERT INTO etapes (id_itineraire, id_checkpoint, position) VALUES (701,214,5);
INSERT INTO etapes (id_itineraire, id_checkpoint, position) VALUES (701,185,6);

INSERT INTO itineraire (id, nom, distance) VALUES (702, 'itineraire numero 702',0.06962836013269023);
INSERT INTO etapes (id_itineraire, id_checkpoint, position) VALUES (702,87,0);
INSERT INTO etapes (id_itineraire, id_checkpoint, position) VALUES (702,48,1);
INSERT INTO etapes (id_itineraire, id_checkpoint, position) VALUES (702,6,2);
INSERT INTO etapes (id_itineraire, id_checkpoint, position) VALUES (702,273,3);
INSERT INTO etapes (id_itineraire, id_checkpoint, position) VALUES (702,138,4);
INSERT INTO etapes (id_itineraire, id_checkpoint, position) VALUES (702,214,5);
INSERT INTO etapes (id_itineraire, id_checkpoint, position) VALUES (702,179,6);

INSERT INTO itineraire (id, nom, distance) VALUES (703, 'itineraire numero 703',0.04565649490611416);
INSERT INTO etapes (id_itineraire, id_checkpoint, position) VALUES (703,273,0);
INSERT INTO etapes (id_itineraire, id_checkpoint, position) VALUES (703,180,1);
INSERT INTO etapes (id_itineraire, id_checkpoint, position) VALUES (703,138,2);
INSERT INTO etapes (id_itineraire, id_checkpoint, position) VALUES (703,179,3);
INSERT INTO etapes (id_itineraire, id_checkpoint, position) VALUES (703,47,4);
INSERT INTO etapes (id_itineraire, id_checkpoint, position) VALUES (703,6,5);
INSERT INTO etapes (id_itineraire, id_checkpoint, position) VALUES (703,308,6);

INSERT INTO itineraire (id, nom, distance) VALUES (704, 'itineraire numero 704',0.06659445817539598);
INSERT INTO etapes (id_itineraire, id_checkpoint, position) VALUES (704,273,0);
INSERT INTO etapes (id_itineraire, id_checkpoint, position) VALUES (704,138,1);
INSERT INTO etapes (id_itineraire, id_checkpoint, position) VALUES (704,179,2);
INSERT INTO etapes (id_itineraire, id_checkpoint, position) VALUES (704,47,3);
INSERT INTO etapes (id_itineraire, id_checkpoint, position) VALUES (704,6,4);
INSERT INTO etapes (id_itineraire, id_checkpoint, position) VALUES (704,85,5);
INSERT INTO etapes (id_itineraire, id_checkpoint, position) VALUES (704,308,6);

INSERT INTO itineraire (id, nom, distance) VALUES (705, 'itineraire numero 705',0.059999286108805956);
INSERT INTO etapes (id_itineraire, id_checkpoint, position) VALUES (705,6,0);
INSERT INTO etapes (id_itineraire, id_checkpoint, position) VALUES (705,48,1);
INSERT INTO etapes (id_itineraire, id_checkpoint, position) VALUES (705,179,2);
INSERT INTO etapes (id_itineraire, id_checkpoint, position) VALUES (705,192,3);
INSERT INTO etapes (id_itineraire, id_checkpoint, position) VALUES (705,273,4);
INSERT INTO etapes (id_itineraire, id_checkpoint, position) VALUES (705,138,5);
INSERT INTO etapes (id_itineraire, id_checkpoint, position) VALUES (705,294,6);

INSERT INTO itineraire (id, nom, distance) VALUES (706, 'itineraire numero 706',0.05629672065377965);
INSERT INTO etapes (id_itineraire, id_checkpoint, position) VALUES (706,6,0);
INSERT INTO etapes (id_itineraire, id_checkpoint, position) VALUES (706,273,1);
INSERT INTO etapes (id_itineraire, id_checkpoint, position) VALUES (706,219,2);
INSERT INTO etapes (id_itineraire, id_checkpoint, position) VALUES (706,47,3);
INSERT INTO etapes (id_itineraire, id_checkpoint, position) VALUES (706,179,4);
INSERT INTO etapes (id_itineraire, id_checkpoint, position) VALUES (706,138,5);
INSERT INTO etapes (id_itineraire, id_checkpoint, position) VALUES (706,294,6);

INSERT INTO itineraire (id, nom, distance) VALUES (707, 'itineraire numero 707',0.06963553062886438);
INSERT INTO etapes (id_itineraire, id_checkpoint, position) VALUES (707,6,0);
INSERT INTO etapes (id_itineraire, id_checkpoint, position) VALUES (707,138,1);
INSERT INTO etapes (id_itineraire, id_checkpoint, position) VALUES (707,273,2);
INSERT INTO etapes (id_itineraire, id_checkpoint, position) VALUES (707,202,3);
INSERT INTO etapes (id_itineraire, id_checkpoint, position) VALUES (707,179,4);
INSERT INTO etapes (id_itineraire, id_checkpoint, position) VALUES (707,47,5);
INSERT INTO etapes (id_itineraire, id_checkpoint, position) VALUES (707,294,6);

INSERT INTO itineraire (id, nom, distance) VALUES (708, 'itineraire numero 708',0.05631349600833913);
INSERT INTO etapes (id_itineraire, id_checkpoint, position) VALUES (708,6,0);
INSERT INTO etapes (id_itineraire, id_checkpoint, position) VALUES (708,273,1);
INSERT INTO etapes (id_itineraire, id_checkpoint, position) VALUES (708,301,2);
INSERT INTO etapes (id_itineraire, id_checkpoint, position) VALUES (708,47,3);
INSERT INTO etapes (id_itineraire, id_checkpoint, position) VALUES (708,179,4);
INSERT INTO etapes (id_itineraire, id_checkpoint, position) VALUES (708,138,5);
INSERT INTO etapes (id_itineraire, id_checkpoint, position) VALUES (708,294,6);

INSERT INTO itineraire (id, nom, distance) VALUES (709, 'itineraire numero 709',0.05800924185880268);
INSERT INTO etapes (id_itineraire, id_checkpoint, position) VALUES (709,6,0);
INSERT INTO etapes (id_itineraire, id_checkpoint, position) VALUES (709,273,1);
INSERT INTO etapes (id_itineraire, id_checkpoint, position) VALUES (709,296,2);
INSERT INTO etapes (id_itineraire, id_checkpoint, position) VALUES (709,185,3);
INSERT INTO etapes (id_itineraire, id_checkpoint, position) VALUES (709,47,4);
INSERT INTO etapes (id_itineraire, id_checkpoint, position) VALUES (709,179,5);
INSERT INTO etapes (id_itineraire, id_checkpoint, position) VALUES (709,138,6);

INSERT INTO itineraire (id, nom, distance) VALUES (710, 'itineraire numero 710',0.060285434048603995);
INSERT INTO etapes (id_itineraire, id_checkpoint, position) VALUES (710,296,0);
INSERT INTO etapes (id_itineraire, id_checkpoint, position) VALUES (710,273,1);
INSERT INTO etapes (id_itineraire, id_checkpoint, position) VALUES (710,138,2);
INSERT INTO etapes (id_itineraire, id_checkpoint, position) VALUES (710,6,3);
INSERT INTO etapes (id_itineraire, id_checkpoint, position) VALUES (710,47,4);
INSERT INTO etapes (id_itineraire, id_checkpoint, position) VALUES (710,179,5);
INSERT INTO etapes (id_itineraire, id_checkpoint, position) VALUES (710,192,6);

INSERT INTO itineraire (id, nom, distance) VALUES (711, 'itineraire numero 711',0.0586878159038996);
INSERT INTO etapes (id_itineraire, id_checkpoint, position) VALUES (711,219,0);
INSERT INTO etapes (id_itineraire, id_checkpoint, position) VALUES (711,273,1);
INSERT INTO etapes (id_itineraire, id_checkpoint, position) VALUES (711,6,2);
INSERT INTO etapes (id_itineraire, id_checkpoint, position) VALUES (711,47,3);
INSERT INTO etapes (id_itineraire, id_checkpoint, position) VALUES (711,179,4);
INSERT INTO etapes (id_itineraire, id_checkpoint, position) VALUES (711,138,5);
INSERT INTO etapes (id_itineraire, id_checkpoint, position) VALUES (711,296,6);

INSERT INTO itineraire (id, nom, distance) VALUES (712, 'itineraire numero 712',0.0625511266587589);
INSERT INTO etapes (id_itineraire, id_checkpoint, position) VALUES (712,202,0);
INSERT INTO etapes (id_itineraire, id_checkpoint, position) VALUES (712,273,1);
INSERT INTO etapes (id_itineraire, id_checkpoint, position) VALUES (712,296,2);
INSERT INTO etapes (id_itineraire, id_checkpoint, position) VALUES (712,138,3);
INSERT INTO etapes (id_itineraire, id_checkpoint, position) VALUES (712,6,4);
INSERT INTO etapes (id_itineraire, id_checkpoint, position) VALUES (712,47,5);
INSERT INTO etapes (id_itineraire, id_checkpoint, position) VALUES (712,179,6);

INSERT INTO itineraire (id, nom, distance) VALUES (713, 'itineraire numero 713',0.06263198888197774);
INSERT INTO etapes (id_itineraire, id_checkpoint, position) VALUES (713,301,0);
INSERT INTO etapes (id_itineraire, id_checkpoint, position) VALUES (713,273,1);
INSERT INTO etapes (id_itineraire, id_checkpoint, position) VALUES (713,296,2);
INSERT INTO etapes (id_itineraire, id_checkpoint, position) VALUES (713,138,3);
INSERT INTO etapes (id_itineraire, id_checkpoint, position) VALUES (713,6,4);
INSERT INTO etapes (id_itineraire, id_checkpoint, position) VALUES (713,47,5);
INSERT INTO etapes (id_itineraire, id_checkpoint, position) VALUES (713,179,6);

INSERT INTO itineraire (id, nom, distance) VALUES (714, 'itineraire numero 714',0.048108948773676684);
INSERT INTO etapes (id_itineraire, id_checkpoint, position) VALUES (714,189,0);
INSERT INTO etapes (id_itineraire, id_checkpoint, position) VALUES (714,273,1);
INSERT INTO etapes (id_itineraire, id_checkpoint, position) VALUES (714,179,2);
INSERT INTO etapes (id_itineraire, id_checkpoint, position) VALUES (714,138,3);
INSERT INTO etapes (id_itineraire, id_checkpoint, position) VALUES (714,6,4);
INSERT INTO etapes (id_itineraire, id_checkpoint, position) VALUES (714,48,5);
INSERT INTO etapes (id_itineraire, id_checkpoint, position) VALUES (714,185,6);

INSERT INTO itineraire (id, nom, distance) VALUES (715, 'itineraire numero 715',0.06131175472128783);
INSERT INTO etapes (id_itineraire, id_checkpoint, position) VALUES (715,189,0);
INSERT INTO etapes (id_itineraire, id_checkpoint, position) VALUES (715,273,1);
INSERT INTO etapes (id_itineraire, id_checkpoint, position) VALUES (715,138,2);
INSERT INTO etapes (id_itineraire, id_checkpoint, position) VALUES (715,6,3);
INSERT INTO etapes (id_itineraire, id_checkpoint, position) VALUES (715,47,4);
INSERT INTO etapes (id_itineraire, id_checkpoint, position) VALUES (715,179,5);
INSERT INTO etapes (id_itineraire, id_checkpoint, position) VALUES (715,192,6);

INSERT INTO itineraire (id, nom, distance) VALUES (716, 'itineraire numero 716',0.052797499444766145);
INSERT INTO etapes (id_itineraire, id_checkpoint, position) VALUES (716,189,0);
INSERT INTO etapes (id_itineraire, id_checkpoint, position) VALUES (716,273,1);
INSERT INTO etapes (id_itineraire, id_checkpoint, position) VALUES (716,219,2);
INSERT INTO etapes (id_itineraire, id_checkpoint, position) VALUES (716,47,3);
INSERT INTO etapes (id_itineraire, id_checkpoint, position) VALUES (716,6,4);
INSERT INTO etapes (id_itineraire, id_checkpoint, position) VALUES (716,179,5);
INSERT INTO etapes (id_itineraire, id_checkpoint, position) VALUES (716,138,6);

INSERT INTO itineraire (id, nom, distance) VALUES (717, 'itineraire numero 717',0.06365801110281535);
INSERT INTO etapes (id_itineraire, id_checkpoint, position) VALUES (717,189,0);
INSERT INTO etapes (id_itineraire, id_checkpoint, position) VALUES (717,273,1);
INSERT INTO etapes (id_itineraire, id_checkpoint, position) VALUES (717,138,2);
INSERT INTO etapes (id_itineraire, id_checkpoint, position) VALUES (717,6,3);
INSERT INTO etapes (id_itineraire, id_checkpoint, position) VALUES (717,47,4);
INSERT INTO etapes (id_itineraire, id_checkpoint, position) VALUES (717,179,5);
INSERT INTO etapes (id_itineraire, id_checkpoint, position) VALUES (717,202,6);

INSERT INTO itineraire (id, nom, distance) VALUES (718, 'itineraire numero 718',0.05281427479932563);
INSERT INTO etapes (id_itineraire, id_checkpoint, position) VALUES (718,189,0);
INSERT INTO etapes (id_itineraire, id_checkpoint, position) VALUES (718,273,1);
INSERT INTO etapes (id_itineraire, id_checkpoint, position) VALUES (718,301,2);
INSERT INTO etapes (id_itineraire, id_checkpoint, position) VALUES (718,47,3);
INSERT INTO etapes (id_itineraire, id_checkpoint, position) VALUES (718,6,4);
INSERT INTO etapes (id_itineraire, id_checkpoint, position) VALUES (718,179,5);
INSERT INTO etapes (id_itineraire, id_checkpoint, position) VALUES (718,138,6);

INSERT INTO itineraire (id, nom, distance) VALUES (719, 'itineraire numero 719',0.055071670286368626);
INSERT INTO etapes (id_itineraire, id_checkpoint, position) VALUES (719,185,0);
INSERT INTO etapes (id_itineraire, id_checkpoint, position) VALUES (719,273,1);
INSERT INTO etapes (id_itineraire, id_checkpoint, position) VALUES (719,180,2);
INSERT INTO etapes (id_itineraire, id_checkpoint, position) VALUES (719,47,3);
INSERT INTO etapes (id_itineraire, id_checkpoint, position) VALUES (719,179,4);
INSERT INTO etapes (id_itineraire, id_checkpoint, position) VALUES (719,138,5);
INSERT INTO etapes (id_itineraire, id_checkpoint, position) VALUES (719,6,6);

INSERT INTO itineraire (id, nom, distance) VALUES (720, 'itineraire numero 720',0.06252707299104741);
INSERT INTO etapes (id_itineraire, id_checkpoint, position) VALUES (720,179,0);
INSERT INTO etapes (id_itineraire, id_checkpoint, position) VALUES (720,273,1);
INSERT INTO etapes (id_itineraire, id_checkpoint, position) VALUES (720,138,2);
INSERT INTO etapes (id_itineraire, id_checkpoint, position) VALUES (720,6,3);
INSERT INTO etapes (id_itineraire, id_checkpoint, position) VALUES (720,180,4);
INSERT INTO etapes (id_itineraire, id_checkpoint, position) VALUES (720,48,5);
INSERT INTO etapes (id_itineraire, id_checkpoint, position) VALUES (720,87,6);

INSERT INTO itineraire (id, nom, distance) VALUES (721, 'itineraire numero 721',0.06323704757815846);
INSERT INTO etapes (id_itineraire, id_checkpoint, position) VALUES (721,96,0);
INSERT INTO etapes (id_itineraire, id_checkpoint, position) VALUES (721,273,1);
INSERT INTO etapes (id_itineraire, id_checkpoint, position) VALUES (721,180,2);
INSERT INTO etapes (id_itineraire, id_checkpoint, position) VALUES (721,48,3);
INSERT INTO etapes (id_itineraire, id_checkpoint, position) VALUES (721,179,4);
INSERT INTO etapes (id_itineraire, id_checkpoint, position) VALUES (721,138,5);
INSERT INTO etapes (id_itineraire, id_checkpoint, position) VALUES (721,6,6);

INSERT INTO itineraire (id, nom, distance) VALUES (722, 'itineraire numero 722',0.06095199570159926);
INSERT INTO etapes (id_itineraire, id_checkpoint, position) VALUES (722,179,0);
INSERT INTO etapes (id_itineraire, id_checkpoint, position) VALUES (722,138,1);
INSERT INTO etapes (id_itineraire, id_checkpoint, position) VALUES (722,273,2);
INSERT INTO etapes (id_itineraire, id_checkpoint, position) VALUES (722,6,3);
INSERT INTO etapes (id_itineraire, id_checkpoint, position) VALUES (722,180,4);
INSERT INTO etapes (id_itineraire, id_checkpoint, position) VALUES (722,48,5);
INSERT INTO etapes (id_itineraire, id_checkpoint, position) VALUES (722,51,6);

INSERT INTO itineraire (id, nom, distance) VALUES (723, 'itineraire numero 723',0.05109138947134869);
INSERT INTO etapes (id_itineraire, id_checkpoint, position) VALUES (723,192,0);
INSERT INTO etapes (id_itineraire, id_checkpoint, position) VALUES (723,180,1);
INSERT INTO etapes (id_itineraire, id_checkpoint, position) VALUES (723,273,2);
INSERT INTO etapes (id_itineraire, id_checkpoint, position) VALUES (723,138,3);
INSERT INTO etapes (id_itineraire, id_checkpoint, position) VALUES (723,179,4);
INSERT INTO etapes (id_itineraire, id_checkpoint, position) VALUES (723,48,5);
INSERT INTO etapes (id_itineraire, id_checkpoint, position) VALUES (723,6,6);

INSERT INTO itineraire (id, nom, distance) VALUES (724, 'itineraire numero 724',0.04224858431271834);
INSERT INTO etapes (id_itineraire, id_checkpoint, position) VALUES (724,219,0);
INSERT INTO etapes (id_itineraire, id_checkpoint, position) VALUES (724,180,1);
INSERT INTO etapes (id_itineraire, id_checkpoint, position) VALUES (724,273,2);
INSERT INTO etapes (id_itineraire, id_checkpoint, position) VALUES (724,138,3);
INSERT INTO etapes (id_itineraire, id_checkpoint, position) VALUES (724,179,4);
INSERT INTO etapes (id_itineraire, id_checkpoint, position) VALUES (724,48,5);
INSERT INTO etapes (id_itineraire, id_checkpoint, position) VALUES (724,6,6);

INSERT INTO itineraire (id, nom, distance) VALUES (725, 'itineraire numero 725',0.04166472184991874);
INSERT INTO etapes (id_itineraire, id_checkpoint, position) VALUES (725,179,0);
INSERT INTO etapes (id_itineraire, id_checkpoint, position) VALUES (725,138,1);
INSERT INTO etapes (id_itineraire, id_checkpoint, position) VALUES (725,273,2);
INSERT INTO etapes (id_itineraire, id_checkpoint, position) VALUES (725,180,3);
INSERT INTO etapes (id_itineraire, id_checkpoint, position) VALUES (725,47,4);
INSERT INTO etapes (id_itineraire, id_checkpoint, position) VALUES (725,301,5);
INSERT INTO etapes (id_itineraire, id_checkpoint, position) VALUES (725,6,6);

INSERT INTO itineraire (id, nom, distance) VALUES (726, 'itineraire numero 726',0.061322963632005345);
INSERT INTO etapes (id_itineraire, id_checkpoint, position) VALUES (726,179,0);
INSERT INTO etapes (id_itineraire, id_checkpoint, position) VALUES (726,138,1);
INSERT INTO etapes (id_itineraire, id_checkpoint, position) VALUES (726,273,2);
INSERT INTO etapes (id_itineraire, id_checkpoint, position) VALUES (726,107,3);
INSERT INTO etapes (id_itineraire, id_checkpoint, position) VALUES (726,47,4);
INSERT INTO etapes (id_itineraire, id_checkpoint, position) VALUES (726,180,5);
INSERT INTO etapes (id_itineraire, id_checkpoint, position) VALUES (726,6,6);

INSERT INTO itineraire (id, nom, distance) VALUES (727, 'itineraire numero 727',0.05457544000931888);
INSERT INTO etapes (id_itineraire, id_checkpoint, position) VALUES (727,194,0);
INSERT INTO etapes (id_itineraire, id_checkpoint, position) VALUES (727,138,1);
INSERT INTO etapes (id_itineraire, id_checkpoint, position) VALUES (727,273,2);
INSERT INTO etapes (id_itineraire, id_checkpoint, position) VALUES (727,179,3);
INSERT INTO etapes (id_itineraire, id_checkpoint, position) VALUES (727,47,4);
INSERT INTO etapes (id_itineraire, id_checkpoint, position) VALUES (727,33,5);
INSERT INTO etapes (id_itineraire, id_checkpoint, position) VALUES (727,308,6);

INSERT INTO itineraire (id, nom, distance) VALUES (728, 'itineraire numero 728',0.05752663208879985);
INSERT INTO etapes (id_itineraire, id_checkpoint, position) VALUES (728,309,0);
INSERT INTO etapes (id_itineraire, id_checkpoint, position) VALUES (728,85,1);
INSERT INTO etapes (id_itineraire, id_checkpoint, position) VALUES (728,33,2);
INSERT INTO etapes (id_itineraire, id_checkpoint, position) VALUES (728,48,3);
INSERT INTO etapes (id_itineraire, id_checkpoint, position) VALUES (728,179,4);
INSERT INTO etapes (id_itineraire, id_checkpoint, position) VALUES (728,138,5);
INSERT INTO etapes (id_itineraire, id_checkpoint, position) VALUES (728,273,6);

INSERT INTO itineraire (id, nom, distance) VALUES (729, 'itineraire numero 729',0.05042779148416955);
INSERT INTO etapes (id_itineraire, id_checkpoint, position) VALUES (729,267,0);
INSERT INTO etapes (id_itineraire, id_checkpoint, position) VALUES (729,138,1);
INSERT INTO etapes (id_itineraire, id_checkpoint, position) VALUES (729,273,2);
INSERT INTO etapes (id_itineraire, id_checkpoint, position) VALUES (729,179,3);
INSERT INTO etapes (id_itineraire, id_checkpoint, position) VALUES (729,48,4);
INSERT INTO etapes (id_itineraire, id_checkpoint, position) VALUES (729,33,5);
INSERT INTO etapes (id_itineraire, id_checkpoint, position) VALUES (729,308,6);

INSERT INTO itineraire (id, nom, distance) VALUES (730, 'itineraire numero 730',0.04969885444472261);
INSERT INTO etapes (id_itineraire, id_checkpoint, position) VALUES (730,185,0);
INSERT INTO etapes (id_itineraire, id_checkpoint, position) VALUES (730,296,1);
INSERT INTO etapes (id_itineraire, id_checkpoint, position) VALUES (730,273,2);
INSERT INTO etapes (id_itineraire, id_checkpoint, position) VALUES (730,138,3);
INSERT INTO etapes (id_itineraire, id_checkpoint, position) VALUES (730,179,4);
INSERT INTO etapes (id_itineraire, id_checkpoint, position) VALUES (730,48,5);
INSERT INTO etapes (id_itineraire, id_checkpoint, position) VALUES (730,33,6);

INSERT INTO itineraire (id, nom, distance) VALUES (731, 'itineraire numero 731',0.047011605444603935);
INSERT INTO etapes (id_itineraire, id_checkpoint, position) VALUES (731,192,0);
INSERT INTO etapes (id_itineraire, id_checkpoint, position) VALUES (731,296,1);
INSERT INTO etapes (id_itineraire, id_checkpoint, position) VALUES (731,273,2);
INSERT INTO etapes (id_itineraire, id_checkpoint, position) VALUES (731,138,3);
INSERT INTO etapes (id_itineraire, id_checkpoint, position) VALUES (731,179,4);
INSERT INTO etapes (id_itineraire, id_checkpoint, position) VALUES (731,48,5);
INSERT INTO etapes (id_itineraire, id_checkpoint, position) VALUES (731,33,6);

INSERT INTO itineraire (id, nom, distance) VALUES (732, 'itineraire numero 732',0.04915759468986429);
INSERT INTO etapes (id_itineraire, id_checkpoint, position) VALUES (732,219,0);
INSERT INTO etapes (id_itineraire, id_checkpoint, position) VALUES (732,296,1);
INSERT INTO etapes (id_itineraire, id_checkpoint, position) VALUES (732,273,2);
INSERT INTO etapes (id_itineraire, id_checkpoint, position) VALUES (732,138,3);
INSERT INTO etapes (id_itineraire, id_checkpoint, position) VALUES (732,179,4);
INSERT INTO etapes (id_itineraire, id_checkpoint, position) VALUES (732,48,5);
INSERT INTO etapes (id_itineraire, id_checkpoint, position) VALUES (732,33,6);

INSERT INTO itineraire (id, nom, distance) VALUES (733, 'itineraire numero 733',0.0629410374164377);
INSERT INTO etapes (id_itineraire, id_checkpoint, position) VALUES (733,34,0);
INSERT INTO etapes (id_itineraire, id_checkpoint, position) VALUES (733,100,1);
INSERT INTO etapes (id_itineraire, id_checkpoint, position) VALUES (733,273,2);
INSERT INTO etapes (id_itineraire, id_checkpoint, position) VALUES (733,179,3);
INSERT INTO etapes (id_itineraire, id_checkpoint, position) VALUES (733,48,4);
INSERT INTO etapes (id_itineraire, id_checkpoint, position) VALUES (733,180,5);
INSERT INTO etapes (id_itineraire, id_checkpoint, position) VALUES (733,138,6);

INSERT INTO itineraire (id, nom, distance) VALUES (734, 'itineraire numero 734',0.049403127509923324);
INSERT INTO etapes (id_itineraire, id_checkpoint, position) VALUES (734,34,0);
INSERT INTO etapes (id_itineraire, id_checkpoint, position) VALUES (734,108,1);
INSERT INTO etapes (id_itineraire, id_checkpoint, position) VALUES (734,179,2);
INSERT INTO etapes (id_itineraire, id_checkpoint, position) VALUES (734,273,3);
INSERT INTO etapes (id_itineraire, id_checkpoint, position) VALUES (734,138,4);
INSERT INTO etapes (id_itineraire, id_checkpoint, position) VALUES (734,180,5);
INSERT INTO etapes (id_itineraire, id_checkpoint, position) VALUES (734,46,6);

INSERT INTO itineraire (id, nom, distance) VALUES (735, 'itineraire numero 735',0.04236817102512013);
INSERT INTO etapes (id_itineraire, id_checkpoint, position) VALUES (735,34,0);
INSERT INTO etapes (id_itineraire, id_checkpoint, position) VALUES (735,85,1);
INSERT INTO etapes (id_itineraire, id_checkpoint, position) VALUES (735,87,2);
INSERT INTO etapes (id_itineraire, id_checkpoint, position) VALUES (735,48,3);
INSERT INTO etapes (id_itineraire, id_checkpoint, position) VALUES (735,179,4);
INSERT INTO etapes (id_itineraire, id_checkpoint, position) VALUES (735,273,5);
INSERT INTO etapes (id_itineraire, id_checkpoint, position) VALUES (735,138,6);

INSERT INTO itineraire (id, nom, distance) VALUES (736, 'itineraire numero 736',0.06203173500338721);
INSERT INTO etapes (id_itineraire, id_checkpoint, position) VALUES (736,179,0);
INSERT INTO etapes (id_itineraire, id_checkpoint, position) VALUES (736,194,1);
INSERT INTO etapes (id_itineraire, id_checkpoint, position) VALUES (736,138,2);
INSERT INTO etapes (id_itineraire, id_checkpoint, position) VALUES (736,273,3);
INSERT INTO etapes (id_itineraire, id_checkpoint, position) VALUES (736,97,4);
INSERT INTO etapes (id_itineraire, id_checkpoint, position) VALUES (736,33,5);
INSERT INTO etapes (id_itineraire, id_checkpoint, position) VALUES (736,47,6);

INSERT INTO itineraire (id, nom, distance) VALUES (737, 'itineraire numero 737',0.04574446456389329);
INSERT INTO etapes (id_itineraire, id_checkpoint, position) VALUES (737,34,0);
INSERT INTO etapes (id_itineraire, id_checkpoint, position) VALUES (737,86,1);
INSERT INTO etapes (id_itineraire, id_checkpoint, position) VALUES (737,97,2);
INSERT INTO etapes (id_itineraire, id_checkpoint, position) VALUES (737,48,3);
INSERT INTO etapes (id_itineraire, id_checkpoint, position) VALUES (737,179,4);
INSERT INTO etapes (id_itineraire, id_checkpoint, position) VALUES (737,273,5);
INSERT INTO etapes (id_itineraire, id_checkpoint, position) VALUES (737,138,6);

INSERT INTO itineraire (id, nom, distance) VALUES (738, 'itineraire numero 738',0.05267371548056332);
INSERT INTO etapes (id_itineraire, id_checkpoint, position) VALUES (738,267,0);
INSERT INTO etapes (id_itineraire, id_checkpoint, position) VALUES (738,179,1);
INSERT INTO etapes (id_itineraire, id_checkpoint, position) VALUES (738,138,2);
INSERT INTO etapes (id_itineraire, id_checkpoint, position) VALUES (738,273,3);
INSERT INTO etapes (id_itineraire, id_checkpoint, position) VALUES (738,97,4);
INSERT INTO etapes (id_itineraire, id_checkpoint, position) VALUES (738,33,5);
INSERT INTO etapes (id_itineraire, id_checkpoint, position) VALUES (738,47,6);

INSERT INTO itineraire (id, nom, distance) VALUES (739, 'itineraire numero 739',0.061367177191782515);
INSERT INTO etapes (id_itineraire, id_checkpoint, position) VALUES (739,179,0);
INSERT INTO etapes (id_itineraire, id_checkpoint, position) VALUES (739,194,1);
INSERT INTO etapes (id_itineraire, id_checkpoint, position) VALUES (739,138,2);
INSERT INTO etapes (id_itineraire, id_checkpoint, position) VALUES (739,273,3);
INSERT INTO etapes (id_itineraire, id_checkpoint, position) VALUES (739,107,4);
INSERT INTO etapes (id_itineraire, id_checkpoint, position) VALUES (739,33,5);
INSERT INTO etapes (id_itineraire, id_checkpoint, position) VALUES (739,47,6);

INSERT INTO itineraire (id, nom, distance) VALUES (740, 'itineraire numero 740',0.04890309329744556);
INSERT INTO etapes (id_itineraire, id_checkpoint, position) VALUES (740,34,0);
INSERT INTO etapes (id_itineraire, id_checkpoint, position) VALUES (740,86,1);
INSERT INTO etapes (id_itineraire, id_checkpoint, position) VALUES (740,51,2);
INSERT INTO etapes (id_itineraire, id_checkpoint, position) VALUES (740,48,3);
INSERT INTO etapes (id_itineraire, id_checkpoint, position) VALUES (740,179,4);
INSERT INTO etapes (id_itineraire, id_checkpoint, position) VALUES (740,273,5);
INSERT INTO etapes (id_itineraire, id_checkpoint, position) VALUES (740,138,6);

INSERT INTO itineraire (id, nom, distance) VALUES (741, 'itineraire numero 741',0.05097553044016485);
INSERT INTO etapes (id_itineraire, id_checkpoint, position) VALUES (741,34,0);
INSERT INTO etapes (id_itineraire, id_checkpoint, position) VALUES (741,108,1);
INSERT INTO etapes (id_itineraire, id_checkpoint, position) VALUES (741,267,2);
INSERT INTO etapes (id_itineraire, id_checkpoint, position) VALUES (741,273,3);
INSERT INTO etapes (id_itineraire, id_checkpoint, position) VALUES (741,138,4);
INSERT INTO etapes (id_itineraire, id_checkpoint, position) VALUES (741,179,5);
INSERT INTO etapes (id_itineraire, id_checkpoint, position) VALUES (741,47,6);

INSERT INTO itineraire (id, nom, distance) VALUES (742, 'itineraire numero 742',0.056681443754167796);
INSERT INTO etapes (id_itineraire, id_checkpoint, position) VALUES (742,95,0);
INSERT INTO etapes (id_itineraire, id_checkpoint, position) VALUES (742,86,1);
INSERT INTO etapes (id_itineraire, id_checkpoint, position) VALUES (742,308,2);
INSERT INTO etapes (id_itineraire, id_checkpoint, position) VALUES (742,138,3);
INSERT INTO etapes (id_itineraire, id_checkpoint, position) VALUES (742,273,4);
INSERT INTO etapes (id_itineraire, id_checkpoint, position) VALUES (742,179,5);
INSERT INTO etapes (id_itineraire, id_checkpoint, position) VALUES (742,47,6);

INSERT INTO itineraire (id, nom, distance) VALUES (743, 'itineraire numero 743',0.05281975077996961);
INSERT INTO etapes (id_itineraire, id_checkpoint, position) VALUES (743,95,0);
INSERT INTO etapes (id_itineraire, id_checkpoint, position) VALUES (743,100,1);
INSERT INTO etapes (id_itineraire, id_checkpoint, position) VALUES (743,179,2);
INSERT INTO etapes (id_itineraire, id_checkpoint, position) VALUES (743,273,3);
INSERT INTO etapes (id_itineraire, id_checkpoint, position) VALUES (743,138,4);
INSERT INTO etapes (id_itineraire, id_checkpoint, position) VALUES (743,180,5);
INSERT INTO etapes (id_itineraire, id_checkpoint, position) VALUES (743,47,6);

INSERT INTO itineraire (id, nom, distance) VALUES (744, 'itineraire numero 744',0.04270478520763504);
INSERT INTO etapes (id_itineraire, id_checkpoint, position) VALUES (744,95,0);
INSERT INTO etapes (id_itineraire, id_checkpoint, position) VALUES (744,86,1);
INSERT INTO etapes (id_itineraire, id_checkpoint, position) VALUES (744,87,2);
INSERT INTO etapes (id_itineraire, id_checkpoint, position) VALUES (744,48,3);
INSERT INTO etapes (id_itineraire, id_checkpoint, position) VALUES (744,179,4);
INSERT INTO etapes (id_itineraire, id_checkpoint, position) VALUES (744,273,5);
INSERT INTO etapes (id_itineraire, id_checkpoint, position) VALUES (744,138,6);

INSERT INTO itineraire (id, nom, distance) VALUES (745, 'itineraire numero 745',0.046081078746408204);
INSERT INTO etapes (id_itineraire, id_checkpoint, position) VALUES (745,95,0);
INSERT INTO etapes (id_itineraire, id_checkpoint, position) VALUES (745,86,1);
INSERT INTO etapes (id_itineraire, id_checkpoint, position) VALUES (745,97,2);
INSERT INTO etapes (id_itineraire, id_checkpoint, position) VALUES (745,48,3);
INSERT INTO etapes (id_itineraire, id_checkpoint, position) VALUES (745,179,4);
INSERT INTO etapes (id_itineraire, id_checkpoint, position) VALUES (745,273,5);
INSERT INTO etapes (id_itineraire, id_checkpoint, position) VALUES (745,138,6);

INSERT INTO itineraire (id, nom, distance) VALUES (746, 'itineraire numero 746',0.049239707479960475);
INSERT INTO etapes (id_itineraire, id_checkpoint, position) VALUES (746,95,0);
INSERT INTO etapes (id_itineraire, id_checkpoint, position) VALUES (746,86,1);
INSERT INTO etapes (id_itineraire, id_checkpoint, position) VALUES (746,51,2);
INSERT INTO etapes (id_itineraire, id_checkpoint, position) VALUES (746,48,3);
INSERT INTO etapes (id_itineraire, id_checkpoint, position) VALUES (746,179,4);
INSERT INTO etapes (id_itineraire, id_checkpoint, position) VALUES (746,273,5);
INSERT INTO etapes (id_itineraire, id_checkpoint, position) VALUES (746,138,6);

INSERT INTO itineraire (id, nom, distance) VALUES (747, 'itineraire numero 747',0.047566239453539605);
INSERT INTO etapes (id_itineraire, id_checkpoint, position) VALUES (747,25,0);
INSERT INTO etapes (id_itineraire, id_checkpoint, position) VALUES (747,309,1);
INSERT INTO etapes (id_itineraire, id_checkpoint, position) VALUES (747,189,2);
INSERT INTO etapes (id_itineraire, id_checkpoint, position) VALUES (747,273,3);
INSERT INTO etapes (id_itineraire, id_checkpoint, position) VALUES (747,138,4);
INSERT INTO etapes (id_itineraire, id_checkpoint, position) VALUES (747,179,5);
INSERT INTO etapes (id_itineraire, id_checkpoint, position) VALUES (747,47,6);

INSERT INTO itineraire (id, nom, distance) VALUES (748, 'itineraire numero 748',0.055670126098817906);
INSERT INTO etapes (id_itineraire, id_checkpoint, position) VALUES (748,49,0);
INSERT INTO etapes (id_itineraire, id_checkpoint, position) VALUES (748,309,1);
INSERT INTO etapes (id_itineraire, id_checkpoint, position) VALUES (748,189,2);
INSERT INTO etapes (id_itineraire, id_checkpoint, position) VALUES (748,273,3);
INSERT INTO etapes (id_itineraire, id_checkpoint, position) VALUES (748,138,4);
INSERT INTO etapes (id_itineraire, id_checkpoint, position) VALUES (748,179,5);
INSERT INTO etapes (id_itineraire, id_checkpoint, position) VALUES (748,47,6);

INSERT INTO itineraire (id, nom, distance) VALUES (749, 'itineraire numero 749',0.05427327487322309);
INSERT INTO etapes (id_itineraire, id_checkpoint, position) VALUES (749,50,0);
INSERT INTO etapes (id_itineraire, id_checkpoint, position) VALUES (749,309,1);
INSERT INTO etapes (id_itineraire, id_checkpoint, position) VALUES (749,189,2);
INSERT INTO etapes (id_itineraire, id_checkpoint, position) VALUES (749,273,3);
INSERT INTO etapes (id_itineraire, id_checkpoint, position) VALUES (749,138,4);
INSERT INTO etapes (id_itineraire, id_checkpoint, position) VALUES (749,179,5);
INSERT INTO etapes (id_itineraire, id_checkpoint, position) VALUES (749,48,6);

INSERT INTO itineraire (id, nom, distance) VALUES (750, 'itineraire numero 750',0.042991734465857884);
INSERT INTO etapes (id_itineraire, id_checkpoint, position) VALUES (750,309,0);
INSERT INTO etapes (id_itineraire, id_checkpoint, position) VALUES (750,117,1);
INSERT INTO etapes (id_itineraire, id_checkpoint, position) VALUES (750,179,2);
INSERT INTO etapes (id_itineraire, id_checkpoint, position) VALUES (750,273,3);
INSERT INTO etapes (id_itineraire, id_checkpoint, position) VALUES (750,138,4);
INSERT INTO etapes (id_itineraire, id_checkpoint, position) VALUES (750,180,5);
INSERT INTO etapes (id_itineraire, id_checkpoint, position) VALUES (750,48,6);

INSERT INTO itineraire (id, nom, distance) VALUES (751, 'itineraire numero 751',0.042620814320488844);
INSERT INTO etapes (id_itineraire, id_checkpoint, position) VALUES (751,309,0);
INSERT INTO etapes (id_itineraire, id_checkpoint, position) VALUES (751,70,1);
INSERT INTO etapes (id_itineraire, id_checkpoint, position) VALUES (751,179,2);
INSERT INTO etapes (id_itineraire, id_checkpoint, position) VALUES (751,273,3);
INSERT INTO etapes (id_itineraire, id_checkpoint, position) VALUES (751,138,4);
INSERT INTO etapes (id_itineraire, id_checkpoint, position) VALUES (751,180,5);
INSERT INTO etapes (id_itineraire, id_checkpoint, position) VALUES (751,48,6);

INSERT INTO itineraire (id, nom, distance) VALUES (752, 'itineraire numero 752',0.058962250414512064);
INSERT INTO etapes (id_itineraire, id_checkpoint, position) VALUES (752,309,0);
INSERT INTO etapes (id_itineraire, id_checkpoint, position) VALUES (752,297,1);
INSERT INTO etapes (id_itineraire, id_checkpoint, position) VALUES (752,117,2);
INSERT INTO etapes (id_itineraire, id_checkpoint, position) VALUES (752,138,3);
INSERT INTO etapes (id_itineraire, id_checkpoint, position) VALUES (752,273,4);
INSERT INTO etapes (id_itineraire, id_checkpoint, position) VALUES (752,179,5);
INSERT INTO etapes (id_itineraire, id_checkpoint, position) VALUES (752,48,6);

INSERT INTO itineraire (id, nom, distance) VALUES (753, 'itineraire numero 753',0.0486480342434193);
INSERT INTO etapes (id_itineraire, id_checkpoint, position) VALUES (753,310,0);
INSERT INTO etapes (id_itineraire, id_checkpoint, position) VALUES (753,117,1);
INSERT INTO etapes (id_itineraire, id_checkpoint, position) VALUES (753,138,2);
INSERT INTO etapes (id_itineraire, id_checkpoint, position) VALUES (753,194,3);
INSERT INTO etapes (id_itineraire, id_checkpoint, position) VALUES (753,273,4);
INSERT INTO etapes (id_itineraire, id_checkpoint, position) VALUES (753,179,5);
INSERT INTO etapes (id_itineraire, id_checkpoint, position) VALUES (753,48,6);

INSERT INTO itineraire (id, nom, distance) VALUES (754, 'itineraire numero 754',0.047850363406214486);
INSERT INTO etapes (id_itineraire, id_checkpoint, position) VALUES (754,310,0);
INSERT INTO etapes (id_itineraire, id_checkpoint, position) VALUES (754,70,1);
INSERT INTO etapes (id_itineraire, id_checkpoint, position) VALUES (754,138,2);
INSERT INTO etapes (id_itineraire, id_checkpoint, position) VALUES (754,194,3);
INSERT INTO etapes (id_itineraire, id_checkpoint, position) VALUES (754,273,4);
INSERT INTO etapes (id_itineraire, id_checkpoint, position) VALUES (754,179,5);
INSERT INTO etapes (id_itineraire, id_checkpoint, position) VALUES (754,48,6);

INSERT INTO itineraire (id, nom, distance) VALUES (755, 'itineraire numero 755',0.07265997341854874);
INSERT INTO etapes (id_itineraire, id_checkpoint, position) VALUES (755,138,0);
INSERT INTO etapes (id_itineraire, id_checkpoint, position) VALUES (755,309,1);
INSERT INTO etapes (id_itineraire, id_checkpoint, position) VALUES (755,85,2);
INSERT INTO etapes (id_itineraire, id_checkpoint, position) VALUES (755,25,3);
INSERT INTO etapes (id_itineraire, id_checkpoint, position) VALUES (755,48,4);
INSERT INTO etapes (id_itineraire, id_checkpoint, position) VALUES (755,179,5);
INSERT INTO etapes (id_itineraire, id_checkpoint, position) VALUES (755,273,6);

INSERT INTO itineraire (id, nom, distance) VALUES (756, 'itineraire numero 756',0.038810058035798234);
INSERT INTO etapes (id_itineraire, id_checkpoint, position) VALUES (756,310,0);
INSERT INTO etapes (id_itineraire, id_checkpoint, position) VALUES (756,117,1);
INSERT INTO etapes (id_itineraire, id_checkpoint, position) VALUES (756,71,2);
INSERT INTO etapes (id_itineraire, id_checkpoint, position) VALUES (756,138,3);
INSERT INTO etapes (id_itineraire, id_checkpoint, position) VALUES (756,273,4);
INSERT INTO etapes (id_itineraire, id_checkpoint, position) VALUES (756,179,5);
INSERT INTO etapes (id_itineraire, id_checkpoint, position) VALUES (756,48,6);

INSERT INTO itineraire (id, nom, distance) VALUES (757, 'itineraire numero 757',0.03768437310361111);
INSERT INTO etapes (id_itineraire, id_checkpoint, position) VALUES (757,310,0);
INSERT INTO etapes (id_itineraire, id_checkpoint, position) VALUES (757,117,1);
INSERT INTO etapes (id_itineraire, id_checkpoint, position) VALUES (757,72,2);
INSERT INTO etapes (id_itineraire, id_checkpoint, position) VALUES (757,138,3);
INSERT INTO etapes (id_itineraire, id_checkpoint, position) VALUES (757,273,4);
INSERT INTO etapes (id_itineraire, id_checkpoint, position) VALUES (757,179,5);
INSERT INTO etapes (id_itineraire, id_checkpoint, position) VALUES (757,48,6);

INSERT INTO itineraire (id, nom, distance) VALUES (758, 'itineraire numero 758',0.04998928496171456);
INSERT INTO etapes (id_itineraire, id_checkpoint, position) VALUES (758,310,0);
INSERT INTO etapes (id_itineraire, id_checkpoint, position) VALUES (758,117,1);
INSERT INTO etapes (id_itineraire, id_checkpoint, position) VALUES (758,138,2);
INSERT INTO etapes (id_itineraire, id_checkpoint, position) VALUES (758,262,3);
INSERT INTO etapes (id_itineraire, id_checkpoint, position) VALUES (758,48,4);
INSERT INTO etapes (id_itineraire, id_checkpoint, position) VALUES (758,179,5);
INSERT INTO etapes (id_itineraire, id_checkpoint, position) VALUES (758,273,6);

INSERT INTO itineraire (id, nom, distance) VALUES (759, 'itineraire numero 759',0.05036955731416834);
INSERT INTO etapes (id_itineraire, id_checkpoint, position) VALUES (759,310,0);
INSERT INTO etapes (id_itineraire, id_checkpoint, position) VALUES (759,117,1);
INSERT INTO etapes (id_itineraire, id_checkpoint, position) VALUES (759,138,2);
INSERT INTO etapes (id_itineraire, id_checkpoint, position) VALUES (759,263,3);
INSERT INTO etapes (id_itineraire, id_checkpoint, position) VALUES (759,48,4);
INSERT INTO etapes (id_itineraire, id_checkpoint, position) VALUES (759,179,5);
INSERT INTO etapes (id_itineraire, id_checkpoint, position) VALUES (759,273,6);

INSERT INTO itineraire (id, nom, distance) VALUES (760, 'itineraire numero 760',0.05010222649115451);
INSERT INTO etapes (id_itineraire, id_checkpoint, position) VALUES (760,310,0);
INSERT INTO etapes (id_itineraire, id_checkpoint, position) VALUES (760,117,1);
INSERT INTO etapes (id_itineraire, id_checkpoint, position) VALUES (760,138,2);
INSERT INTO etapes (id_itineraire, id_checkpoint, position) VALUES (760,268,3);
INSERT INTO etapes (id_itineraire, id_checkpoint, position) VALUES (760,48,4);
INSERT INTO etapes (id_itineraire, id_checkpoint, position) VALUES (760,179,5);
INSERT INTO etapes (id_itineraire, id_checkpoint, position) VALUES (760,273,6);

INSERT INTO itineraire (id, nom, distance) VALUES (761, 'itineraire numero 761',0.052365592231706067);
INSERT INTO etapes (id_itineraire, id_checkpoint, position) VALUES (761,310,0);
INSERT INTO etapes (id_itineraire, id_checkpoint, position) VALUES (761,117,1);
INSERT INTO etapes (id_itineraire, id_checkpoint, position) VALUES (761,138,2);
INSERT INTO etapes (id_itineraire, id_checkpoint, position) VALUES (761,179,3);
INSERT INTO etapes (id_itineraire, id_checkpoint, position) VALUES (761,48,4);
INSERT INTO etapes (id_itineraire, id_checkpoint, position) VALUES (761,252,5);
INSERT INTO etapes (id_itineraire, id_checkpoint, position) VALUES (761,273,6);

INSERT INTO itineraire (id, nom, distance) VALUES (762, 'itineraire numero 762',0.05023794022457268);
INSERT INTO etapes (id_itineraire, id_checkpoint, position) VALUES (762,311,0);
INSERT INTO etapes (id_itineraire, id_checkpoint, position) VALUES (762,117,1);
INSERT INTO etapes (id_itineraire, id_checkpoint, position) VALUES (762,138,2);
INSERT INTO etapes (id_itineraire, id_checkpoint, position) VALUES (762,256,3);
INSERT INTO etapes (id_itineraire, id_checkpoint, position) VALUES (762,48,4);
INSERT INTO etapes (id_itineraire, id_checkpoint, position) VALUES (762,179,5);
INSERT INTO etapes (id_itineraire, id_checkpoint, position) VALUES (762,273,6);

INSERT INTO itineraire (id, nom, distance) VALUES (763, 'itineraire numero 763',0.04354817126233699);
INSERT INTO etapes (id_itineraire, id_checkpoint, position) VALUES (763,126,0);
INSERT INTO etapes (id_itineraire, id_checkpoint, position) VALUES (763,309,1);
INSERT INTO etapes (id_itineraire, id_checkpoint, position) VALUES (763,208,2);
INSERT INTO etapes (id_itineraire, id_checkpoint, position) VALUES (763,296,3);
INSERT INTO etapes (id_itineraire, id_checkpoint, position) VALUES (763,273,4);
INSERT INTO etapes (id_itineraire, id_checkpoint, position) VALUES (763,179,5);
INSERT INTO etapes (id_itineraire, id_checkpoint, position) VALUES (763,138,6);

INSERT INTO itineraire (id, nom, distance) VALUES (764, 'itineraire numero 764',0.03693477759110045);
INSERT INTO etapes (id_itineraire, id_checkpoint, position) VALUES (764,126,0);
INSERT INTO etapes (id_itineraire, id_checkpoint, position) VALUES (764,309,1);
INSERT INTO etapes (id_itineraire, id_checkpoint, position) VALUES (764,208,2);
INSERT INTO etapes (id_itineraire, id_checkpoint, position) VALUES (764,189,3);
INSERT INTO etapes (id_itineraire, id_checkpoint, position) VALUES (764,273,4);
INSERT INTO etapes (id_itineraire, id_checkpoint, position) VALUES (764,179,5);
INSERT INTO etapes (id_itineraire, id_checkpoint, position) VALUES (764,138,6);

INSERT INTO itineraire (id, nom, distance) VALUES (765, 'itineraire numero 765',0.040325509215554944);
INSERT INTO etapes (id_itineraire, id_checkpoint, position) VALUES (765,126,0);
INSERT INTO etapes (id_itineraire, id_checkpoint, position) VALUES (765,309,1);
INSERT INTO etapes (id_itineraire, id_checkpoint, position) VALUES (765,208,2);
INSERT INTO etapes (id_itineraire, id_checkpoint, position) VALUES (765,179,3);
INSERT INTO etapes (id_itineraire, id_checkpoint, position) VALUES (765,273,4);
INSERT INTO etapes (id_itineraire, id_checkpoint, position) VALUES (765,138,5);
INSERT INTO etapes (id_itineraire, id_checkpoint, position) VALUES (765,180,6);

INSERT INTO itineraire (id, nom, distance) VALUES (766, 'itineraire numero 766',0.037742266679249716);
INSERT INTO etapes (id_itineraire, id_checkpoint, position) VALUES (766,126,0);
INSERT INTO etapes (id_itineraire, id_checkpoint, position) VALUES (766,310,1);
INSERT INTO etapes (id_itineraire, id_checkpoint, position) VALUES (766,208,2);
INSERT INTO etapes (id_itineraire, id_checkpoint, position) VALUES (766,181,3);
INSERT INTO etapes (id_itineraire, id_checkpoint, position) VALUES (766,179,4);
INSERT INTO etapes (id_itineraire, id_checkpoint, position) VALUES (766,273,5);
INSERT INTO etapes (id_itineraire, id_checkpoint, position) VALUES (766,138,6);

INSERT INTO itineraire (id, nom, distance) VALUES (767, 'itineraire numero 767',0.03816034337520342);
INSERT INTO etapes (id_itineraire, id_checkpoint, position) VALUES (767,126,0);
INSERT INTO etapes (id_itineraire, id_checkpoint, position) VALUES (767,310,1);
INSERT INTO etapes (id_itineraire, id_checkpoint, position) VALUES (767,208,2);
INSERT INTO etapes (id_itineraire, id_checkpoint, position) VALUES (767,182,3);
INSERT INTO etapes (id_itineraire, id_checkpoint, position) VALUES (767,179,4);
INSERT INTO etapes (id_itineraire, id_checkpoint, position) VALUES (767,273,5);
INSERT INTO etapes (id_itineraire, id_checkpoint, position) VALUES (767,138,6);

INSERT INTO itineraire (id, nom, distance) VALUES (768, 'itineraire numero 768',0.049465015447995565);
INSERT INTO etapes (id_itineraire, id_checkpoint, position) VALUES (768,126,0);
INSERT INTO etapes (id_itineraire, id_checkpoint, position) VALUES (768,310,1);
INSERT INTO etapes (id_itineraire, id_checkpoint, position) VALUES (768,208,2);
INSERT INTO etapes (id_itineraire, id_checkpoint, position) VALUES (768,179,3);
INSERT INTO etapes (id_itineraire, id_checkpoint, position) VALUES (768,194,4);
INSERT INTO etapes (id_itineraire, id_checkpoint, position) VALUES (768,273,5);
INSERT INTO etapes (id_itineraire, id_checkpoint, position) VALUES (768,138,6);

INSERT INTO itineraire (id, nom, distance) VALUES (769, 'itineraire numero 769',0.050337695520115036);
INSERT INTO etapes (id_itineraire, id_checkpoint, position) VALUES (769,126,0);
INSERT INTO etapes (id_itineraire, id_checkpoint, position) VALUES (769,310,1);
INSERT INTO etapes (id_itineraire, id_checkpoint, position) VALUES (769,209,2);
INSERT INTO etapes (id_itineraire, id_checkpoint, position) VALUES (769,232,3);
INSERT INTO etapes (id_itineraire, id_checkpoint, position) VALUES (769,179,4);
INSERT INTO etapes (id_itineraire, id_checkpoint, position) VALUES (769,273,5);
INSERT INTO etapes (id_itineraire, id_checkpoint, position) VALUES (769,138,6);

INSERT INTO itineraire (id, nom, distance) VALUES (770, 'itineraire numero 770',0.04701361745131918);
INSERT INTO etapes (id_itineraire, id_checkpoint, position) VALUES (770,126,0);
INSERT INTO etapes (id_itineraire, id_checkpoint, position) VALUES (770,310,1);
INSERT INTO etapes (id_itineraire, id_checkpoint, position) VALUES (770,209,2);
INSERT INTO etapes (id_itineraire, id_checkpoint, position) VALUES (770,260,3);
INSERT INTO etapes (id_itineraire, id_checkpoint, position) VALUES (770,179,4);
INSERT INTO etapes (id_itineraire, id_checkpoint, position) VALUES (770,273,5);
INSERT INTO etapes (id_itineraire, id_checkpoint, position) VALUES (770,138,6);

INSERT INTO itineraire (id, nom, distance) VALUES (771, 'itineraire numero 771',0.043621293201288304);
INSERT INTO etapes (id_itineraire, id_checkpoint, position) VALUES (771,126,0);
INSERT INTO etapes (id_itineraire, id_checkpoint, position) VALUES (771,310,1);
INSERT INTO etapes (id_itineraire, id_checkpoint, position) VALUES (771,209,2);
INSERT INTO etapes (id_itineraire, id_checkpoint, position) VALUES (771,267,3);
INSERT INTO etapes (id_itineraire, id_checkpoint, position) VALUES (771,179,4);
INSERT INTO etapes (id_itineraire, id_checkpoint, position) VALUES (771,273,5);
INSERT INTO etapes (id_itineraire, id_checkpoint, position) VALUES (771,138,6);

INSERT INTO itineraire (id, nom, distance) VALUES (772, 'itineraire numero 772',0.03548657455275896);
INSERT INTO etapes (id_itineraire, id_checkpoint, position) VALUES (772,126,0);
INSERT INTO etapes (id_itineraire, id_checkpoint, position) VALUES (772,310,1);
INSERT INTO etapes (id_itineraire, id_checkpoint, position) VALUES (772,209,2);
INSERT INTO etapes (id_itineraire, id_checkpoint, position) VALUES (772,148,3);
INSERT INTO etapes (id_itineraire, id_checkpoint, position) VALUES (772,179,4);
INSERT INTO etapes (id_itineraire, id_checkpoint, position) VALUES (772,273,5);
INSERT INTO etapes (id_itineraire, id_checkpoint, position) VALUES (772,138,6);

INSERT INTO itineraire (id, nom, distance) VALUES (773, 'itineraire numero 773',0.03663952415592184);
INSERT INTO etapes (id_itineraire, id_checkpoint, position) VALUES (773,126,0);
INSERT INTO etapes (id_itineraire, id_checkpoint, position) VALUES (773,100,1);
INSERT INTO etapes (id_itineraire, id_checkpoint, position) VALUES (773,209,2);
INSERT INTO etapes (id_itineraire, id_checkpoint, position) VALUES (773,179,3);
INSERT INTO etapes (id_itineraire, id_checkpoint, position) VALUES (773,296,4);
INSERT INTO etapes (id_itineraire, id_checkpoint, position) VALUES (773,273,5);
INSERT INTO etapes (id_itineraire, id_checkpoint, position) VALUES (773,138,6);

INSERT INTO itineraire (id, nom, distance) VALUES (774, 'itineraire numero 774',0.04157449012074609);
INSERT INTO etapes (id_itineraire, id_checkpoint, position) VALUES (774,2,0);
INSERT INTO etapes (id_itineraire, id_checkpoint, position) VALUES (774,31,1);
INSERT INTO etapes (id_itineraire, id_checkpoint, position) VALUES (774,308,2);
INSERT INTO etapes (id_itineraire, id_checkpoint, position) VALUES (774,297,3);
INSERT INTO etapes (id_itineraire, id_checkpoint, position) VALUES (774,179,4);
INSERT INTO etapes (id_itineraire, id_checkpoint, position) VALUES (774,273,5);
INSERT INTO etapes (id_itineraire, id_checkpoint, position) VALUES (774,138,6);

INSERT INTO itineraire (id, nom, distance) VALUES (775, 'itineraire numero 775',0.04117992562932346);
INSERT INTO etapes (id_itineraire, id_checkpoint, position) VALUES (775,2,0);
INSERT INTO etapes (id_itineraire, id_checkpoint, position) VALUES (775,31,1);
INSERT INTO etapes (id_itineraire, id_checkpoint, position) VALUES (775,309,2);
INSERT INTO etapes (id_itineraire, id_checkpoint, position) VALUES (775,71,3);
INSERT INTO etapes (id_itineraire, id_checkpoint, position) VALUES (775,179,4);
INSERT INTO etapes (id_itineraire, id_checkpoint, position) VALUES (775,138,5);
INSERT INTO etapes (id_itineraire, id_checkpoint, position) VALUES (775,273,6);

INSERT INTO itineraire (id, nom, distance) VALUES (776, 'itineraire numero 776',0.041239352403568616);
INSERT INTO etapes (id_itineraire, id_checkpoint, position) VALUES (776,2,0);
INSERT INTO etapes (id_itineraire, id_checkpoint, position) VALUES (776,31,1);
INSERT INTO etapes (id_itineraire, id_checkpoint, position) VALUES (776,309,2);
INSERT INTO etapes (id_itineraire, id_checkpoint, position) VALUES (776,72,3);
INSERT INTO etapes (id_itineraire, id_checkpoint, position) VALUES (776,179,4);
INSERT INTO etapes (id_itineraire, id_checkpoint, position) VALUES (776,138,5);
INSERT INTO etapes (id_itineraire, id_checkpoint, position) VALUES (776,273,6);

INSERT INTO itineraire (id, nom, distance) VALUES (777, 'itineraire numero 777',0.043242718803974727);
INSERT INTO etapes (id_itineraire, id_checkpoint, position) VALUES (777,2,0);
INSERT INTO etapes (id_itineraire, id_checkpoint, position) VALUES (777,31,1);
INSERT INTO etapes (id_itineraire, id_checkpoint, position) VALUES (777,309,2);
INSERT INTO etapes (id_itineraire, id_checkpoint, position) VALUES (777,262,3);
INSERT INTO etapes (id_itineraire, id_checkpoint, position) VALUES (777,179,4);
INSERT INTO etapes (id_itineraire, id_checkpoint, position) VALUES (777,138,5);
INSERT INTO etapes (id_itineraire, id_checkpoint, position) VALUES (777,273,6);

INSERT INTO itineraire (id, nom, distance) VALUES (778, 'itineraire numero 778',0.04187785383346243);
INSERT INTO etapes (id_itineraire, id_checkpoint, position) VALUES (778,2,0);
INSERT INTO etapes (id_itineraire, id_checkpoint, position) VALUES (778,31,1);
INSERT INTO etapes (id_itineraire, id_checkpoint, position) VALUES (778,309,2);
INSERT INTO etapes (id_itineraire, id_checkpoint, position) VALUES (778,263,3);
INSERT INTO etapes (id_itineraire, id_checkpoint, position) VALUES (778,179,4);
INSERT INTO etapes (id_itineraire, id_checkpoint, position) VALUES (778,138,5);
INSERT INTO etapes (id_itineraire, id_checkpoint, position) VALUES (778,273,6);

INSERT INTO itineraire (id, nom, distance) VALUES (779, 'itineraire numero 779',0.04119467527459972);
INSERT INTO etapes (id_itineraire, id_checkpoint, position) VALUES (779,2,0);
INSERT INTO etapes (id_itineraire, id_checkpoint, position) VALUES (779,31,1);
INSERT INTO etapes (id_itineraire, id_checkpoint, position) VALUES (779,309,2);
INSERT INTO etapes (id_itineraire, id_checkpoint, position) VALUES (779,268,3);
INSERT INTO etapes (id_itineraire, id_checkpoint, position) VALUES (779,179,4);
INSERT INTO etapes (id_itineraire, id_checkpoint, position) VALUES (779,138,5);
INSERT INTO etapes (id_itineraire, id_checkpoint, position) VALUES (779,273,6);

INSERT INTO itineraire (id, nom, distance) VALUES (780, 'itineraire numero 780',0.03405904106151626);
INSERT INTO etapes (id_itineraire, id_checkpoint, position) VALUES (780,87,0);
INSERT INTO etapes (id_itineraire, id_checkpoint, position) VALUES (780,31,1);
INSERT INTO etapes (id_itineraire, id_checkpoint, position) VALUES (780,2,2);
INSERT INTO etapes (id_itineraire, id_checkpoint, position) VALUES (780,297,3);
INSERT INTO etapes (id_itineraire, id_checkpoint, position) VALUES (780,179,4);
INSERT INTO etapes (id_itineraire, id_checkpoint, position) VALUES (780,138,5);
INSERT INTO etapes (id_itineraire, id_checkpoint, position) VALUES (780,273,6);

INSERT INTO itineraire (id, nom, distance) VALUES (781, 'itineraire numero 781',0.05222629373866092);
INSERT INTO etapes (id_itineraire, id_checkpoint, position) VALUES (781,297,0);
INSERT INTO etapes (id_itineraire, id_checkpoint, position) VALUES (781,2,1);
INSERT INTO etapes (id_itineraire, id_checkpoint, position) VALUES (781,29,2);
INSERT INTO etapes (id_itineraire, id_checkpoint, position) VALUES (781,97,3);
INSERT INTO etapes (id_itineraire, id_checkpoint, position) VALUES (781,179,4);
INSERT INTO etapes (id_itineraire, id_checkpoint, position) VALUES (781,138,5);
INSERT INTO etapes (id_itineraire, id_checkpoint, position) VALUES (781,273,6);

INSERT INTO itineraire (id, nom, distance) VALUES (782, 'itineraire numero 782',0.052291968487064744);
INSERT INTO etapes (id_itineraire, id_checkpoint, position) VALUES (782,297,0);
INSERT INTO etapes (id_itineraire, id_checkpoint, position) VALUES (782,2,1);
INSERT INTO etapes (id_itineraire, id_checkpoint, position) VALUES (782,29,2);
INSERT INTO etapes (id_itineraire, id_checkpoint, position) VALUES (782,107,3);
INSERT INTO etapes (id_itineraire, id_checkpoint, position) VALUES (782,179,4);
INSERT INTO etapes (id_itineraire, id_checkpoint, position) VALUES (782,138,5);
INSERT INTO etapes (id_itineraire, id_checkpoint, position) VALUES (782,273,6);

INSERT INTO itineraire (id, nom, distance) VALUES (783, 'itineraire numero 783',0.045213082521237374);
INSERT INTO etapes (id_itineraire, id_checkpoint, position) VALUES (783,311,0);
INSERT INTO etapes (id_itineraire, id_checkpoint, position) VALUES (783,31,1);
INSERT INTO etapes (id_itineraire, id_checkpoint, position) VALUES (783,2,2);
INSERT INTO etapes (id_itineraire, id_checkpoint, position) VALUES (783,208,3);
INSERT INTO etapes (id_itineraire, id_checkpoint, position) VALUES (783,179,4);
INSERT INTO etapes (id_itineraire, id_checkpoint, position) VALUES (783,138,5);
INSERT INTO etapes (id_itineraire, id_checkpoint, position) VALUES (783,294,6);

INSERT INTO itineraire (id, nom, distance) VALUES (784, 'itineraire numero 784',0.045236265850606486);
INSERT INTO etapes (id_itineraire, id_checkpoint, position) VALUES (784,311,0);
INSERT INTO etapes (id_itineraire, id_checkpoint, position) VALUES (784,31,1);
INSERT INTO etapes (id_itineraire, id_checkpoint, position) VALUES (784,2,2);
INSERT INTO etapes (id_itineraire, id_checkpoint, position) VALUES (784,208,3);
INSERT INTO etapes (id_itineraire, id_checkpoint, position) VALUES (784,179,4);
INSERT INTO etapes (id_itineraire, id_checkpoint, position) VALUES (784,138,5);
INSERT INTO etapes (id_itineraire, id_checkpoint, position) VALUES (784,180,6);

INSERT INTO itineraire (id, nom, distance) VALUES (785, 'itineraire numero 785',0.05445234269168397);
INSERT INTO etapes (id_itineraire, id_checkpoint, position) VALUES (785,208,0);
INSERT INTO etapes (id_itineraire, id_checkpoint, position) VALUES (785,2,1);
INSERT INTO etapes (id_itineraire, id_checkpoint, position) VALUES (785,29,2);
INSERT INTO etapes (id_itineraire, id_checkpoint, position) VALUES (785,308,3);
INSERT INTO etapes (id_itineraire, id_checkpoint, position) VALUES (785,297,4);
INSERT INTO etapes (id_itineraire, id_checkpoint, position) VALUES (785,179,5);
INSERT INTO etapes (id_itineraire, id_checkpoint, position) VALUES (785,138,6);

INSERT INTO itineraire (id, nom, distance) VALUES (786, 'itineraire numero 786',0.05652321373768044);
INSERT INTO etapes (id_itineraire, id_checkpoint, position) VALUES (786,311,0);
INSERT INTO etapes (id_itineraire, id_checkpoint, position) VALUES (786,31,1);
INSERT INTO etapes (id_itineraire, id_checkpoint, position) VALUES (786,2,2);
INSERT INTO etapes (id_itineraire, id_checkpoint, position) VALUES (786,208,3);
INSERT INTO etapes (id_itineraire, id_checkpoint, position) VALUES (786,194,4);
INSERT INTO etapes (id_itineraire, id_checkpoint, position) VALUES (786,138,5);
INSERT INTO etapes (id_itineraire, id_checkpoint, position) VALUES (786,179,6);

INSERT INTO itineraire (id, nom, distance) VALUES (787, 'itineraire numero 787',0.047275641393298165);
INSERT INTO etapes (id_itineraire, id_checkpoint, position) VALUES (787,311,0);
INSERT INTO etapes (id_itineraire, id_checkpoint, position) VALUES (787,31,1);
INSERT INTO etapes (id_itineraire, id_checkpoint, position) VALUES (787,85,2);
INSERT INTO etapes (id_itineraire, id_checkpoint, position) VALUES (787,2,3);
INSERT INTO etapes (id_itineraire, id_checkpoint, position) VALUES (787,208,4);
INSERT INTO etapes (id_itineraire, id_checkpoint, position) VALUES (787,138,5);
INSERT INTO etapes (id_itineraire, id_checkpoint, position) VALUES (787,179,6);

INSERT INTO itineraire (id, nom, distance) VALUES (788, 'itineraire numero 788',0.05267447714400429);
INSERT INTO etapes (id_itineraire, id_checkpoint, position) VALUES (788,208,0);
INSERT INTO etapes (id_itineraire, id_checkpoint, position) VALUES (788,2,1);
INSERT INTO etapes (id_itineraire, id_checkpoint, position) VALUES (788,29,2);
INSERT INTO etapes (id_itineraire, id_checkpoint, position) VALUES (788,308,3);
INSERT INTO etapes (id_itineraire, id_checkpoint, position) VALUES (788,71,4);
INSERT INTO etapes (id_itineraire, id_checkpoint, position) VALUES (788,179,5);
INSERT INTO etapes (id_itineraire, id_checkpoint, position) VALUES (788,138,6);

INSERT INTO itineraire (id, nom, distance) VALUES (789, 'itineraire numero 789',0.05273390391824944);
INSERT INTO etapes (id_itineraire, id_checkpoint, position) VALUES (789,208,0);
INSERT INTO etapes (id_itineraire, id_checkpoint, position) VALUES (789,2,1);
INSERT INTO etapes (id_itineraire, id_checkpoint, position) VALUES (789,29,2);
INSERT INTO etapes (id_itineraire, id_checkpoint, position) VALUES (789,308,3);
INSERT INTO etapes (id_itineraire, id_checkpoint, position) VALUES (789,72,4);
INSERT INTO etapes (id_itineraire, id_checkpoint, position) VALUES (789,179,5);
INSERT INTO etapes (id_itineraire, id_checkpoint, position) VALUES (789,138,6);

INSERT INTO itineraire (id, nom, distance) VALUES (790, 'itineraire numero 790',0.05473727031865556);
INSERT INTO etapes (id_itineraire, id_checkpoint, position) VALUES (790,208,0);
INSERT INTO etapes (id_itineraire, id_checkpoint, position) VALUES (790,2,1);
INSERT INTO etapes (id_itineraire, id_checkpoint, position) VALUES (790,29,2);
INSERT INTO etapes (id_itineraire, id_checkpoint, position) VALUES (790,308,3);
INSERT INTO etapes (id_itineraire, id_checkpoint, position) VALUES (790,262,4);
INSERT INTO etapes (id_itineraire, id_checkpoint, position) VALUES (790,179,5);
INSERT INTO etapes (id_itineraire, id_checkpoint, position) VALUES (790,138,6);

INSERT INTO itineraire (id, nom, distance) VALUES (791, 'itineraire numero 791',0.04559952773335262);
INSERT INTO etapes (id_itineraire, id_checkpoint, position) VALUES (791,208,0);
INSERT INTO etapes (id_itineraire, id_checkpoint, position) VALUES (791,179,1);
INSERT INTO etapes (id_itineraire, id_checkpoint, position) VALUES (791,138,2);
INSERT INTO etapes (id_itineraire, id_checkpoint, position) VALUES (791,263,3);
INSERT INTO etapes (id_itineraire, id_checkpoint, position) VALUES (791,308,4);
INSERT INTO etapes (id_itineraire, id_checkpoint, position) VALUES (791,2,5);
INSERT INTO etapes (id_itineraire, id_checkpoint, position) VALUES (791,126,6);

INSERT INTO itineraire (id, nom, distance) VALUES (792, 'itineraire numero 792',0.050299959115104965);
INSERT INTO etapes (id_itineraire, id_checkpoint, position) VALUES (792,208,0);
INSERT INTO etapes (id_itineraire, id_checkpoint, position) VALUES (792,179,1);
INSERT INTO etapes (id_itineraire, id_checkpoint, position) VALUES (792,138,2);
INSERT INTO etapes (id_itineraire, id_checkpoint, position) VALUES (792,268,3);
INSERT INTO etapes (id_itineraire, id_checkpoint, position) VALUES (792,2,4);
INSERT INTO etapes (id_itineraire, id_checkpoint, position) VALUES (792,309,5);
INSERT INTO etapes (id_itineraire, id_checkpoint, position) VALUES (792,126,6);

INSERT INTO itineraire (id, nom, distance) VALUES (793, 'itineraire numero 793',0.04773399922401009);
INSERT INTO etapes (id_itineraire, id_checkpoint, position) VALUES (793,311,0);
INSERT INTO etapes (id_itineraire, id_checkpoint, position) VALUES (793,31,1);
INSERT INTO etapes (id_itineraire, id_checkpoint, position) VALUES (793,2,2);
INSERT INTO etapes (id_itineraire, id_checkpoint, position) VALUES (793,208,3);
INSERT INTO etapes (id_itineraire, id_checkpoint, position) VALUES (793,267,4);
INSERT INTO etapes (id_itineraire, id_checkpoint, position) VALUES (793,138,5);
INSERT INTO etapes (id_itineraire, id_checkpoint, position) VALUES (793,179,6);

INSERT INTO itineraire (id, nom, distance) VALUES (794, 'itineraire numero 794',0.04672440914647377);
INSERT INTO etapes (id_itineraire, id_checkpoint, position) VALUES (794,311,0);
INSERT INTO etapes (id_itineraire, id_checkpoint, position) VALUES (794,31,1);
INSERT INTO etapes (id_itineraire, id_checkpoint, position) VALUES (794,2,2);
INSERT INTO etapes (id_itineraire, id_checkpoint, position) VALUES (794,208,3);
INSERT INTO etapes (id_itineraire, id_checkpoint, position) VALUES (794,179,4);
INSERT INTO etapes (id_itineraire, id_checkpoint, position) VALUES (794,138,5);
INSERT INTO etapes (id_itineraire, id_checkpoint, position) VALUES (794,252,6);

INSERT INTO itineraire (id, nom, distance) VALUES (795, 'itineraire numero 795',0.041458941178329885);
INSERT INTO etapes (id_itineraire, id_checkpoint, position) VALUES (795,209,0);
INSERT INTO etapes (id_itineraire, id_checkpoint, position) VALUES (795,179,1);
INSERT INTO etapes (id_itineraire, id_checkpoint, position) VALUES (795,138,2);
INSERT INTO etapes (id_itineraire, id_checkpoint, position) VALUES (795,256,3);
INSERT INTO etapes (id_itineraire, id_checkpoint, position) VALUES (795,308,4);
INSERT INTO etapes (id_itineraire, id_checkpoint, position) VALUES (795,2,5);
INSERT INTO etapes (id_itineraire, id_checkpoint, position) VALUES (795,126,6);

INSERT INTO itineraire (id, nom, distance) VALUES (796, 'itineraire numero 796',0.04066209985044484);
INSERT INTO etapes (id_itineraire, id_checkpoint, position) VALUES (796,209,0);
INSERT INTO etapes (id_itineraire, id_checkpoint, position) VALUES (796,179,1);
INSERT INTO etapes (id_itineraire, id_checkpoint, position) VALUES (796,138,2);
INSERT INTO etapes (id_itineraire, id_checkpoint, position) VALUES (796,255,3);
INSERT INTO etapes (id_itineraire, id_checkpoint, position) VALUES (796,308,4);
INSERT INTO etapes (id_itineraire, id_checkpoint, position) VALUES (796,2,5);
INSERT INTO etapes (id_itineraire, id_checkpoint, position) VALUES (796,126,6);

INSERT INTO itineraire (id, nom, distance) VALUES (797, 'itineraire numero 797',0.044319234564446704);
INSERT INTO etapes (id_itineraire, id_checkpoint, position) VALUES (797,185,0);
INSERT INTO etapes (id_itineraire, id_checkpoint, position) VALUES (797,296,1);
INSERT INTO etapes (id_itineraire, id_checkpoint, position) VALUES (797,179,2);
INSERT INTO etapes (id_itineraire, id_checkpoint, position) VALUES (797,138,3);
INSERT INTO etapes (id_itineraire, id_checkpoint, position) VALUES (797,208,4);
INSERT INTO etapes (id_itineraire, id_checkpoint, position) VALUES (797,2,5);
INSERT INTO etapes (id_itineraire, id_checkpoint, position) VALUES (797,126,6);

INSERT INTO itineraire (id, nom, distance) VALUES (798, 'itineraire numero 798',0.04163198556432803);
INSERT INTO etapes (id_itineraire, id_checkpoint, position) VALUES (798,192,0);
INSERT INTO etapes (id_itineraire, id_checkpoint, position) VALUES (798,296,1);
INSERT INTO etapes (id_itineraire, id_checkpoint, position) VALUES (798,179,2);
INSERT INTO etapes (id_itineraire, id_checkpoint, position) VALUES (798,138,3);
INSERT INTO etapes (id_itineraire, id_checkpoint, position) VALUES (798,208,4);
INSERT INTO etapes (id_itineraire, id_checkpoint, position) VALUES (798,2,5);
INSERT INTO etapes (id_itineraire, id_checkpoint, position) VALUES (798,126,6);

INSERT INTO itineraire (id, nom, distance) VALUES (799, 'itineraire numero 799',0.043705438774091575);
INSERT INTO etapes (id_itineraire, id_checkpoint, position) VALUES (799,209,0);
INSERT INTO etapes (id_itineraire, id_checkpoint, position) VALUES (799,296,1);
INSERT INTO etapes (id_itineraire, id_checkpoint, position) VALUES (799,138,2);
INSERT INTO etapes (id_itineraire, id_checkpoint, position) VALUES (799,179,3);
INSERT INTO etapes (id_itineraire, id_checkpoint, position) VALUES (799,219,4);
INSERT INTO etapes (id_itineraire, id_checkpoint, position) VALUES (799,2,5);
INSERT INTO etapes (id_itineraire, id_checkpoint, position) VALUES (799,126,6);

INSERT INTO itineraire (id, nom, distance) VALUES (800, 'itineraire numero 800',0.055483886479309324);
INSERT INTO etapes (id_itineraire, id_checkpoint, position) VALUES (800,179,0);
INSERT INTO etapes (id_itineraire, id_checkpoint, position) VALUES (800,100,1);
INSERT INTO etapes (id_itineraire, id_checkpoint, position) VALUES (800,29,2);
INSERT INTO etapes (id_itineraire, id_checkpoint, position) VALUES (800,2,3);
INSERT INTO etapes (id_itineraire, id_checkpoint, position) VALUES (800,208,4);
INSERT INTO etapes (id_itineraire, id_checkpoint, position) VALUES (800,138,5);
INSERT INTO etapes (id_itineraire, id_checkpoint, position) VALUES (800,180,6);

INSERT INTO itineraire (id, nom, distance) VALUES (801, 'itineraire numero 801',0.05554956122771314);
INSERT INTO etapes (id_itineraire, id_checkpoint, position) VALUES (801,179,0);
INSERT INTO etapes (id_itineraire, id_checkpoint, position) VALUES (801,108,1);
INSERT INTO etapes (id_itineraire, id_checkpoint, position) VALUES (801,29,2);
INSERT INTO etapes (id_itineraire, id_checkpoint, position) VALUES (801,2,3);
INSERT INTO etapes (id_itineraire, id_checkpoint, position) VALUES (801,208,4);
INSERT INTO etapes (id_itineraire, id_checkpoint, position) VALUES (801,138,5);
INSERT INTO etapes (id_itineraire, id_checkpoint, position) VALUES (801,180,6);

INSERT INTO itineraire (id, nom, distance) VALUES (802, 'itineraire numero 802',0.036805643347592766);
INSERT INTO etapes (id_itineraire, id_checkpoint, position) VALUES (802,209,0);
INSERT INTO etapes (id_itineraire, id_checkpoint, position) VALUES (802,179,1);
INSERT INTO etapes (id_itineraire, id_checkpoint, position) VALUES (802,138,2);
INSERT INTO etapes (id_itineraire, id_checkpoint, position) VALUES (802,297,3);
INSERT INTO etapes (id_itineraire, id_checkpoint, position) VALUES (802,2,4);
INSERT INTO etapes (id_itineraire, id_checkpoint, position) VALUES (802,87,5);
INSERT INTO etapes (id_itineraire, id_checkpoint, position) VALUES (802,126,6);

INSERT INTO itineraire (id, nom, distance) VALUES (803, 'itineraire numero 803',0.0411436532002337);
INSERT INTO etapes (id_itineraire, id_checkpoint, position) VALUES (803,209,0);
INSERT INTO etapes (id_itineraire, id_checkpoint, position) VALUES (803,297,1);
INSERT INTO etapes (id_itineraire, id_checkpoint, position) VALUES (803,138,2);
INSERT INTO etapes (id_itineraire, id_checkpoint, position) VALUES (803,179,3);
INSERT INTO etapes (id_itineraire, id_checkpoint, position) VALUES (803,97,4);
INSERT INTO etapes (id_itineraire, id_checkpoint, position) VALUES (803,30,5);
INSERT INTO etapes (id_itineraire, id_checkpoint, position) VALUES (803,2,6);

INSERT INTO itineraire (id, nom, distance) VALUES (804, 'itineraire numero 804',0.04120932794863751);
INSERT INTO etapes (id_itineraire, id_checkpoint, position) VALUES (804,209,0);
INSERT INTO etapes (id_itineraire, id_checkpoint, position) VALUES (804,297,1);
INSERT INTO etapes (id_itineraire, id_checkpoint, position) VALUES (804,138,2);
INSERT INTO etapes (id_itineraire, id_checkpoint, position) VALUES (804,179,3);
INSERT INTO etapes (id_itineraire, id_checkpoint, position) VALUES (804,107,4);
INSERT INTO etapes (id_itineraire, id_checkpoint, position) VALUES (804,30,5);
INSERT INTO etapes (id_itineraire, id_checkpoint, position) VALUES (804,2,6);

INSERT INTO itineraire (id, nom, distance) VALUES (805, 'itineraire numero 805',0.040196017738972585);
INSERT INTO etapes (id_itineraire, id_checkpoint, position) VALUES (805,185,0);
INSERT INTO etapes (id_itineraire, id_checkpoint, position) VALUES (805,179,1);
INSERT INTO etapes (id_itineraire, id_checkpoint, position) VALUES (805,138,2);
INSERT INTO etapes (id_itineraire, id_checkpoint, position) VALUES (805,208,3);
INSERT INTO etapes (id_itineraire, id_checkpoint, position) VALUES (805,2,4);
INSERT INTO etapes (id_itineraire, id_checkpoint, position) VALUES (805,86,5);
INSERT INTO etapes (id_itineraire, id_checkpoint, position) VALUES (805,126,6);

INSERT INTO itineraire (id, nom, distance) VALUES (806, 'itineraire numero 806',0.04548470878037447);
INSERT INTO etapes (id_itineraire, id_checkpoint, position) VALUES (806,179,0);
INSERT INTO etapes (id_itineraire, id_checkpoint, position) VALUES (806,194,1);
INSERT INTO etapes (id_itineraire, id_checkpoint, position) VALUES (806,138,2);
INSERT INTO etapes (id_itineraire, id_checkpoint, position) VALUES (806,209,3);
INSERT INTO etapes (id_itineraire, id_checkpoint, position) VALUES (806,2,4);
INSERT INTO etapes (id_itineraire, id_checkpoint, position) VALUES (806,87,5);
INSERT INTO etapes (id_itineraire, id_checkpoint, position) VALUES (806,126,6);

INSERT INTO itineraire (id, nom, distance) VALUES (807, 'itineraire numero 807',0.03840556339644312);
INSERT INTO etapes (id_itineraire, id_checkpoint, position) VALUES (807,87,0);
INSERT INTO etapes (id_itineraire, id_checkpoint, position) VALUES (807,32,1);
INSERT INTO etapes (id_itineraire, id_checkpoint, position) VALUES (807,85,2);
INSERT INTO etapes (id_itineraire, id_checkpoint, position) VALUES (807,2,3);
INSERT INTO etapes (id_itineraire, id_checkpoint, position) VALUES (807,208,4);
INSERT INTO etapes (id_itineraire, id_checkpoint, position) VALUES (807,138,5);
INSERT INTO etapes (id_itineraire, id_checkpoint, position) VALUES (807,179,6);

INSERT INTO itineraire (id, nom, distance) VALUES (808, 'itineraire numero 808',0.03340916151493508);
INSERT INTO etapes (id_itineraire, id_checkpoint, position) VALUES (808,71,0);
INSERT INTO etapes (id_itineraire, id_checkpoint, position) VALUES (808,179,1);
INSERT INTO etapes (id_itineraire, id_checkpoint, position) VALUES (808,138,2);
INSERT INTO etapes (id_itineraire, id_checkpoint, position) VALUES (808,209,3);
INSERT INTO etapes (id_itineraire, id_checkpoint, position) VALUES (808,2,4);
INSERT INTO etapes (id_itineraire, id_checkpoint, position) VALUES (808,87,5);
INSERT INTO etapes (id_itineraire, id_checkpoint, position) VALUES (808,126,6);

INSERT INTO itineraire (id, nom, distance) VALUES (809, 'itineraire numero 809',0.033857877169149085);
INSERT INTO etapes (id_itineraire, id_checkpoint, position) VALUES (809,72,0);
INSERT INTO etapes (id_itineraire, id_checkpoint, position) VALUES (809,179,1);
INSERT INTO etapes (id_itineraire, id_checkpoint, position) VALUES (809,138,2);
INSERT INTO etapes (id_itineraire, id_checkpoint, position) VALUES (809,209,3);
INSERT INTO etapes (id_itineraire, id_checkpoint, position) VALUES (809,2,4);
INSERT INTO etapes (id_itineraire, id_checkpoint, position) VALUES (809,87,5);
INSERT INTO etapes (id_itineraire, id_checkpoint, position) VALUES (809,126,6);

INSERT INTO itineraire (id, nom, distance) VALUES (810, 'itineraire numero 810',0.06584818690863149);
INSERT INTO etapes (id_itineraire, id_checkpoint, position) VALUES (810,179,0);
INSERT INTO etapes (id_itineraire, id_checkpoint, position) VALUES (810,101,1);
INSERT INTO etapes (id_itineraire, id_checkpoint, position) VALUES (810,30,2);
INSERT INTO etapes (id_itineraire, id_checkpoint, position) VALUES (810,2,3);
INSERT INTO etapes (id_itineraire, id_checkpoint, position) VALUES (810,209,4);
INSERT INTO etapes (id_itineraire, id_checkpoint, position) VALUES (810,194,5);
INSERT INTO etapes (id_itineraire, id_checkpoint, position) VALUES (810,138,6);

INSERT INTO itineraire (id, nom, distance) VALUES (811, 'itineraire numero 811',0.04775417641752013);
INSERT INTO etapes (id_itineraire, id_checkpoint, position) VALUES (811,96,0);
INSERT INTO etapes (id_itineraire, id_checkpoint, position) VALUES (811,32,1);
INSERT INTO etapes (id_itineraire, id_checkpoint, position) VALUES (811,85,2);
INSERT INTO etapes (id_itineraire, id_checkpoint, position) VALUES (811,2,3);
INSERT INTO etapes (id_itineraire, id_checkpoint, position) VALUES (811,209,4);
INSERT INTO etapes (id_itineraire, id_checkpoint, position) VALUES (811,138,5);
INSERT INTO etapes (id_itineraire, id_checkpoint, position) VALUES (811,179,6);

INSERT INTO itineraire (id, nom, distance) VALUES (812, 'itineraire numero 812',0.04094500683761244);
INSERT INTO etapes (id_itineraire, id_checkpoint, position) VALUES (812,71,0);
INSERT INTO etapes (id_itineraire, id_checkpoint, position) VALUES (812,208,1);
INSERT INTO etapes (id_itineraire, id_checkpoint, position) VALUES (812,138,2);
INSERT INTO etapes (id_itineraire, id_checkpoint, position) VALUES (812,179,3);
INSERT INTO etapes (id_itineraire, id_checkpoint, position) VALUES (812,97,4);
INSERT INTO etapes (id_itineraire, id_checkpoint, position) VALUES (812,30,5);
INSERT INTO etapes (id_itineraire, id_checkpoint, position) VALUES (812,2,6);

INSERT INTO itineraire (id, nom, distance) VALUES (813, 'itineraire numero 813',0.04147673464746671);
INSERT INTO etapes (id_itineraire, id_checkpoint, position) VALUES (813,72,0);
INSERT INTO etapes (id_itineraire, id_checkpoint, position) VALUES (813,208,1);
INSERT INTO etapes (id_itineraire, id_checkpoint, position) VALUES (813,138,2);
INSERT INTO etapes (id_itineraire, id_checkpoint, position) VALUES (813,179,3);
INSERT INTO etapes (id_itineraire, id_checkpoint, position) VALUES (813,97,4);
INSERT INTO etapes (id_itineraire, id_checkpoint, position) VALUES (813,30,5);
INSERT INTO etapes (id_itineraire, id_checkpoint, position) VALUES (813,2,6);

INSERT INTO itineraire (id, nom, distance) VALUES (814, 'itineraire numero 814',0.040348572534113156);
INSERT INTO etapes (id_itineraire, id_checkpoint, position) VALUES (814,262,0);
INSERT INTO etapes (id_itineraire, id_checkpoint, position) VALUES (814,208,1);
INSERT INTO etapes (id_itineraire, id_checkpoint, position) VALUES (814,138,2);
INSERT INTO etapes (id_itineraire, id_checkpoint, position) VALUES (814,179,3);
INSERT INTO etapes (id_itineraire, id_checkpoint, position) VALUES (814,97,4);
INSERT INTO etapes (id_itineraire, id_checkpoint, position) VALUES (814,30,5);
INSERT INTO etapes (id_itineraire, id_checkpoint, position) VALUES (814,2,6);

INSERT INTO itineraire (id, nom, distance) VALUES (815, 'itineraire numero 815',0.04087422390884029);
INSERT INTO etapes (id_itineraire, id_checkpoint, position) VALUES (815,263,0);
INSERT INTO etapes (id_itineraire, id_checkpoint, position) VALUES (815,208,1);
INSERT INTO etapes (id_itineraire, id_checkpoint, position) VALUES (815,138,2);
INSERT INTO etapes (id_itineraire, id_checkpoint, position) VALUES (815,179,3);
INSERT INTO etapes (id_itineraire, id_checkpoint, position) VALUES (815,97,4);
INSERT INTO etapes (id_itineraire, id_checkpoint, position) VALUES (815,30,5);
INSERT INTO etapes (id_itineraire, id_checkpoint, position) VALUES (815,2,6);

INSERT INTO itineraire (id, nom, distance) VALUES (816, 'itineraire numero 816',0.06457001068476345);
INSERT INTO etapes (id_itineraire, id_checkpoint, position) VALUES (816,1,0);
INSERT INTO etapes (id_itineraire, id_checkpoint, position) VALUES (816,32,1);
INSERT INTO etapes (id_itineraire, id_checkpoint, position) VALUES (816,309,2);
INSERT INTO etapes (id_itineraire, id_checkpoint, position) VALUES (816,209,3);
INSERT INTO etapes (id_itineraire, id_checkpoint, position) VALUES (816,194,4);
INSERT INTO etapes (id_itineraire, id_checkpoint, position) VALUES (816,179,5);
INSERT INTO etapes (id_itineraire, id_checkpoint, position) VALUES (816,138,6);

INSERT INTO itineraire (id, nom, distance) VALUES (817, 'itineraire numero 817',0.055429731472211204);
INSERT INTO etapes (id_itineraire, id_checkpoint, position) VALUES (817,1,0);
INSERT INTO etapes (id_itineraire, id_checkpoint, position) VALUES (817,32,1);
INSERT INTO etapes (id_itineraire, id_checkpoint, position) VALUES (817,85,2);
INSERT INTO etapes (id_itineraire, id_checkpoint, position) VALUES (817,308,3);
INSERT INTO etapes (id_itineraire, id_checkpoint, position) VALUES (817,209,4);
INSERT INTO etapes (id_itineraire, id_checkpoint, position) VALUES (817,179,5);
INSERT INTO etapes (id_itineraire, id_checkpoint, position) VALUES (817,138,6);

INSERT INTO itineraire (id, nom, distance) VALUES (818, 'itineraire numero 818',0.05515417169297754);
INSERT INTO etapes (id_itineraire, id_checkpoint, position) VALUES (818,1,0);
INSERT INTO etapes (id_itineraire, id_checkpoint, position) VALUES (818,32,1);
INSERT INTO etapes (id_itineraire, id_checkpoint, position) VALUES (818,309,2);
INSERT INTO etapes (id_itineraire, id_checkpoint, position) VALUES (818,209,3);
INSERT INTO etapes (id_itineraire, id_checkpoint, position) VALUES (818,267,4);
INSERT INTO etapes (id_itineraire, id_checkpoint, position) VALUES (818,179,5);
INSERT INTO etapes (id_itineraire, id_checkpoint, position) VALUES (818,138,6);

INSERT INTO itineraire (id, nom, distance) VALUES (819, 'itineraire numero 819',0.04168884405284151);
INSERT INTO etapes (id_itineraire, id_checkpoint, position) VALUES (819,185,0);
INSERT INTO etapes (id_itineraire, id_checkpoint, position) VALUES (819,208,1);
INSERT INTO etapes (id_itineraire, id_checkpoint, position) VALUES (819,179,2);
INSERT INTO etapes (id_itineraire, id_checkpoint, position) VALUES (819,138,3);
INSERT INTO etapes (id_itineraire, id_checkpoint, position) VALUES (819,296,4);
INSERT INTO etapes (id_itineraire, id_checkpoint, position) VALUES (819,1,5);
INSERT INTO etapes (id_itineraire, id_checkpoint, position) VALUES (819,126,6);

INSERT INTO itineraire (id, nom, distance) VALUES (820, 'itineraire numero 820',0.03407418182575828);
INSERT INTO etapes (id_itineraire, id_checkpoint, position) VALUES (820,185,0);
INSERT INTO etapes (id_itineraire, id_checkpoint, position) VALUES (820,208,1);
INSERT INTO etapes (id_itineraire, id_checkpoint, position) VALUES (820,179,2);
INSERT INTO etapes (id_itineraire, id_checkpoint, position) VALUES (820,189,3);
INSERT INTO etapes (id_itineraire, id_checkpoint, position) VALUES (820,138,4);
INSERT INTO etapes (id_itineraire, id_checkpoint, position) VALUES (820,1,5);
INSERT INTO etapes (id_itineraire, id_checkpoint, position) VALUES (820,126,6);

INSERT INTO itineraire (id, nom, distance) VALUES (821, 'itineraire numero 821',0.05714389564741372);
INSERT INTO etapes (id_itineraire, id_checkpoint, position) VALUES (821,138,0);
INSERT INTO etapes (id_itineraire, id_checkpoint, position) VALUES (821,209,1);
INSERT INTO etapes (id_itineraire, id_checkpoint, position) VALUES (821,179,2);
INSERT INTO etapes (id_itineraire, id_checkpoint, position) VALUES (821,192,3);
INSERT INTO etapes (id_itineraire, id_checkpoint, position) VALUES (821,189,4);
INSERT INTO etapes (id_itineraire, id_checkpoint, position) VALUES (821,1,5);
INSERT INTO etapes (id_itineraire, id_checkpoint, position) VALUES (821,126,6);

INSERT INTO itineraire (id, nom, distance) VALUES (822, 'itineraire numero 822',0.04675365626347133);
INSERT INTO etapes (id_itineraire, id_checkpoint, position) VALUES (822,88,0);
INSERT INTO etapes (id_itineraire, id_checkpoint, position) VALUES (822,32,1);
INSERT INTO etapes (id_itineraire, id_checkpoint, position) VALUES (822,1,2);
INSERT INTO etapes (id_itineraire, id_checkpoint, position) VALUES (822,209,3);
INSERT INTO etapes (id_itineraire, id_checkpoint, position) VALUES (822,194,4);
INSERT INTO etapes (id_itineraire, id_checkpoint, position) VALUES (822,138,5);
INSERT INTO etapes (id_itineraire, id_checkpoint, position) VALUES (822,179,6);

INSERT INTO itineraire (id, nom, distance) VALUES (823, 'itineraire numero 823',0.03934353222383083);
INSERT INTO etapes (id_itineraire, id_checkpoint, position) VALUES (823,179,0);
INSERT INTO etapes (id_itineraire, id_checkpoint, position) VALUES (823,209,1);
INSERT INTO etapes (id_itineraire, id_checkpoint, position) VALUES (823,138,2);
INSERT INTO etapes (id_itineraire, id_checkpoint, position) VALUES (823,1,3);
INSERT INTO etapes (id_itineraire, id_checkpoint, position) VALUES (823,29,4);
INSERT INTO etapes (id_itineraire, id_checkpoint, position) VALUES (823,86,5);
INSERT INTO etapes (id_itineraire, id_checkpoint, position) VALUES (823,87,6);

INSERT INTO itineraire (id, nom, distance) VALUES (824, 'itineraire numero 824',0.04620542843934737);
INSERT INTO etapes (id_itineraire, id_checkpoint, position) VALUES (824,88,0);
INSERT INTO etapes (id_itineraire, id_checkpoint, position) VALUES (824,32,1);
INSERT INTO etapes (id_itineraire, id_checkpoint, position) VALUES (824,1,2);
INSERT INTO etapes (id_itineraire, id_checkpoint, position) VALUES (824,267,3);
INSERT INTO etapes (id_itineraire, id_checkpoint, position) VALUES (824,209,4);
INSERT INTO etapes (id_itineraire, id_checkpoint, position) VALUES (824,138,5);
INSERT INTO etapes (id_itineraire, id_checkpoint, position) VALUES (824,179,6);

INSERT INTO itineraire (id, nom, distance) VALUES (825, 'itineraire numero 825',0.05271272768001176);
INSERT INTO etapes (id_itineraire, id_checkpoint, position) VALUES (825,96,0);
INSERT INTO etapes (id_itineraire, id_checkpoint, position) VALUES (825,32,1);
INSERT INTO etapes (id_itineraire, id_checkpoint, position) VALUES (825,1,2);
INSERT INTO etapes (id_itineraire, id_checkpoint, position) VALUES (825,179,3);
INSERT INTO etapes (id_itineraire, id_checkpoint, position) VALUES (825,209,4);
INSERT INTO etapes (id_itineraire, id_checkpoint, position) VALUES (825,138,5);
INSERT INTO etapes (id_itineraire, id_checkpoint, position) VALUES (825,194,6);

INSERT INTO itineraire (id, nom, distance) VALUES (826, 'itineraire numero 826',0.051192360762626246);
INSERT INTO etapes (id_itineraire, id_checkpoint, position) VALUES (826,179,0);
INSERT INTO etapes (id_itineraire, id_checkpoint, position) VALUES (826,209,1);
INSERT INTO etapes (id_itineraire, id_checkpoint, position) VALUES (826,138,2);
INSERT INTO etapes (id_itineraire, id_checkpoint, position) VALUES (826,1,3);
INSERT INTO etapes (id_itineraire, id_checkpoint, position) VALUES (826,29,4);
INSERT INTO etapes (id_itineraire, id_checkpoint, position) VALUES (826,86,5);
INSERT INTO etapes (id_itineraire, id_checkpoint, position) VALUES (826,96,6);

INSERT INTO itineraire (id, nom, distance) VALUES (827, 'itineraire numero 827',0.05576887872421317);
INSERT INTO etapes (id_itineraire, id_checkpoint, position) VALUES (827,267,0);
INSERT INTO etapes (id_itineraire, id_checkpoint, position) VALUES (827,209,1);
INSERT INTO etapes (id_itineraire, id_checkpoint, position) VALUES (827,97,2);
INSERT INTO etapes (id_itineraire, id_checkpoint, position) VALUES (827,29,3);
INSERT INTO etapes (id_itineraire, id_checkpoint, position) VALUES (827,1,4);
INSERT INTO etapes (id_itineraire, id_checkpoint, position) VALUES (827,179,5);
INSERT INTO etapes (id_itineraire, id_checkpoint, position) VALUES (827,138,6);

INSERT INTO itineraire (id, nom, distance) VALUES (828, 'itineraire numero 828',0.06233246866934393);
INSERT INTO etapes (id_itineraire, id_checkpoint, position) VALUES (828,179,0);
INSERT INTO etapes (id_itineraire, id_checkpoint, position) VALUES (828,209,1);
INSERT INTO etapes (id_itineraire, id_checkpoint, position) VALUES (828,194,2);
INSERT INTO etapes (id_itineraire, id_checkpoint, position) VALUES (828,138,3);
INSERT INTO etapes (id_itineraire, id_checkpoint, position) VALUES (828,1,4);
INSERT INTO etapes (id_itineraire, id_checkpoint, position) VALUES (828,30,5);
INSERT INTO etapes (id_itineraire, id_checkpoint, position) VALUES (828,107,6);

INSERT INTO itineraire (id, nom, distance) VALUES (829, 'itineraire numero 829',0.05144374748839861);
INSERT INTO etapes (id_itineraire, id_checkpoint, position) VALUES (829,179,0);
INSERT INTO etapes (id_itineraire, id_checkpoint, position) VALUES (829,209,1);
INSERT INTO etapes (id_itineraire, id_checkpoint, position) VALUES (829,138,2);
INSERT INTO etapes (id_itineraire, id_checkpoint, position) VALUES (829,1,3);
INSERT INTO etapes (id_itineraire, id_checkpoint, position) VALUES (829,29,4);
INSERT INTO etapes (id_itineraire, id_checkpoint, position) VALUES (829,86,5);
INSERT INTO etapes (id_itineraire, id_checkpoint, position) VALUES (829,51,6);

INSERT INTO itineraire (id, nom, distance) VALUES (830, 'itineraire numero 830',0.05520616383553038);
INSERT INTO etapes (id_itineraire, id_checkpoint, position) VALUES (830,267,0);
INSERT INTO etapes (id_itineraire, id_checkpoint, position) VALUES (830,1,1);
INSERT INTO etapes (id_itineraire, id_checkpoint, position) VALUES (830,30,2);
INSERT INTO etapes (id_itineraire, id_checkpoint, position) VALUES (830,107,3);
INSERT INTO etapes (id_itineraire, id_checkpoint, position) VALUES (830,209,4);
INSERT INTO etapes (id_itineraire, id_checkpoint, position) VALUES (830,179,5);
INSERT INTO etapes (id_itineraire, id_checkpoint, position) VALUES (830,138,6);

INSERT INTO itineraire (id, nom, distance) VALUES (831, 'itineraire numero 831',0.04722086454370025);
INSERT INTO etapes (id_itineraire, id_checkpoint, position) VALUES (831,164,0);
INSERT INTO etapes (id_itineraire, id_checkpoint, position) VALUES (831,179,1);
INSERT INTO etapes (id_itineraire, id_checkpoint, position) VALUES (831,209,2);
INSERT INTO etapes (id_itineraire, id_checkpoint, position) VALUES (831,138,3);
INSERT INTO etapes (id_itineraire, id_checkpoint, position) VALUES (831,297,4);
INSERT INTO etapes (id_itineraire, id_checkpoint, position) VALUES (831,309,5);
INSERT INTO etapes (id_itineraire, id_checkpoint, position) VALUES (831,33,6);

INSERT INTO itineraire (id, nom, distance) VALUES (832, 'itineraire numero 832',0.04646272803215917);
INSERT INTO etapes (id_itineraire, id_checkpoint, position) VALUES (832,34,0);
INSERT INTO etapes (id_itineraire, id_checkpoint, position) VALUES (832,310,1);
INSERT INTO etapes (id_itineraire, id_checkpoint, position) VALUES (832,71,2);
INSERT INTO etapes (id_itineraire, id_checkpoint, position) VALUES (832,164,3);
INSERT INTO etapes (id_itineraire, id_checkpoint, position) VALUES (832,179,4);
INSERT INTO etapes (id_itineraire, id_checkpoint, position) VALUES (832,208,5);
INSERT INTO etapes (id_itineraire, id_checkpoint, position) VALUES (832,138,6);

INSERT INTO itineraire (id, nom, distance) VALUES (833, 'itineraire numero 833',0.04699099576435395);
INSERT INTO etapes (id_itineraire, id_checkpoint, position) VALUES (833,34,0);
INSERT INTO etapes (id_itineraire, id_checkpoint, position) VALUES (833,311,1);
INSERT INTO etapes (id_itineraire, id_checkpoint, position) VALUES (833,72,2);
INSERT INTO etapes (id_itineraire, id_checkpoint, position) VALUES (833,164,3);
INSERT INTO etapes (id_itineraire, id_checkpoint, position) VALUES (833,179,4);
INSERT INTO etapes (id_itineraire, id_checkpoint, position) VALUES (833,208,5);
INSERT INTO etapes (id_itineraire, id_checkpoint, position) VALUES (833,138,6);

INSERT INTO itineraire (id, nom, distance) VALUES (834, 'itineraire numero 834',0.04285699469120369);
INSERT INTO etapes (id_itineraire, id_checkpoint, position) VALUES (834,34,0);
INSERT INTO etapes (id_itineraire, id_checkpoint, position) VALUES (834,311,1);
INSERT INTO etapes (id_itineraire, id_checkpoint, position) VALUES (834,262,2);
INSERT INTO etapes (id_itineraire, id_checkpoint, position) VALUES (834,164,3);
INSERT INTO etapes (id_itineraire, id_checkpoint, position) VALUES (834,179,4);
INSERT INTO etapes (id_itineraire, id_checkpoint, position) VALUES (834,208,5);
INSERT INTO etapes (id_itineraire, id_checkpoint, position) VALUES (834,138,6);

INSERT INTO itineraire (id, nom, distance) VALUES (835, 'itineraire numero 835',0.045944068300295474);
INSERT INTO etapes (id_itineraire, id_checkpoint, position) VALUES (835,34,0);
INSERT INTO etapes (id_itineraire, id_checkpoint, position) VALUES (835,311,1);
INSERT INTO etapes (id_itineraire, id_checkpoint, position) VALUES (835,263,2);
INSERT INTO etapes (id_itineraire, id_checkpoint, position) VALUES (835,164,3);
INSERT INTO etapes (id_itineraire, id_checkpoint, position) VALUES (835,179,4);
INSERT INTO etapes (id_itineraire, id_checkpoint, position) VALUES (835,208,5);
INSERT INTO etapes (id_itineraire, id_checkpoint, position) VALUES (835,138,6);

INSERT INTO itineraire (id, nom, distance) VALUES (836, 'itineraire numero 836',0.04509272474466914);
INSERT INTO etapes (id_itineraire, id_checkpoint, position) VALUES (836,34,0);
INSERT INTO etapes (id_itineraire, id_checkpoint, position) VALUES (836,311,1);
INSERT INTO etapes (id_itineraire, id_checkpoint, position) VALUES (836,268,2);
INSERT INTO etapes (id_itineraire, id_checkpoint, position) VALUES (836,164,3);
INSERT INTO etapes (id_itineraire, id_checkpoint, position) VALUES (836,179,4);
INSERT INTO etapes (id_itineraire, id_checkpoint, position) VALUES (836,208,5);
INSERT INTO etapes (id_itineraire, id_checkpoint, position) VALUES (836,138,6);

INSERT INTO itineraire (id, nom, distance) VALUES (837, 'itineraire numero 837',0.04631914770082025);
INSERT INTO etapes (id_itineraire, id_checkpoint, position) VALUES (837,34,0);
INSERT INTO etapes (id_itineraire, id_checkpoint, position) VALUES (837,311,1);
INSERT INTO etapes (id_itineraire, id_checkpoint, position) VALUES (837,256,2);
INSERT INTO etapes (id_itineraire, id_checkpoint, position) VALUES (837,164,3);
INSERT INTO etapes (id_itineraire, id_checkpoint, position) VALUES (837,179,4);
INSERT INTO etapes (id_itineraire, id_checkpoint, position) VALUES (837,208,5);
INSERT INTO etapes (id_itineraire, id_checkpoint, position) VALUES (837,138,6);

INSERT INTO itineraire (id, nom, distance) VALUES (838, 'itineraire numero 838',0.04421494782010248);
INSERT INTO etapes (id_itineraire, id_checkpoint, position) VALUES (838,35,0);
INSERT INTO etapes (id_itineraire, id_checkpoint, position) VALUES (838,311,1);
INSERT INTO etapes (id_itineraire, id_checkpoint, position) VALUES (838,255,2);
INSERT INTO etapes (id_itineraire, id_checkpoint, position) VALUES (838,179,3);
INSERT INTO etapes (id_itineraire, id_checkpoint, position) VALUES (838,164,4);
INSERT INTO etapes (id_itineraire, id_checkpoint, position) VALUES (838,209,5);
INSERT INTO etapes (id_itineraire, id_checkpoint, position) VALUES (838,138,6);

INSERT INTO itineraire (id, nom, distance) VALUES (839, 'itineraire numero 839',0.03871844103721387);
INSERT INTO etapes (id_itineraire, id_checkpoint, position) VALUES (839,35,0);
INSERT INTO etapes (id_itineraire, id_checkpoint, position) VALUES (839,109,1);
INSERT INTO etapes (id_itineraire, id_checkpoint, position) VALUES (839,164,2);
INSERT INTO etapes (id_itineraire, id_checkpoint, position) VALUES (839,297,3);
INSERT INTO etapes (id_itineraire, id_checkpoint, position) VALUES (839,179,4);
INSERT INTO etapes (id_itineraire, id_checkpoint, position) VALUES (839,209,5);
INSERT INTO etapes (id_itineraire, id_checkpoint, position) VALUES (839,138,6);

INSERT INTO itineraire (id, nom, distance) VALUES (840, 'itineraire numero 840',0.056630823226021684);
INSERT INTO etapes (id_itineraire, id_checkpoint, position) VALUES (840,35,0);
INSERT INTO etapes (id_itineraire, id_checkpoint, position) VALUES (840,109,1);
INSERT INTO etapes (id_itineraire, id_checkpoint, position) VALUES (840,164,2);
INSERT INTO etapes (id_itineraire, id_checkpoint, position) VALUES (840,179,3);
INSERT INTO etapes (id_itineraire, id_checkpoint, position) VALUES (840,194,4);
INSERT INTO etapes (id_itineraire, id_checkpoint, position) VALUES (840,209,5);
INSERT INTO etapes (id_itineraire, id_checkpoint, position) VALUES (840,138,6);

INSERT INTO itineraire (id, nom, distance) VALUES (841, 'itineraire numero 841',0.03983221479958491);
INSERT INTO etapes (id_itineraire, id_checkpoint, position) VALUES (841,35,0);
INSERT INTO etapes (id_itineraire, id_checkpoint, position) VALUES (841,109,1);
INSERT INTO etapes (id_itineraire, id_checkpoint, position) VALUES (841,164,2);
INSERT INTO etapes (id_itineraire, id_checkpoint, position) VALUES (841,71,3);
INSERT INTO etapes (id_itineraire, id_checkpoint, position) VALUES (841,179,4);
INSERT INTO etapes (id_itineraire, id_checkpoint, position) VALUES (841,209,5);
INSERT INTO etapes (id_itineraire, id_checkpoint, position) VALUES (841,138,6);

INSERT INTO itineraire (id, nom, distance) VALUES (842, 'itineraire numero 842',0.0390422892061853);
INSERT INTO etapes (id_itineraire, id_checkpoint, position) VALUES (842,35,0);
INSERT INTO etapes (id_itineraire, id_checkpoint, position) VALUES (842,109,1);
INSERT INTO etapes (id_itineraire, id_checkpoint, position) VALUES (842,72,2);
INSERT INTO etapes (id_itineraire, id_checkpoint, position) VALUES (842,179,3);
INSERT INTO etapes (id_itineraire, id_checkpoint, position) VALUES (842,164,4);
INSERT INTO etapes (id_itineraire, id_checkpoint, position) VALUES (842,209,5);
INSERT INTO etapes (id_itineraire, id_checkpoint, position) VALUES (842,138,6);

INSERT INTO itineraire (id, nom, distance) VALUES (843, 'itineraire numero 843',0.04080743349612178);
INSERT INTO etapes (id_itineraire, id_checkpoint, position) VALUES (843,35,0);
INSERT INTO etapes (id_itineraire, id_checkpoint, position) VALUES (843,109,1);
INSERT INTO etapes (id_itineraire, id_checkpoint, position) VALUES (843,262,2);
INSERT INTO etapes (id_itineraire, id_checkpoint, position) VALUES (843,179,3);
INSERT INTO etapes (id_itineraire, id_checkpoint, position) VALUES (843,164,4);
INSERT INTO etapes (id_itineraire, id_checkpoint, position) VALUES (843,209,5);
INSERT INTO etapes (id_itineraire, id_checkpoint, position) VALUES (843,138,6);

INSERT INTO itineraire (id, nom, distance) VALUES (844, 'itineraire numero 844',0.0437445159978158);
INSERT INTO etapes (id_itineraire, id_checkpoint, position) VALUES (844,35,0);
INSERT INTO etapes (id_itineraire, id_checkpoint, position) VALUES (844,109,1);
INSERT INTO etapes (id_itineraire, id_checkpoint, position) VALUES (844,263,2);
INSERT INTO etapes (id_itineraire, id_checkpoint, position) VALUES (844,179,3);
INSERT INTO etapes (id_itineraire, id_checkpoint, position) VALUES (844,164,4);
INSERT INTO etapes (id_itineraire, id_checkpoint, position) VALUES (844,138,5);
INSERT INTO etapes (id_itineraire, id_checkpoint, position) VALUES (844,208,6);

INSERT INTO itineraire (id, nom, distance) VALUES (845, 'itineraire numero 845',0.04650507248875534);
INSERT INTO etapes (id_itineraire, id_checkpoint, position) VALUES (845,35,0);
INSERT INTO etapes (id_itineraire, id_checkpoint, position) VALUES (845,109,1);
INSERT INTO etapes (id_itineraire, id_checkpoint, position) VALUES (845,179,2);
INSERT INTO etapes (id_itineraire, id_checkpoint, position) VALUES (845,268,3);
INSERT INTO etapes (id_itineraire, id_checkpoint, position) VALUES (845,164,4);
INSERT INTO etapes (id_itineraire, id_checkpoint, position) VALUES (845,138,5);
INSERT INTO etapes (id_itineraire, id_checkpoint, position) VALUES (845,208,6);

INSERT INTO itineraire (id, nom, distance) VALUES (846, 'itineraire numero 846',0.05276102363735986);
INSERT INTO etapes (id_itineraire, id_checkpoint, position) VALUES (846,35,0);
INSERT INTO etapes (id_itineraire, id_checkpoint, position) VALUES (846,109,1);
INSERT INTO etapes (id_itineraire, id_checkpoint, position) VALUES (846,179,2);
INSERT INTO etapes (id_itineraire, id_checkpoint, position) VALUES (846,267,3);
INSERT INTO etapes (id_itineraire, id_checkpoint, position) VALUES (846,164,4);
INSERT INTO etapes (id_itineraire, id_checkpoint, position) VALUES (846,138,5);
INSERT INTO etapes (id_itineraire, id_checkpoint, position) VALUES (846,208,6);

INSERT INTO itineraire (id, nom, distance) VALUES (847, 'itineraire numero 847',0.04029486219293294);
INSERT INTO etapes (id_itineraire, id_checkpoint, position) VALUES (847,35,0);
INSERT INTO etapes (id_itineraire, id_checkpoint, position) VALUES (847,109,1);
INSERT INTO etapes (id_itineraire, id_checkpoint, position) VALUES (847,256,2);
INSERT INTO etapes (id_itineraire, id_checkpoint, position) VALUES (847,179,3);
INSERT INTO etapes (id_itineraire, id_checkpoint, position) VALUES (847,138,4);
INSERT INTO etapes (id_itineraire, id_checkpoint, position) VALUES (847,164,5);
INSERT INTO etapes (id_itineraire, id_checkpoint, position) VALUES (847,208,6);

INSERT INTO itineraire (id, nom, distance) VALUES (848, 'itineraire numero 848',0.04187935112040996);
INSERT INTO etapes (id_itineraire, id_checkpoint, position) VALUES (848,35,0);
INSERT INTO etapes (id_itineraire, id_checkpoint, position) VALUES (848,109,1);
INSERT INTO etapes (id_itineraire, id_checkpoint, position) VALUES (848,255,2);
INSERT INTO etapes (id_itineraire, id_checkpoint, position) VALUES (848,179,3);
INSERT INTO etapes (id_itineraire, id_checkpoint, position) VALUES (848,138,4);
INSERT INTO etapes (id_itineraire, id_checkpoint, position) VALUES (848,164,5);
INSERT INTO etapes (id_itineraire, id_checkpoint, position) VALUES (848,208,6);

INSERT INTO itineraire (id, nom, distance) VALUES (849, 'itineraire numero 849',0.04733186260905609);
INSERT INTO etapes (id_itineraire, id_checkpoint, position) VALUES (849,95,0);
INSERT INTO etapes (id_itineraire, id_checkpoint, position) VALUES (849,311,1);
INSERT INTO etapes (id_itineraire, id_checkpoint, position) VALUES (849,297,2);
INSERT INTO etapes (id_itineraire, id_checkpoint, position) VALUES (849,179,3);
INSERT INTO etapes (id_itineraire, id_checkpoint, position) VALUES (849,138,4);
INSERT INTO etapes (id_itineraire, id_checkpoint, position) VALUES (849,164,5);
INSERT INTO etapes (id_itineraire, id_checkpoint, position) VALUES (849,208,6);

INSERT INTO itineraire (id, nom, distance) VALUES (850, 'itineraire numero 850',0.04555399706137642);
INSERT INTO etapes (id_itineraire, id_checkpoint, position) VALUES (850,95,0);
INSERT INTO etapes (id_itineraire, id_checkpoint, position) VALUES (850,311,1);
INSERT INTO etapes (id_itineraire, id_checkpoint, position) VALUES (850,71,2);
INSERT INTO etapes (id_itineraire, id_checkpoint, position) VALUES (850,179,3);
INSERT INTO etapes (id_itineraire, id_checkpoint, position) VALUES (850,138,4);
INSERT INTO etapes (id_itineraire, id_checkpoint, position) VALUES (850,164,5);
INSERT INTO etapes (id_itineraire, id_checkpoint, position) VALUES (850,209,6);

INSERT INTO itineraire (id, nom, distance) VALUES (851, 'itineraire numero 851',0.045613423835621565);
INSERT INTO etapes (id_itineraire, id_checkpoint, position) VALUES (851,95,0);
INSERT INTO etapes (id_itineraire, id_checkpoint, position) VALUES (851,312,1);
INSERT INTO etapes (id_itineraire, id_checkpoint, position) VALUES (851,72,2);
INSERT INTO etapes (id_itineraire, id_checkpoint, position) VALUES (851,179,3);
INSERT INTO etapes (id_itineraire, id_checkpoint, position) VALUES (851,138,4);
INSERT INTO etapes (id_itineraire, id_checkpoint, position) VALUES (851,164,5);
INSERT INTO etapes (id_itineraire, id_checkpoint, position) VALUES (851,209,6);

INSERT INTO itineraire (id, nom, distance) VALUES (852, 'itineraire numero 852',0.047616790236027676);
INSERT INTO etapes (id_itineraire, id_checkpoint, position) VALUES (852,95,0);
INSERT INTO etapes (id_itineraire, id_checkpoint, position) VALUES (852,312,1);
INSERT INTO etapes (id_itineraire, id_checkpoint, position) VALUES (852,262,2);
INSERT INTO etapes (id_itineraire, id_checkpoint, position) VALUES (852,179,3);
INSERT INTO etapes (id_itineraire, id_checkpoint, position) VALUES (852,138,4);
INSERT INTO etapes (id_itineraire, id_checkpoint, position) VALUES (852,164,5);
INSERT INTO etapes (id_itineraire, id_checkpoint, position) VALUES (852,209,6);

INSERT INTO itineraire (id, nom, distance) VALUES (853, 'itineraire numero 853',0.050197812114579216);
INSERT INTO etapes (id_itineraire, id_checkpoint, position) VALUES (853,164,0);
INSERT INTO etapes (id_itineraire, id_checkpoint, position) VALUES (853,179,1);
INSERT INTO etapes (id_itineraire, id_checkpoint, position) VALUES (853,138,2);
INSERT INTO etapes (id_itineraire, id_checkpoint, position) VALUES (853,189,3);
INSERT INTO etapes (id_itineraire, id_checkpoint, position) VALUES (853,309,4);
INSERT INTO etapes (id_itineraire, id_checkpoint, position) VALUES (853,25,5);
INSERT INTO etapes (id_itineraire, id_checkpoint, position) VALUES (853,209,6);

INSERT INTO itineraire (id, nom, distance) VALUES (854, 'itineraire numero 854',0.04421924375143322);
INSERT INTO etapes (id_itineraire, id_checkpoint, position) VALUES (854,164,0);
INSERT INTO etapes (id_itineraire, id_checkpoint, position) VALUES (854,297,1);
INSERT INTO etapes (id_itineraire, id_checkpoint, position) VALUES (854,309,2);
INSERT INTO etapes (id_itineraire, id_checkpoint, position) VALUES (854,117,3);
INSERT INTO etapes (id_itineraire, id_checkpoint, position) VALUES (854,179,4);
INSERT INTO etapes (id_itineraire, id_checkpoint, position) VALUES (854,138,5);
INSERT INTO etapes (id_itineraire, id_checkpoint, position) VALUES (854,209,6);

INSERT INTO itineraire (id, nom, distance) VALUES (855, 'itineraire numero 855',0.0583486692394816);
INSERT INTO etapes (id_itineraire, id_checkpoint, position) VALUES (855,164,0);
INSERT INTO etapes (id_itineraire, id_checkpoint, position) VALUES (855,194,1);
INSERT INTO etapes (id_itineraire, id_checkpoint, position) VALUES (855,179,2);
INSERT INTO etapes (id_itineraire, id_checkpoint, position) VALUES (855,138,3);
INSERT INTO etapes (id_itineraire, id_checkpoint, position) VALUES (855,117,4);
INSERT INTO etapes (id_itineraire, id_checkpoint, position) VALUES (855,309,5);
INSERT INTO etapes (id_itineraire, id_checkpoint, position) VALUES (855,209,6);

INSERT INTO itineraire (id, nom, distance) VALUES (856, 'itineraire numero 856',0.055315064658354736);
INSERT INTO etapes (id_itineraire, id_checkpoint, position) VALUES (856,164,0);
INSERT INTO etapes (id_itineraire, id_checkpoint, position) VALUES (856,1,1);
INSERT INTO etapes (id_itineraire, id_checkpoint, position) VALUES (856,33,2);
INSERT INTO etapes (id_itineraire, id_checkpoint, position) VALUES (856,308,3);
INSERT INTO etapes (id_itineraire, id_checkpoint, position) VALUES (856,297,4);
INSERT INTO etapes (id_itineraire, id_checkpoint, position) VALUES (856,179,5);
INSERT INTO etapes (id_itineraire, id_checkpoint, position) VALUES (856,138,6);

INSERT INTO itineraire (id, nom, distance) VALUES (857, 'itineraire numero 857',0.0629117235950677);
INSERT INTO etapes (id_itineraire, id_checkpoint, position) VALUES (857,179,0);
INSERT INTO etapes (id_itineraire, id_checkpoint, position) VALUES (857,164,1);
INSERT INTO etapes (id_itineraire, id_checkpoint, position) VALUES (857,194,2);
INSERT INTO etapes (id_itineraire, id_checkpoint, position) VALUES (857,138,3);
INSERT INTO etapes (id_itineraire, id_checkpoint, position) VALUES (857,1,4);
INSERT INTO etapes (id_itineraire, id_checkpoint, position) VALUES (857,33,5);
INSERT INTO etapes (id_itineraire, id_checkpoint, position) VALUES (857,308,6);

INSERT INTO itineraire (id, nom, distance) VALUES (858, 'itineraire numero 858',0.05016785627930497);
INSERT INTO etapes (id_itineraire, id_checkpoint, position) VALUES (858,35,0);
INSERT INTO etapes (id_itineraire, id_checkpoint, position) VALUES (858,1,1);
INSERT INTO etapes (id_itineraire, id_checkpoint, position) VALUES (858,310,2);
INSERT INTO etapes (id_itineraire, id_checkpoint, position) VALUES (858,71,3);
INSERT INTO etapes (id_itineraire, id_checkpoint, position) VALUES (858,179,4);
INSERT INTO etapes (id_itineraire, id_checkpoint, position) VALUES (858,138,5);
INSERT INTO etapes (id_itineraire, id_checkpoint, position) VALUES (858,164,6);

INSERT INTO itineraire (id, nom, distance) VALUES (859, 'itineraire numero 859',0.05532876270180957);
INSERT INTO etapes (id_itineraire, id_checkpoint, position) VALUES (859,179,0);
INSERT INTO etapes (id_itineraire, id_checkpoint, position) VALUES (859,164,1);
INSERT INTO etapes (id_itineraire, id_checkpoint, position) VALUES (859,138,2);
INSERT INTO etapes (id_itineraire, id_checkpoint, position) VALUES (859,72,3);
INSERT INTO etapes (id_itineraire, id_checkpoint, position) VALUES (859,309,4);
INSERT INTO etapes (id_itineraire, id_checkpoint, position) VALUES (859,33,5);
INSERT INTO etapes (id_itineraire, id_checkpoint, position) VALUES (859,1,6);

INSERT INTO itineraire (id, nom, distance) VALUES (860, 'itineraire numero 860',0.05915812846651182);
INSERT INTO etapes (id_itineraire, id_checkpoint, position) VALUES (860,179,0);
INSERT INTO etapes (id_itineraire, id_checkpoint, position) VALUES (860,164,1);
INSERT INTO etapes (id_itineraire, id_checkpoint, position) VALUES (860,138,2);
INSERT INTO etapes (id_itineraire, id_checkpoint, position) VALUES (860,262,3);
INSERT INTO etapes (id_itineraire, id_checkpoint, position) VALUES (860,309,4);
INSERT INTO etapes (id_itineraire, id_checkpoint, position) VALUES (860,33,5);
INSERT INTO etapes (id_itineraire, id_checkpoint, position) VALUES (860,1,6);

INSERT INTO itineraire (id, nom, distance) VALUES (861, 'itineraire numero 861',0.05857152322922109);
INSERT INTO etapes (id_itineraire, id_checkpoint, position) VALUES (861,179,0);
INSERT INTO etapes (id_itineraire, id_checkpoint, position) VALUES (861,164,1);
INSERT INTO etapes (id_itineraire, id_checkpoint, position) VALUES (861,138,2);
INSERT INTO etapes (id_itineraire, id_checkpoint, position) VALUES (861,263,3);
INSERT INTO etapes (id_itineraire, id_checkpoint, position) VALUES (861,309,4);
INSERT INTO etapes (id_itineraire, id_checkpoint, position) VALUES (861,33,5);
INSERT INTO etapes (id_itineraire, id_checkpoint, position) VALUES (861,1,6);

INSERT INTO itineraire (id, nom, distance) VALUES (862, 'itineraire numero 862',0.04658889683992429);
INSERT INTO etapes (id_itineraire, id_checkpoint, position) VALUES (862,7,0);
INSERT INTO etapes (id_itineraire, id_checkpoint, position) VALUES (862,32,1);
INSERT INTO etapes (id_itineraire, id_checkpoint, position) VALUES (862,310,2);
INSERT INTO etapes (id_itineraire, id_checkpoint, position) VALUES (862,297,3);
INSERT INTO etapes (id_itineraire, id_checkpoint, position) VALUES (862,179,4);
INSERT INTO etapes (id_itineraire, id_checkpoint, position) VALUES (862,138,5);
INSERT INTO etapes (id_itineraire, id_checkpoint, position) VALUES (862,164,6);

INSERT INTO itineraire (id, nom, distance) VALUES (863, 'itineraire numero 863',0.044811031292244605);
INSERT INTO etapes (id_itineraire, id_checkpoint, position) VALUES (863,7,0);
INSERT INTO etapes (id_itineraire, id_checkpoint, position) VALUES (863,32,1);
INSERT INTO etapes (id_itineraire, id_checkpoint, position) VALUES (863,310,2);
INSERT INTO etapes (id_itineraire, id_checkpoint, position) VALUES (863,71,3);
INSERT INTO etapes (id_itineraire, id_checkpoint, position) VALUES (863,179,4);
INSERT INTO etapes (id_itineraire, id_checkpoint, position) VALUES (863,138,5);
INSERT INTO etapes (id_itineraire, id_checkpoint, position) VALUES (863,164,6);

INSERT INTO itineraire (id, nom, distance) VALUES (864, 'itineraire numero 864',0.04487045806648975);
INSERT INTO etapes (id_itineraire, id_checkpoint, position) VALUES (864,7,0);
INSERT INTO etapes (id_itineraire, id_checkpoint, position) VALUES (864,32,1);
INSERT INTO etapes (id_itineraire, id_checkpoint, position) VALUES (864,310,2);
INSERT INTO etapes (id_itineraire, id_checkpoint, position) VALUES (864,72,3);
INSERT INTO etapes (id_itineraire, id_checkpoint, position) VALUES (864,179,4);
INSERT INTO etapes (id_itineraire, id_checkpoint, position) VALUES (864,138,5);
INSERT INTO etapes (id_itineraire, id_checkpoint, position) VALUES (864,164,6);

INSERT INTO itineraire (id, nom, distance) VALUES (865, 'itineraire numero 865',0.04687382446689587);
INSERT INTO etapes (id_itineraire, id_checkpoint, position) VALUES (865,7,0);
INSERT INTO etapes (id_itineraire, id_checkpoint, position) VALUES (865,32,1);
INSERT INTO etapes (id_itineraire, id_checkpoint, position) VALUES (865,310,2);
INSERT INTO etapes (id_itineraire, id_checkpoint, position) VALUES (865,262,3);
INSERT INTO etapes (id_itineraire, id_checkpoint, position) VALUES (865,179,4);
INSERT INTO etapes (id_itineraire, id_checkpoint, position) VALUES (865,138,5);
INSERT INTO etapes (id_itineraire, id_checkpoint, position) VALUES (865,164,6);

INSERT INTO itineraire (id, nom, distance) VALUES (866, 'itineraire numero 866',0.04550895949638357);
INSERT INTO etapes (id_itineraire, id_checkpoint, position) VALUES (866,7,0);
INSERT INTO etapes (id_itineraire, id_checkpoint, position) VALUES (866,32,1);
INSERT INTO etapes (id_itineraire, id_checkpoint, position) VALUES (866,310,2);
INSERT INTO etapes (id_itineraire, id_checkpoint, position) VALUES (866,263,3);
INSERT INTO etapes (id_itineraire, id_checkpoint, position) VALUES (866,179,4);
INSERT INTO etapes (id_itineraire, id_checkpoint, position) VALUES (866,138,5);
INSERT INTO etapes (id_itineraire, id_checkpoint, position) VALUES (866,164,6);

INSERT INTO itineraire (id, nom, distance) VALUES (867, 'itineraire numero 867',0.04590162644929412);
INSERT INTO etapes (id_itineraire, id_checkpoint, position) VALUES (867,179,0);
INSERT INTO etapes (id_itineraire, id_checkpoint, position) VALUES (867,164,1);
INSERT INTO etapes (id_itineraire, id_checkpoint, position) VALUES (867,138,2);
INSERT INTO etapes (id_itineraire, id_checkpoint, position) VALUES (867,256,3);
INSERT INTO etapes (id_itineraire, id_checkpoint, position) VALUES (867,309,4);
INSERT INTO etapes (id_itineraire, id_checkpoint, position) VALUES (867,30,5);
INSERT INTO etapes (id_itineraire, id_checkpoint, position) VALUES (867,7,6);

INSERT INTO itineraire (id, nom, distance) VALUES (868, 'itineraire numero 868',0.04510478512140907);
INSERT INTO etapes (id_itineraire, id_checkpoint, position) VALUES (868,179,0);
INSERT INTO etapes (id_itineraire, id_checkpoint, position) VALUES (868,164,1);
INSERT INTO etapes (id_itineraire, id_checkpoint, position) VALUES (868,138,2);
INSERT INTO etapes (id_itineraire, id_checkpoint, position) VALUES (868,255,3);
INSERT INTO etapes (id_itineraire, id_checkpoint, position) VALUES (868,309,4);
INSERT INTO etapes (id_itineraire, id_checkpoint, position) VALUES (868,30,5);
INSERT INTO etapes (id_itineraire, id_checkpoint, position) VALUES (868,7,6);

INSERT INTO itineraire (id, nom, distance) VALUES (869, 'itineraire numero 869',0.04477749428065801);
INSERT INTO etapes (id_itineraire, id_checkpoint, position) VALUES (869,279,0);
INSERT INTO etapes (id_itineraire, id_checkpoint, position) VALUES (869,179,1);
INSERT INTO etapes (id_itineraire, id_checkpoint, position) VALUES (869,297,2);
INSERT INTO etapes (id_itineraire, id_checkpoint, position) VALUES (869,138,3);
INSERT INTO etapes (id_itineraire, id_checkpoint, position) VALUES (869,309,4);
INSERT INTO etapes (id_itineraire, id_checkpoint, position) VALUES (869,30,5);
INSERT INTO etapes (id_itineraire, id_checkpoint, position) VALUES (869,7,6);

INSERT INTO itineraire (id, nom, distance) VALUES (870, 'itineraire numero 870',0.04916346808257785);
INSERT INTO etapes (id_itineraire, id_checkpoint, position) VALUES (870,279,0);
INSERT INTO etapes (id_itineraire, id_checkpoint, position) VALUES (870,194,1);
INSERT INTO etapes (id_itineraire, id_checkpoint, position) VALUES (870,179,2);
INSERT INTO etapes (id_itineraire, id_checkpoint, position) VALUES (870,138,3);
INSERT INTO etapes (id_itineraire, id_checkpoint, position) VALUES (870,309,4);
INSERT INTO etapes (id_itineraire, id_checkpoint, position) VALUES (870,30,5);
INSERT INTO etapes (id_itineraire, id_checkpoint, position) VALUES (870,7,6);

INSERT INTO itineraire (id, nom, distance) VALUES (871, 'itineraire numero 871',0.048228312677541935);
INSERT INTO etapes (id_itineraire, id_checkpoint, position) VALUES (871,279,0);
INSERT INTO etapes (id_itineraire, id_checkpoint, position) VALUES (871,179,1);
INSERT INTO etapes (id_itineraire, id_checkpoint, position) VALUES (871,138,2);
INSERT INTO etapes (id_itineraire, id_checkpoint, position) VALUES (871,308,3);
INSERT INTO etapes (id_itineraire, id_checkpoint, position) VALUES (871,85,4);
INSERT INTO etapes (id_itineraire, id_checkpoint, position) VALUES (871,31,5);
INSERT INTO etapes (id_itineraire, id_checkpoint, position) VALUES (871,7,6);

INSERT INTO itineraire (id, nom, distance) VALUES (872, 'itineraire numero 872',0.042379044874901586);
INSERT INTO etapes (id_itineraire, id_checkpoint, position) VALUES (872,279,0);
INSERT INTO etapes (id_itineraire, id_checkpoint, position) VALUES (872,71,1);
INSERT INTO etapes (id_itineraire, id_checkpoint, position) VALUES (872,179,2);
INSERT INTO etapes (id_itineraire, id_checkpoint, position) VALUES (872,138,3);
INSERT INTO etapes (id_itineraire, id_checkpoint, position) VALUES (872,310,4);
INSERT INTO etapes (id_itineraire, id_checkpoint, position) VALUES (872,31,5);
INSERT INTO etapes (id_itineraire, id_checkpoint, position) VALUES (872,7,6);

INSERT INTO itineraire (id, nom, distance) VALUES (873, 'itineraire numero 873',0.0438956748452307);
INSERT INTO etapes (id_itineraire, id_checkpoint, position) VALUES (873,7,0);
INSERT INTO etapes (id_itineraire, id_checkpoint, position) VALUES (873,32,1);
INSERT INTO etapes (id_itineraire, id_checkpoint, position) VALUES (873,310,2);
INSERT INTO etapes (id_itineraire, id_checkpoint, position) VALUES (873,72,3);
INSERT INTO etapes (id_itineraire, id_checkpoint, position) VALUES (873,279,4);
INSERT INTO etapes (id_itineraire, id_checkpoint, position) VALUES (873,179,5);
INSERT INTO etapes (id_itineraire, id_checkpoint, position) VALUES (873,138,6);

INSERT INTO itineraire (id, nom, distance) VALUES (874, 'itineraire numero 874',0.059888673336195436);
INSERT INTO etapes (id_itineraire, id_checkpoint, position) VALUES (874,279,0);
INSERT INTO etapes (id_itineraire, id_checkpoint, position) VALUES (874,262,1);
INSERT INTO etapes (id_itineraire, id_checkpoint, position) VALUES (874,7,2);
INSERT INTO etapes (id_itineraire, id_checkpoint, position) VALUES (874,29,3);
INSERT INTO etapes (id_itineraire, id_checkpoint, position) VALUES (874,310,4);
INSERT INTO etapes (id_itineraire, id_checkpoint, position) VALUES (874,138,5);
INSERT INTO etapes (id_itineraire, id_checkpoint, position) VALUES (874,179,6);

INSERT INTO itineraire (id, nom, distance) VALUES (875, 'itineraire numero 875',0.05971637743944521);
INSERT INTO etapes (id_itineraire, id_checkpoint, position) VALUES (875,279,0);
INSERT INTO etapes (id_itineraire, id_checkpoint, position) VALUES (875,252,1);
INSERT INTO etapes (id_itineraire, id_checkpoint, position) VALUES (875,7,2);
INSERT INTO etapes (id_itineraire, id_checkpoint, position) VALUES (875,29,3);
INSERT INTO etapes (id_itineraire, id_checkpoint, position) VALUES (875,310,4);
INSERT INTO etapes (id_itineraire, id_checkpoint, position) VALUES (875,138,5);
INSERT INTO etapes (id_itineraire, id_checkpoint, position) VALUES (875,179,6);

INSERT INTO itineraire (id, nom, distance) VALUES (876, 'itineraire numero 876',0.03745878165652404);
INSERT INTO etapes (id_itineraire, id_checkpoint, position) VALUES (876,279,0);
INSERT INTO etapes (id_itineraire, id_checkpoint, position) VALUES (876,179,1);
INSERT INTO etapes (id_itineraire, id_checkpoint, position) VALUES (876,138,2);
INSERT INTO etapes (id_itineraire, id_checkpoint, position) VALUES (876,262,3);
INSERT INTO etapes (id_itineraire, id_checkpoint, position) VALUES (876,7,4);
INSERT INTO etapes (id_itineraire, id_checkpoint, position) VALUES (876,31,5);
INSERT INTO etapes (id_itineraire, id_checkpoint, position) VALUES (876,87,6);

INSERT INTO itineraire (id, nom, distance) VALUES (877, 'itineraire numero 877',0.057486720847284796);
INSERT INTO etapes (id_itineraire, id_checkpoint, position) VALUES (877,279,0);
INSERT INTO etapes (id_itineraire, id_checkpoint, position) VALUES (877,262,1);
INSERT INTO etapes (id_itineraire, id_checkpoint, position) VALUES (877,7,2);
INSERT INTO etapes (id_itineraire, id_checkpoint, position) VALUES (877,30,3);
INSERT INTO etapes (id_itineraire, id_checkpoint, position) VALUES (877,97,4);
INSERT INTO etapes (id_itineraire, id_checkpoint, position) VALUES (877,179,5);
INSERT INTO etapes (id_itineraire, id_checkpoint, position) VALUES (877,138,6);

INSERT INTO itineraire (id, nom, distance) VALUES (878, 'itineraire numero 878',0.05731442495053457);
INSERT INTO etapes (id_itineraire, id_checkpoint, position) VALUES (878,279,0);
INSERT INTO etapes (id_itineraire, id_checkpoint, position) VALUES (878,252,1);
INSERT INTO etapes (id_itineraire, id_checkpoint, position) VALUES (878,7,2);
INSERT INTO etapes (id_itineraire, id_checkpoint, position) VALUES (878,30,3);
INSERT INTO etapes (id_itineraire, id_checkpoint, position) VALUES (878,98,4);
INSERT INTO etapes (id_itineraire, id_checkpoint, position) VALUES (878,179,5);
INSERT INTO etapes (id_itineraire, id_checkpoint, position) VALUES (878,138,6);

INSERT INTO itineraire (id, nom, distance) VALUES (879, 'itineraire numero 879',0.057552395595688616);
INSERT INTO etapes (id_itineraire, id_checkpoint, position) VALUES (879,279,0);
INSERT INTO etapes (id_itineraire, id_checkpoint, position) VALUES (879,262,1);
INSERT INTO etapes (id_itineraire, id_checkpoint, position) VALUES (879,7,2);
INSERT INTO etapes (id_itineraire, id_checkpoint, position) VALUES (879,30,3);
INSERT INTO etapes (id_itineraire, id_checkpoint, position) VALUES (879,107,4);
INSERT INTO etapes (id_itineraire, id_checkpoint, position) VALUES (879,179,5);
INSERT INTO etapes (id_itineraire, id_checkpoint, position) VALUES (879,138,6);

INSERT INTO itineraire (id, nom, distance) VALUES (880, 'itineraire numero 880',0.05738009969893839);
INSERT INTO etapes (id_itineraire, id_checkpoint, position) VALUES (880,279,0);
INSERT INTO etapes (id_itineraire, id_checkpoint, position) VALUES (880,252,1);
INSERT INTO etapes (id_itineraire, id_checkpoint, position) VALUES (880,7,2);
INSERT INTO etapes (id_itineraire, id_checkpoint, position) VALUES (880,30,3);
INSERT INTO etapes (id_itineraire, id_checkpoint, position) VALUES (880,107,4);
INSERT INTO etapes (id_itineraire, id_checkpoint, position) VALUES (880,179,5);
INSERT INTO etapes (id_itineraire, id_checkpoint, position) VALUES (880,138,6);

INSERT INTO itineraire (id, nom, distance) VALUES (881, 'itineraire numero 881',0.044770784006148895);
INSERT INTO etapes (id_itineraire, id_checkpoint, position) VALUES (881,279,0);
INSERT INTO etapes (id_itineraire, id_checkpoint, position) VALUES (881,179,1);
INSERT INTO etapes (id_itineraire, id_checkpoint, position) VALUES (881,297,2);
INSERT INTO etapes (id_itineraire, id_checkpoint, position) VALUES (881,138,3);
INSERT INTO etapes (id_itineraire, id_checkpoint, position) VALUES (881,310,4);
INSERT INTO etapes (id_itineraire, id_checkpoint, position) VALUES (881,31,5);
INSERT INTO etapes (id_itineraire, id_checkpoint, position) VALUES (881,8,6);

INSERT INTO itineraire (id, nom, distance) VALUES (882, 'itineraire numero 882',0.044074712517678034);
INSERT INTO etapes (id_itineraire, id_checkpoint, position) VALUES (882,8,0);
INSERT INTO etapes (id_itineraire, id_checkpoint, position) VALUES (882,32,1);
INSERT INTO etapes (id_itineraire, id_checkpoint, position) VALUES (882,310,2);
INSERT INTO etapes (id_itineraire, id_checkpoint, position) VALUES (882,138,3);
INSERT INTO etapes (id_itineraire, id_checkpoint, position) VALUES (882,179,4);
INSERT INTO etapes (id_itineraire, id_checkpoint, position) VALUES (882,279,5);
INSERT INTO etapes (id_itineraire, id_checkpoint, position) VALUES (882,194,6);

INSERT INTO itineraire (id, nom, distance) VALUES (883, 'itineraire numero 883',0.04822160240303283);
INSERT INTO etapes (id_itineraire, id_checkpoint, position) VALUES (883,279,0);
INSERT INTO etapes (id_itineraire, id_checkpoint, position) VALUES (883,179,1);
INSERT INTO etapes (id_itineraire, id_checkpoint, position) VALUES (883,138,2);
INSERT INTO etapes (id_itineraire, id_checkpoint, position) VALUES (883,309,3);
INSERT INTO etapes (id_itineraire, id_checkpoint, position) VALUES (883,85,4);
INSERT INTO etapes (id_itineraire, id_checkpoint, position) VALUES (883,31,5);
INSERT INTO etapes (id_itineraire, id_checkpoint, position) VALUES (883,8,6);

INSERT INTO itineraire (id, nom, distance) VALUES (884, 'itineraire numero 884',0.04237233460039248);
INSERT INTO etapes (id_itineraire, id_checkpoint, position) VALUES (884,279,0);
INSERT INTO etapes (id_itineraire, id_checkpoint, position) VALUES (884,71,1);
INSERT INTO etapes (id_itineraire, id_checkpoint, position) VALUES (884,179,2);
INSERT INTO etapes (id_itineraire, id_checkpoint, position) VALUES (884,138,3);
INSERT INTO etapes (id_itineraire, id_checkpoint, position) VALUES (884,310,4);
INSERT INTO etapes (id_itineraire, id_checkpoint, position) VALUES (884,31,5);
INSERT INTO etapes (id_itineraire, id_checkpoint, position) VALUES (884,8,6);

INSERT INTO itineraire (id, nom, distance) VALUES (885, 'itineraire numero 885',0.042467394577308845);
INSERT INTO etapes (id_itineraire, id_checkpoint, position) VALUES (885,279,0);
INSERT INTO etapes (id_itineraire, id_checkpoint, position) VALUES (885,72,1);
INSERT INTO etapes (id_itineraire, id_checkpoint, position) VALUES (885,179,2);
INSERT INTO etapes (id_itineraire, id_checkpoint, position) VALUES (885,138,3);
INSERT INTO etapes (id_itineraire, id_checkpoint, position) VALUES (885,310,4);
INSERT INTO etapes (id_itineraire, id_checkpoint, position) VALUES (885,31,5);
INSERT INTO etapes (id_itineraire, id_checkpoint, position) VALUES (885,8,6);

INSERT INTO itineraire (id, nom, distance) VALUES (886, 'itineraire numero 886',0.047231896044527794);
INSERT INTO etapes (id_itineraire, id_checkpoint, position) VALUES (886,279,0);
INSERT INTO etapes (id_itineraire, id_checkpoint, position) VALUES (886,179,1);
INSERT INTO etapes (id_itineraire, id_checkpoint, position) VALUES (886,262,2);
INSERT INTO etapes (id_itineraire, id_checkpoint, position) VALUES (886,138,3);
INSERT INTO etapes (id_itineraire, id_checkpoint, position) VALUES (886,310,4);
INSERT INTO etapes (id_itineraire, id_checkpoint, position) VALUES (886,31,5);
INSERT INTO etapes (id_itineraire, id_checkpoint, position) VALUES (886,8,6);

INSERT INTO itineraire (id, nom, distance) VALUES (887, 'itineraire numero 887',0.045997526704375485);
INSERT INTO etapes (id_itineraire, id_checkpoint, position) VALUES (887,8,0);
INSERT INTO etapes (id_itineraire, id_checkpoint, position) VALUES (887,125,1);
INSERT INTO etapes (id_itineraire, id_checkpoint, position) VALUES (887,311,2);
INSERT INTO etapes (id_itineraire, id_checkpoint, position) VALUES (887,263,3);
INSERT INTO etapes (id_itineraire, id_checkpoint, position) VALUES (887,279,4);
INSERT INTO etapes (id_itineraire, id_checkpoint, position) VALUES (887,179,5);
INSERT INTO etapes (id_itineraire, id_checkpoint, position) VALUES (887,138,6);

INSERT INTO itineraire (id, nom, distance) VALUES (888, 'itineraire numero 888',0.04599886902506034);
INSERT INTO etapes (id_itineraire, id_checkpoint, position) VALUES (888,8,0);
INSERT INTO etapes (id_itineraire, id_checkpoint, position) VALUES (888,125,1);
INSERT INTO etapes (id_itineraire, id_checkpoint, position) VALUES (888,311,2);
INSERT INTO etapes (id_itineraire, id_checkpoint, position) VALUES (888,138,3);
INSERT INTO etapes (id_itineraire, id_checkpoint, position) VALUES (888,179,4);
INSERT INTO etapes (id_itineraire, id_checkpoint, position) VALUES (888,279,5);
INSERT INTO etapes (id_itineraire, id_checkpoint, position) VALUES (888,268,6);

INSERT INTO itineraire (id, nom, distance) VALUES (889, 'itineraire numero 889',0.039873241058278865);
INSERT INTO etapes (id_itineraire, id_checkpoint, position) VALUES (889,8,0);
INSERT INTO etapes (id_itineraire, id_checkpoint, position) VALUES (889,125,1);
INSERT INTO etapes (id_itineraire, id_checkpoint, position) VALUES (889,311,2);
INSERT INTO etapes (id_itineraire, id_checkpoint, position) VALUES (889,138,3);
INSERT INTO etapes (id_itineraire, id_checkpoint, position) VALUES (889,267,4);
INSERT INTO etapes (id_itineraire, id_checkpoint, position) VALUES (889,279,5);
INSERT INTO etapes (id_itineraire, id_checkpoint, position) VALUES (889,179,6);

INSERT INTO itineraire (id, nom, distance) VALUES (890, 'itineraire numero 890',0.04915780691832605);
INSERT INTO etapes (id_itineraire, id_checkpoint, position) VALUES (890,8,0);
INSERT INTO etapes (id_itineraire, id_checkpoint, position) VALUES (890,125,1);
INSERT INTO etapes (id_itineraire, id_checkpoint, position) VALUES (890,311,2);
INSERT INTO etapes (id_itineraire, id_checkpoint, position) VALUES (890,138,3);
INSERT INTO etapes (id_itineraire, id_checkpoint, position) VALUES (890,179,4);
INSERT INTO etapes (id_itineraire, id_checkpoint, position) VALUES (890,279,5);
INSERT INTO etapes (id_itineraire, id_checkpoint, position) VALUES (890,252,6);

INSERT INTO itineraire (id, nom, distance) VALUES (891, 'itineraire numero 891',0.043549215139859314);
INSERT INTO etapes (id_itineraire, id_checkpoint, position) VALUES (891,8,0);
INSERT INTO etapes (id_itineraire, id_checkpoint, position) VALUES (891,125,1);
INSERT INTO etapes (id_itineraire, id_checkpoint, position) VALUES (891,311,2);
INSERT INTO etapes (id_itineraire, id_checkpoint, position) VALUES (891,256,3);
INSERT INTO etapes (id_itineraire, id_checkpoint, position) VALUES (891,279,4);
INSERT INTO etapes (id_itineraire, id_checkpoint, position) VALUES (891,179,5);
INSERT INTO etapes (id_itineraire, id_checkpoint, position) VALUES (891,138,6);

INSERT INTO itineraire (id, nom, distance) VALUES (892, 'itineraire numero 892',0.04517950401731195);
INSERT INTO etapes (id_itineraire, id_checkpoint, position) VALUES (892,255,0);
INSERT INTO etapes (id_itineraire, id_checkpoint, position) VALUES (892,279,1);
INSERT INTO etapes (id_itineraire, id_checkpoint, position) VALUES (892,179,2);
INSERT INTO etapes (id_itineraire, id_checkpoint, position) VALUES (892,138,3);
INSERT INTO etapes (id_itineraire, id_checkpoint, position) VALUES (892,310,4);
INSERT INTO etapes (id_itineraire, id_checkpoint, position) VALUES (892,31,5);
INSERT INTO etapes (id_itineraire, id_checkpoint, position) VALUES (892,8,6);

INSERT INTO itineraire (id, nom, distance) VALUES (893, 'itineraire numero 893',0.05273749367927487);
INSERT INTO etapes (id_itineraire, id_checkpoint, position) VALUES (893,252,0);
INSERT INTO etapes (id_itineraire, id_checkpoint, position) VALUES (893,8,1);
INSERT INTO etapes (id_itineraire, id_checkpoint, position) VALUES (893,30,2);
INSERT INTO etapes (id_itineraire, id_checkpoint, position) VALUES (893,97,3);
INSERT INTO etapes (id_itineraire, id_checkpoint, position) VALUES (893,179,4);
INSERT INTO etapes (id_itineraire, id_checkpoint, position) VALUES (893,279,5);
INSERT INTO etapes (id_itineraire, id_checkpoint, position) VALUES (893,138,6);

INSERT INTO itineraire (id, nom, distance) VALUES (894, 'itineraire numero 894',0.055085016605826244);
INSERT INTO etapes (id_itineraire, id_checkpoint, position) VALUES (894,252,0);
INSERT INTO etapes (id_itineraire, id_checkpoint, position) VALUES (894,8,1);
INSERT INTO etapes (id_itineraire, id_checkpoint, position) VALUES (894,30,2);
INSERT INTO etapes (id_itineraire, id_checkpoint, position) VALUES (894,107,3);
INSERT INTO etapes (id_itineraire, id_checkpoint, position) VALUES (894,279,4);
INSERT INTO etapes (id_itineraire, id_checkpoint, position) VALUES (894,179,5);
INSERT INTO etapes (id_itineraire, id_checkpoint, position) VALUES (894,138,6);

INSERT INTO itineraire (id, nom, distance) VALUES (895, 'itineraire numero 895',0.044300297281441046);
INSERT INTO etapes (id_itineraire, id_checkpoint, position) VALUES (895,36,0);
INSERT INTO etapes (id_itineraire, id_checkpoint, position) VALUES (895,312,1);
INSERT INTO etapes (id_itineraire, id_checkpoint, position) VALUES (895,297,2);
INSERT INTO etapes (id_itineraire, id_checkpoint, position) VALUES (895,279,3);
INSERT INTO etapes (id_itineraire, id_checkpoint, position) VALUES (895,170,4);
INSERT INTO etapes (id_itineraire, id_checkpoint, position) VALUES (895,179,5);
INSERT INTO etapes (id_itineraire, id_checkpoint, position) VALUES (895,138,6);

INSERT INTO itineraire (id, nom, distance) VALUES (896, 'itineraire numero 896',0.04529455197976007);
INSERT INTO etapes (id_itineraire, id_checkpoint, position) VALUES (896,36,0);
INSERT INTO etapes (id_itineraire, id_checkpoint, position) VALUES (896,312,1);
INSERT INTO etapes (id_itineraire, id_checkpoint, position) VALUES (896,138,2);
INSERT INTO etapes (id_itineraire, id_checkpoint, position) VALUES (896,170,3);
INSERT INTO etapes (id_itineraire, id_checkpoint, position) VALUES (896,279,4);
INSERT INTO etapes (id_itineraire, id_checkpoint, position) VALUES (896,194,5);
INSERT INTO etapes (id_itineraire, id_checkpoint, position) VALUES (896,179,6);

INSERT INTO itineraire (id, nom, distance) VALUES (897, 'itineraire numero 897',0.04627993256220658);
INSERT INTO etapes (id_itineraire, id_checkpoint, position) VALUES (897,170,0);
INSERT INTO etapes (id_itineraire, id_checkpoint, position) VALUES (897,279,1);
INSERT INTO etapes (id_itineraire, id_checkpoint, position) VALUES (897,179,2);
INSERT INTO etapes (id_itineraire, id_checkpoint, position) VALUES (897,138,3);
INSERT INTO etapes (id_itineraire, id_checkpoint, position) VALUES (897,311,4);
INSERT INTO etapes (id_itineraire, id_checkpoint, position) VALUES (897,86,5);
INSERT INTO etapes (id_itineraire, id_checkpoint, position) VALUES (897,33,6);

INSERT INTO itineraire (id, nom, distance) VALUES (898, 'itineraire numero 898',0.04180992432641089);
INSERT INTO etapes (id_itineraire, id_checkpoint, position) VALUES (898,36,0);
INSERT INTO etapes (id_itineraire, id_checkpoint, position) VALUES (898,312,1);
INSERT INTO etapes (id_itineraire, id_checkpoint, position) VALUES (898,71,2);
INSERT INTO etapes (id_itineraire, id_checkpoint, position) VALUES (898,279,3);
INSERT INTO etapes (id_itineraire, id_checkpoint, position) VALUES (898,170,4);
INSERT INTO etapes (id_itineraire, id_checkpoint, position) VALUES (898,179,5);
INSERT INTO etapes (id_itineraire, id_checkpoint, position) VALUES (898,138,6);

INSERT INTO itineraire (id, nom, distance) VALUES (899, 'itineraire numero 899',0.041066979769144384);
INSERT INTO etapes (id_itineraire, id_checkpoint, position) VALUES (899,36,0);
INSERT INTO etapes (id_itineraire, id_checkpoint, position) VALUES (899,312,1);
INSERT INTO etapes (id_itineraire, id_checkpoint, position) VALUES (899,72,2);
INSERT INTO etapes (id_itineraire, id_checkpoint, position) VALUES (899,279,3);
INSERT INTO etapes (id_itineraire, id_checkpoint, position) VALUES (899,170,4);
INSERT INTO etapes (id_itineraire, id_checkpoint, position) VALUES (899,179,5);
INSERT INTO etapes (id_itineraire, id_checkpoint, position) VALUES (899,138,6);

INSERT INTO itineraire (id, nom, distance) VALUES (900, 'itineraire numero 900',0.04446330541209234);
INSERT INTO etapes (id_itineraire, id_checkpoint, position) VALUES (900,36,0);
INSERT INTO etapes (id_itineraire, id_checkpoint, position) VALUES (900,312,1);
INSERT INTO etapes (id_itineraire, id_checkpoint, position) VALUES (900,262,2);
INSERT INTO etapes (id_itineraire, id_checkpoint, position) VALUES (900,279,3);
INSERT INTO etapes (id_itineraire, id_checkpoint, position) VALUES (900,170,4);
INSERT INTO etapes (id_itineraire, id_checkpoint, position) VALUES (900,179,5);
INSERT INTO etapes (id_itineraire, id_checkpoint, position) VALUES (900,138,6);

INSERT INTO itineraire (id, nom, distance) VALUES (901, 'itineraire numero 901',0.04317554190279827);
INSERT INTO etapes (id_itineraire, id_checkpoint, position) VALUES (901,36,0);
INSERT INTO etapes (id_itineraire, id_checkpoint, position) VALUES (901,312,1);
INSERT INTO etapes (id_itineraire, id_checkpoint, position) VALUES (901,263,2);
INSERT INTO etapes (id_itineraire, id_checkpoint, position) VALUES (901,279,3);
INSERT INTO etapes (id_itineraire, id_checkpoint, position) VALUES (901,170,4);
INSERT INTO etapes (id_itineraire, id_checkpoint, position) VALUES (901,179,5);
INSERT INTO etapes (id_itineraire, id_checkpoint, position) VALUES (901,138,6);

INSERT INTO itineraire (id, nom, distance) VALUES (902, 'itineraire numero 902',0.047019334395565646);
INSERT INTO etapes (id_itineraire, id_checkpoint, position) VALUES (902,170,0);
INSERT INTO etapes (id_itineraire, id_checkpoint, position) VALUES (902,268,1);
INSERT INTO etapes (id_itineraire, id_checkpoint, position) VALUES (902,279,2);
INSERT INTO etapes (id_itineraire, id_checkpoint, position) VALUES (902,179,3);
INSERT INTO etapes (id_itineraire, id_checkpoint, position) VALUES (902,138,4);
INSERT INTO etapes (id_itineraire, id_checkpoint, position) VALUES (902,309,5);
INSERT INTO etapes (id_itineraire, id_checkpoint, position) VALUES (902,33,6);

INSERT INTO itineraire (id, nom, distance) VALUES (903, 'itineraire numero 903',0.036873112890919574);
INSERT INTO etapes (id_itineraire, id_checkpoint, position) VALUES (903,170,0);
INSERT INTO etapes (id_itineraire, id_checkpoint, position) VALUES (903,267,1);
INSERT INTO etapes (id_itineraire, id_checkpoint, position) VALUES (903,279,2);
INSERT INTO etapes (id_itineraire, id_checkpoint, position) VALUES (903,179,3);
INSERT INTO etapes (id_itineraire, id_checkpoint, position) VALUES (903,138,4);
INSERT INTO etapes (id_itineraire, id_checkpoint, position) VALUES (903,309,5);
INSERT INTO etapes (id_itineraire, id_checkpoint, position) VALUES (903,33,6);

INSERT INTO itineraire (id, nom, distance) VALUES (904, 'itineraire numero 904',0.046335822116748845);
INSERT INTO etapes (id_itineraire, id_checkpoint, position) VALUES (904,252,0);
INSERT INTO etapes (id_itineraire, id_checkpoint, position) VALUES (904,279,1);
INSERT INTO etapes (id_itineraire, id_checkpoint, position) VALUES (904,170,2);
INSERT INTO etapes (id_itineraire, id_checkpoint, position) VALUES (904,179,3);
INSERT INTO etapes (id_itineraire, id_checkpoint, position) VALUES (904,138,4);
INSERT INTO etapes (id_itineraire, id_checkpoint, position) VALUES (904,309,5);
INSERT INTO etapes (id_itineraire, id_checkpoint, position) VALUES (904,33,6);

INSERT INTO itineraire (id, nom, distance) VALUES (905, 'itineraire numero 905',0.04523396565320183);
INSERT INTO etapes (id_itineraire, id_checkpoint, position) VALUES (905,170,0);
INSERT INTO etapes (id_itineraire, id_checkpoint, position) VALUES (905,256,1);
INSERT INTO etapes (id_itineraire, id_checkpoint, position) VALUES (905,279,2);
INSERT INTO etapes (id_itineraire, id_checkpoint, position) VALUES (905,179,3);
INSERT INTO etapes (id_itineraire, id_checkpoint, position) VALUES (905,138,4);
INSERT INTO etapes (id_itineraire, id_checkpoint, position) VALUES (905,309,5);
INSERT INTO etapes (id_itineraire, id_checkpoint, position) VALUES (905,33,6);

INSERT INTO itineraire (id, nom, distance) VALUES (906, 'itineraire numero 906',0.03658360418475378);
INSERT INTO etapes (id_itineraire, id_checkpoint, position) VALUES (906,170,0);
INSERT INTO etapes (id_itineraire, id_checkpoint, position) VALUES (906,279,1);
INSERT INTO etapes (id_itineraire, id_checkpoint, position) VALUES (906,179,2);
INSERT INTO etapes (id_itineraire, id_checkpoint, position) VALUES (906,138,3);
INSERT INTO etapes (id_itineraire, id_checkpoint, position) VALUES (906,255,4);
INSERT INTO etapes (id_itineraire, id_checkpoint, position) VALUES (906,309,5);
INSERT INTO etapes (id_itineraire, id_checkpoint, position) VALUES (906,34,6);

INSERT INTO itineraire (id, nom, distance) VALUES (907, 'itineraire numero 907',0.04316158812670277);
INSERT INTO etapes (id_itineraire, id_checkpoint, position) VALUES (907,36,0);
INSERT INTO etapes (id_itineraire, id_checkpoint, position) VALUES (907,109,1);
INSERT INTO etapes (id_itineraire, id_checkpoint, position) VALUES (907,279,2);
INSERT INTO etapes (id_itineraire, id_checkpoint, position) VALUES (907,170,3);
INSERT INTO etapes (id_itineraire, id_checkpoint, position) VALUES (907,297,4);
INSERT INTO etapes (id_itineraire, id_checkpoint, position) VALUES (907,179,5);
INSERT INTO etapes (id_itineraire, id_checkpoint, position) VALUES (907,138,6);

INSERT INTO itineraire (id, nom, distance) VALUES (908, 'itineraire numero 908',0.050631726735558776);
INSERT INTO etapes (id_itineraire, id_checkpoint, position) VALUES (908,36,0);
INSERT INTO etapes (id_itineraire, id_checkpoint, position) VALUES (908,109,1);
INSERT INTO etapes (id_itineraire, id_checkpoint, position) VALUES (908,279,2);
INSERT INTO etapes (id_itineraire, id_checkpoint, position) VALUES (908,170,3);
INSERT INTO etapes (id_itineraire, id_checkpoint, position) VALUES (908,179,4);
INSERT INTO etapes (id_itineraire, id_checkpoint, position) VALUES (908,194,5);
INSERT INTO etapes (id_itineraire, id_checkpoint, position) VALUES (908,138,6);

INSERT INTO itineraire (id, nom, distance) VALUES (909, 'itineraire numero 909',0.039107670507663075);
INSERT INTO etapes (id_itineraire, id_checkpoint, position) VALUES (909,36,0);
INSERT INTO etapes (id_itineraire, id_checkpoint, position) VALUES (909,110,1);
INSERT INTO etapes (id_itineraire, id_checkpoint, position) VALUES (909,279,2);
INSERT INTO etapes (id_itineraire, id_checkpoint, position) VALUES (909,170,3);
INSERT INTO etapes (id_itineraire, id_checkpoint, position) VALUES (909,71,4);
INSERT INTO etapes (id_itineraire, id_checkpoint, position) VALUES (909,179,5);
INSERT INTO etapes (id_itineraire, id_checkpoint, position) VALUES (909,138,6);

INSERT INTO itineraire (id, nom, distance) VALUES (910, 'itineraire numero 910',0.038928768617158056);
INSERT INTO etapes (id_itineraire, id_checkpoint, position) VALUES (910,36,0);
INSERT INTO etapes (id_itineraire, id_checkpoint, position) VALUES (910,110,1);
INSERT INTO etapes (id_itineraire, id_checkpoint, position) VALUES (910,279,2);
INSERT INTO etapes (id_itineraire, id_checkpoint, position) VALUES (910,170,3);
INSERT INTO etapes (id_itineraire, id_checkpoint, position) VALUES (910,72,4);
INSERT INTO etapes (id_itineraire, id_checkpoint, position) VALUES (910,179,5);
INSERT INTO etapes (id_itineraire, id_checkpoint, position) VALUES (910,138,6);

INSERT INTO itineraire (id, nom, distance) VALUES (911, 'itineraire numero 911',0.04588798409183892);
INSERT INTO etapes (id_itineraire, id_checkpoint, position) VALUES (911,36,0);
INSERT INTO etapes (id_itineraire, id_checkpoint, position) VALUES (911,110,1);
INSERT INTO etapes (id_itineraire, id_checkpoint, position) VALUES (911,279,2);
INSERT INTO etapes (id_itineraire, id_checkpoint, position) VALUES (911,170,3);
INSERT INTO etapes (id_itineraire, id_checkpoint, position) VALUES (911,262,4);
INSERT INTO etapes (id_itineraire, id_checkpoint, position) VALUES (911,179,5);
INSERT INTO etapes (id_itineraire, id_checkpoint, position) VALUES (911,138,6);

INSERT INTO itineraire (id, nom, distance) VALUES (912, 'itineraire numero 912',0.04535827375393066);
INSERT INTO etapes (id_itineraire, id_checkpoint, position) VALUES (912,36,0);
INSERT INTO etapes (id_itineraire, id_checkpoint, position) VALUES (912,110,1);
INSERT INTO etapes (id_itineraire, id_checkpoint, position) VALUES (912,279,2);
INSERT INTO etapes (id_itineraire, id_checkpoint, position) VALUES (912,179,3);
INSERT INTO etapes (id_itineraire, id_checkpoint, position) VALUES (912,170,4);
INSERT INTO etapes (id_itineraire, id_checkpoint, position) VALUES (912,263,5);
INSERT INTO etapes (id_itineraire, id_checkpoint, position) VALUES (912,138,6);

INSERT INTO itineraire (id, nom, distance) VALUES (913, 'itineraire numero 913',0.04243819151591825);
INSERT INTO etapes (id_itineraire, id_checkpoint, position) VALUES (913,127,0);
INSERT INTO etapes (id_itineraire, id_checkpoint, position) VALUES (913,110,1);
INSERT INTO etapes (id_itineraire, id_checkpoint, position) VALUES (913,279,2);
INSERT INTO etapes (id_itineraire, id_checkpoint, position) VALUES (913,179,3);
INSERT INTO etapes (id_itineraire, id_checkpoint, position) VALUES (913,138,4);
INSERT INTO etapes (id_itineraire, id_checkpoint, position) VALUES (913,170,5);
INSERT INTO etapes (id_itineraire, id_checkpoint, position) VALUES (913,268,6);

INSERT INTO itineraire (id, nom, distance) VALUES (914, 'itineraire numero 914',0.03885369597246333);
INSERT INTO etapes (id_itineraire, id_checkpoint, position) VALUES (914,127,0);
INSERT INTO etapes (id_itineraire, id_checkpoint, position) VALUES (914,110,1);
INSERT INTO etapes (id_itineraire, id_checkpoint, position) VALUES (914,279,2);
INSERT INTO etapes (id_itineraire, id_checkpoint, position) VALUES (914,179,3);
INSERT INTO etapes (id_itineraire, id_checkpoint, position) VALUES (914,138,4);
INSERT INTO etapes (id_itineraire, id_checkpoint, position) VALUES (914,170,5);
INSERT INTO etapes (id_itineraire, id_checkpoint, position) VALUES (914,267,6);

INSERT INTO itineraire (id, nom, distance) VALUES (915, 'itineraire numero 915',0.045878040589044544);
INSERT INTO etapes (id_itineraire, id_checkpoint, position) VALUES (915,127,0);
INSERT INTO etapes (id_itineraire, id_checkpoint, position) VALUES (915,110,1);
INSERT INTO etapes (id_itineraire, id_checkpoint, position) VALUES (915,279,2);
INSERT INTO etapes (id_itineraire, id_checkpoint, position) VALUES (915,179,3);
INSERT INTO etapes (id_itineraire, id_checkpoint, position) VALUES (915,138,4);
INSERT INTO etapes (id_itineraire, id_checkpoint, position) VALUES (915,170,5);
INSERT INTO etapes (id_itineraire, id_checkpoint, position) VALUES (915,252,6);

INSERT INTO itineraire (id, nom, distance) VALUES (916, 'itineraire numero 916',0.04144202648962372);
INSERT INTO etapes (id_itineraire, id_checkpoint, position) VALUES (916,127,0);
INSERT INTO etapes (id_itineraire, id_checkpoint, position) VALUES (916,110,1);
INSERT INTO etapes (id_itineraire, id_checkpoint, position) VALUES (916,279,2);
INSERT INTO etapes (id_itineraire, id_checkpoint, position) VALUES (916,179,3);
INSERT INTO etapes (id_itineraire, id_checkpoint, position) VALUES (916,138,4);
INSERT INTO etapes (id_itineraire, id_checkpoint, position) VALUES (916,170,5);
INSERT INTO etapes (id_itineraire, id_checkpoint, position) VALUES (916,256,6);

INSERT INTO itineraire (id, nom, distance) VALUES (917, 'itineraire numero 917',0.0426428294377583);
INSERT INTO etapes (id_itineraire, id_checkpoint, position) VALUES (917,127,0);
INSERT INTO etapes (id_itineraire, id_checkpoint, position) VALUES (917,110,1);
INSERT INTO etapes (id_itineraire, id_checkpoint, position) VALUES (917,279,2);
INSERT INTO etapes (id_itineraire, id_checkpoint, position) VALUES (917,179,3);
INSERT INTO etapes (id_itineraire, id_checkpoint, position) VALUES (917,255,4);
INSERT INTO etapes (id_itineraire, id_checkpoint, position) VALUES (917,170,5);
INSERT INTO etapes (id_itineraire, id_checkpoint, position) VALUES (917,138,6);

INSERT INTO itineraire (id, nom, distance) VALUES (918, 'itineraire numero 918',0.04735377672090563);
INSERT INTO etapes (id_itineraire, id_checkpoint, position) VALUES (918,127,0);
INSERT INTO etapes (id_itineraire, id_checkpoint, position) VALUES (918,132,1);
INSERT INTO etapes (id_itineraire, id_checkpoint, position) VALUES (918,311,2);
INSERT INTO etapes (id_itineraire, id_checkpoint, position) VALUES (918,138,3);
INSERT INTO etapes (id_itineraire, id_checkpoint, position) VALUES (918,179,4);
INSERT INTO etapes (id_itineraire, id_checkpoint, position) VALUES (918,279,5);
INSERT INTO etapes (id_itineraire, id_checkpoint, position) VALUES (918,296,6);

INSERT INTO itineraire (id, nom, distance) VALUES (919, 'itineraire numero 919',0.052423230484659904);
INSERT INTO etapes (id_itineraire, id_checkpoint, position) VALUES (919,127,0);
INSERT INTO etapes (id_itineraire, id_checkpoint, position) VALUES (919,132,1);
INSERT INTO etapes (id_itineraire, id_checkpoint, position) VALUES (919,311,2);
INSERT INTO etapes (id_itineraire, id_checkpoint, position) VALUES (919,189,3);
INSERT INTO etapes (id_itineraire, id_checkpoint, position) VALUES (919,279,4);
INSERT INTO etapes (id_itineraire, id_checkpoint, position) VALUES (919,179,5);
INSERT INTO etapes (id_itineraire, id_checkpoint, position) VALUES (919,138,6);

INSERT INTO itineraire (id, nom, distance) VALUES (920, 'itineraire numero 920',0.05367770385328045);
INSERT INTO etapes (id_itineraire, id_checkpoint, position) VALUES (920,127,0);
INSERT INTO etapes (id_itineraire, id_checkpoint, position) VALUES (920,132,1);
INSERT INTO etapes (id_itineraire, id_checkpoint, position) VALUES (920,311,2);
INSERT INTO etapes (id_itineraire, id_checkpoint, position) VALUES (920,138,3);
INSERT INTO etapes (id_itineraire, id_checkpoint, position) VALUES (920,181,4);
INSERT INTO etapes (id_itineraire, id_checkpoint, position) VALUES (920,279,5);
INSERT INTO etapes (id_itineraire, id_checkpoint, position) VALUES (920,179,6);

INSERT INTO itineraire (id, nom, distance) VALUES (921, 'itineraire numero 921',0.05399758244626646);
INSERT INTO etapes (id_itineraire, id_checkpoint, position) VALUES (921,127,0);
INSERT INTO etapes (id_itineraire, id_checkpoint, position) VALUES (921,133,1);
INSERT INTO etapes (id_itineraire, id_checkpoint, position) VALUES (921,312,2);
INSERT INTO etapes (id_itineraire, id_checkpoint, position) VALUES (921,138,3);
INSERT INTO etapes (id_itineraire, id_checkpoint, position) VALUES (921,182,4);
INSERT INTO etapes (id_itineraire, id_checkpoint, position) VALUES (921,279,5);
INSERT INTO etapes (id_itineraire, id_checkpoint, position) VALUES (921,179,6);

INSERT INTO itineraire (id, nom, distance) VALUES (922, 'itineraire numero 922',0.05422318529669511);
INSERT INTO etapes (id_itineraire, id_checkpoint, position) VALUES (922,127,0);
INSERT INTO etapes (id_itineraire, id_checkpoint, position) VALUES (922,133,1);
INSERT INTO etapes (id_itineraire, id_checkpoint, position) VALUES (922,312,2);
INSERT INTO etapes (id_itineraire, id_checkpoint, position) VALUES (922,297,3);
INSERT INTO etapes (id_itineraire, id_checkpoint, position) VALUES (922,279,4);
INSERT INTO etapes (id_itineraire, id_checkpoint, position) VALUES (922,179,5);
INSERT INTO etapes (id_itineraire, id_checkpoint, position) VALUES (922,138,6);

INSERT INTO itineraire (id, nom, distance) VALUES (923, 'itineraire numero 923',0.051175615731354894);
INSERT INTO etapes (id_itineraire, id_checkpoint, position) VALUES (923,127,0);
INSERT INTO etapes (id_itineraire, id_checkpoint, position) VALUES (923,133,1);
INSERT INTO etapes (id_itineraire, id_checkpoint, position) VALUES (923,312,2);
INSERT INTO etapes (id_itineraire, id_checkpoint, position) VALUES (923,138,3);
INSERT INTO etapes (id_itineraire, id_checkpoint, position) VALUES (923,179,4);
INSERT INTO etapes (id_itineraire, id_checkpoint, position) VALUES (923,279,5);
INSERT INTO etapes (id_itineraire, id_checkpoint, position) VALUES (923,194,6);

INSERT INTO itineraire (id, nom, distance) VALUES (924, 'itineraire numero 924',0.05618565571944274);
INSERT INTO etapes (id_itineraire, id_checkpoint, position) VALUES (924,127,0);
INSERT INTO etapes (id_itineraire, id_checkpoint, position) VALUES (924,133,1);
INSERT INTO etapes (id_itineraire, id_checkpoint, position) VALUES (924,86,2);
INSERT INTO etapes (id_itineraire, id_checkpoint, position) VALUES (924,309,3);
INSERT INTO etapes (id_itineraire, id_checkpoint, position) VALUES (924,138,4);
INSERT INTO etapes (id_itineraire, id_checkpoint, position) VALUES (924,179,5);
INSERT INTO etapes (id_itineraire, id_checkpoint, position) VALUES (924,279,6);

INSERT INTO itineraire (id, nom, distance) VALUES (925, 'itineraire numero 925',0.05459387214351563);
INSERT INTO etapes (id_itineraire, id_checkpoint, position) VALUES (925,128,0);
INSERT INTO etapes (id_itineraire, id_checkpoint, position) VALUES (925,133,1);
INSERT INTO etapes (id_itineraire, id_checkpoint, position) VALUES (925,312,2);
INSERT INTO etapes (id_itineraire, id_checkpoint, position) VALUES (925,138,3);
INSERT INTO etapes (id_itineraire, id_checkpoint, position) VALUES (925,232,4);
INSERT INTO etapes (id_itineraire, id_checkpoint, position) VALUES (925,279,5);
INSERT INTO etapes (id_itineraire, id_checkpoint, position) VALUES (925,179,6);

INSERT INTO itineraire (id, nom, distance) VALUES (926, 'itineraire numero 926',0.051732812341664956);
INSERT INTO etapes (id_itineraire, id_checkpoint, position) VALUES (926,128,0);
INSERT INTO etapes (id_itineraire, id_checkpoint, position) VALUES (926,133,1);
INSERT INTO etapes (id_itineraire, id_checkpoint, position) VALUES (926,312,2);
INSERT INTO etapes (id_itineraire, id_checkpoint, position) VALUES (926,71,3);
INSERT INTO etapes (id_itineraire, id_checkpoint, position) VALUES (926,279,4);
INSERT INTO etapes (id_itineraire, id_checkpoint, position) VALUES (926,179,5);
INSERT INTO etapes (id_itineraire, id_checkpoint, position) VALUES (926,138,6);

INSERT INTO itineraire (id, nom, distance) VALUES (927, 'itineraire numero 927',0.05098986778439845);
INSERT INTO etapes (id_itineraire, id_checkpoint, position) VALUES (927,128,0);
INSERT INTO etapes (id_itineraire, id_checkpoint, position) VALUES (927,133,1);
INSERT INTO etapes (id_itineraire, id_checkpoint, position) VALUES (927,312,2);
INSERT INTO etapes (id_itineraire, id_checkpoint, position) VALUES (927,72,3);
INSERT INTO etapes (id_itineraire, id_checkpoint, position) VALUES (927,279,4);
INSERT INTO etapes (id_itineraire, id_checkpoint, position) VALUES (927,179,5);
INSERT INTO etapes (id_itineraire, id_checkpoint, position) VALUES (927,138,6);

INSERT INTO itineraire (id, nom, distance) VALUES (928, 'itineraire numero 928',0.054386193427346415);
INSERT INTO etapes (id_itineraire, id_checkpoint, position) VALUES (928,128,0);
INSERT INTO etapes (id_itineraire, id_checkpoint, position) VALUES (928,133,1);
INSERT INTO etapes (id_itineraire, id_checkpoint, position) VALUES (928,312,2);
INSERT INTO etapes (id_itineraire, id_checkpoint, position) VALUES (928,262,3);
INSERT INTO etapes (id_itineraire, id_checkpoint, position) VALUES (928,279,4);
INSERT INTO etapes (id_itineraire, id_checkpoint, position) VALUES (928,179,5);
INSERT INTO etapes (id_itineraire, id_checkpoint, position) VALUES (928,138,6);

INSERT INTO itineraire (id, nom, distance) VALUES (929, 'itineraire numero 929',0.05336843174756317);
INSERT INTO etapes (id_itineraire, id_checkpoint, position) VALUES (929,128,0);
INSERT INTO etapes (id_itineraire, id_checkpoint, position) VALUES (929,134,1);
INSERT INTO etapes (id_itineraire, id_checkpoint, position) VALUES (929,312,2);
INSERT INTO etapes (id_itineraire, id_checkpoint, position) VALUES (929,138,3);
INSERT INTO etapes (id_itineraire, id_checkpoint, position) VALUES (929,263,4);
INSERT INTO etapes (id_itineraire, id_checkpoint, position) VALUES (929,279,5);
INSERT INTO etapes (id_itineraire, id_checkpoint, position) VALUES (929,179,6);

INSERT INTO itineraire (id, nom, distance) VALUES (930, 'itineraire numero 930',0.04449791947938198);
INSERT INTO etapes (id_itineraire, id_checkpoint, position) VALUES (930,260,0);
INSERT INTO etapes (id_itineraire, id_checkpoint, position) VALUES (930,279,1);
INSERT INTO etapes (id_itineraire, id_checkpoint, position) VALUES (930,179,2);
INSERT INTO etapes (id_itineraire, id_checkpoint, position) VALUES (930,138,3);
INSERT INTO etapes (id_itineraire, id_checkpoint, position) VALUES (930,311,4);
INSERT INTO etapes (id_itineraire, id_checkpoint, position) VALUES (930,33,5);
INSERT INTO etapes (id_itineraire, id_checkpoint, position) VALUES (930,132,6);

INSERT INTO itineraire (id, nom, distance) VALUES (931, 'itineraire numero 931',0.04945195147386754);
INSERT INTO etapes (id_itineraire, id_checkpoint, position) VALUES (931,268,0);
INSERT INTO etapes (id_itineraire, id_checkpoint, position) VALUES (931,279,1);
INSERT INTO etapes (id_itineraire, id_checkpoint, position) VALUES (931,179,2);
INSERT INTO etapes (id_itineraire, id_checkpoint, position) VALUES (931,138,3);
INSERT INTO etapes (id_itineraire, id_checkpoint, position) VALUES (931,311,4);
INSERT INTO etapes (id_itineraire, id_checkpoint, position) VALUES (931,33,5);
INSERT INTO etapes (id_itineraire, id_checkpoint, position) VALUES (931,132,6);

INSERT INTO itineraire (id, nom, distance) VALUES (932, 'itineraire numero 932',0.042890225512676385);
INSERT INTO etapes (id_itineraire, id_checkpoint, position) VALUES (932,267,0);
INSERT INTO etapes (id_itineraire, id_checkpoint, position) VALUES (932,279,1);
INSERT INTO etapes (id_itineraire, id_checkpoint, position) VALUES (932,179,2);
INSERT INTO etapes (id_itineraire, id_checkpoint, position) VALUES (932,138,3);
INSERT INTO etapes (id_itineraire, id_checkpoint, position) VALUES (932,311,4);
INSERT INTO etapes (id_itineraire, id_checkpoint, position) VALUES (932,33,5);
INSERT INTO etapes (id_itineraire, id_checkpoint, position) VALUES (932,132,6);

INSERT INTO itineraire (id, nom, distance) VALUES (933, 'itineraire numero 933',0.052610889367133255);
INSERT INTO etapes (id_itineraire, id_checkpoint, position) VALUES (933,252,0);
INSERT INTO etapes (id_itineraire, id_checkpoint, position) VALUES (933,279,1);
INSERT INTO etapes (id_itineraire, id_checkpoint, position) VALUES (933,179,2);
INSERT INTO etapes (id_itineraire, id_checkpoint, position) VALUES (933,138,3);
INSERT INTO etapes (id_itineraire, id_checkpoint, position) VALUES (933,311,4);
INSERT INTO etapes (id_itineraire, id_checkpoint, position) VALUES (933,34,5);
INSERT INTO etapes (id_itineraire, id_checkpoint, position) VALUES (933,132,6);

INSERT INTO itineraire (id, nom, distance) VALUES (934, 'itineraire numero 934',0.04649493347118607);
INSERT INTO etapes (id_itineraire, id_checkpoint, position) VALUES (934,148,0);
INSERT INTO etapes (id_itineraire, id_checkpoint, position) VALUES (934,279,1);
INSERT INTO etapes (id_itineraire, id_checkpoint, position) VALUES (934,179,2);
INSERT INTO etapes (id_itineraire, id_checkpoint, position) VALUES (934,138,3);
INSERT INTO etapes (id_itineraire, id_checkpoint, position) VALUES (934,311,4);
INSERT INTO etapes (id_itineraire, id_checkpoint, position) VALUES (934,34,5);
INSERT INTO etapes (id_itineraire, id_checkpoint, position) VALUES (934,132,6);

INSERT INTO itineraire (id, nom, distance) VALUES (935, 'itineraire numero 935',0.048662747757798254);
INSERT INTO etapes (id_itineraire, id_checkpoint, position) VALUES (935,256,0);
INSERT INTO etapes (id_itineraire, id_checkpoint, position) VALUES (935,279,1);
INSERT INTO etapes (id_itineraire, id_checkpoint, position) VALUES (935,179,2);
INSERT INTO etapes (id_itineraire, id_checkpoint, position) VALUES (935,138,3);
INSERT INTO etapes (id_itineraire, id_checkpoint, position) VALUES (935,311,4);
INSERT INTO etapes (id_itineraire, id_checkpoint, position) VALUES (935,34,5);
INSERT INTO etapes (id_itineraire, id_checkpoint, position) VALUES (935,132,6);

INSERT INTO itineraire (id, nom, distance) VALUES (936, 'itineraire numero 936',0.048632586466119156);
INSERT INTO etapes (id_itineraire, id_checkpoint, position) VALUES (936,255,0);
INSERT INTO etapes (id_itineraire, id_checkpoint, position) VALUES (936,279,1);
INSERT INTO etapes (id_itineraire, id_checkpoint, position) VALUES (936,179,2);
INSERT INTO etapes (id_itineraire, id_checkpoint, position) VALUES (936,138,3);
INSERT INTO etapes (id_itineraire, id_checkpoint, position) VALUES (936,311,4);
INSERT INTO etapes (id_itineraire, id_checkpoint, position) VALUES (936,34,5);
INSERT INTO etapes (id_itineraire, id_checkpoint, position) VALUES (936,132,6);

INSERT INTO itineraire (id, nom, distance) VALUES (937, 'itineraire numero 937',0.038268822529654925);
INSERT INTO etapes (id_itineraire, id_checkpoint, position) VALUES (937,128,0);
INSERT INTO etapes (id_itineraire, id_checkpoint, position) VALUES (937,134,1);
INSERT INTO etapes (id_itineraire, id_checkpoint, position) VALUES (937,97,2);
INSERT INTO etapes (id_itineraire, id_checkpoint, position) VALUES (937,179,3);
INSERT INTO etapes (id_itineraire, id_checkpoint, position) VALUES (937,279,4);
INSERT INTO etapes (id_itineraire, id_checkpoint, position) VALUES (937,296,5);
INSERT INTO etapes (id_itineraire, id_checkpoint, position) VALUES (937,138,6);

INSERT INTO itineraire (id, nom, distance) VALUES (938, 'itineraire numero 938',0.04754366842787906);
INSERT INTO etapes (id_itineraire, id_checkpoint, position) VALUES (938,128,0);
INSERT INTO etapes (id_itineraire, id_checkpoint, position) VALUES (938,134,1);
INSERT INTO etapes (id_itineraire, id_checkpoint, position) VALUES (938,219,2);
INSERT INTO etapes (id_itineraire, id_checkpoint, position) VALUES (938,279,3);
INSERT INTO etapes (id_itineraire, id_checkpoint, position) VALUES (938,179,4);
INSERT INTO etapes (id_itineraire, id_checkpoint, position) VALUES (938,296,5);
INSERT INTO etapes (id_itineraire, id_checkpoint, position) VALUES (938,138,6);

INSERT INTO itineraire (id, nom, distance) VALUES (939, 'itineraire numero 939',0.04878616351485421);
INSERT INTO etapes (id_itineraire, id_checkpoint, position) VALUES (939,128,0);
INSERT INTO etapes (id_itineraire, id_checkpoint, position) VALUES (939,134,1);
INSERT INTO etapes (id_itineraire, id_checkpoint, position) VALUES (939,301,2);
INSERT INTO etapes (id_itineraire, id_checkpoint, position) VALUES (939,279,3);
INSERT INTO etapes (id_itineraire, id_checkpoint, position) VALUES (939,179,4);
INSERT INTO etapes (id_itineraire, id_checkpoint, position) VALUES (939,296,5);
INSERT INTO etapes (id_itineraire, id_checkpoint, position) VALUES (939,138,6);

INSERT INTO itineraire (id, nom, distance) VALUES (940, 'itineraire numero 940',0.04937939718801617);
INSERT INTO etapes (id_itineraire, id_checkpoint, position) VALUES (940,128,0);
INSERT INTO etapes (id_itineraire, id_checkpoint, position) VALUES (940,134,1);
INSERT INTO etapes (id_itineraire, id_checkpoint, position) VALUES (940,107,2);
INSERT INTO etapes (id_itineraire, id_checkpoint, position) VALUES (940,279,3);
INSERT INTO etapes (id_itineraire, id_checkpoint, position) VALUES (940,179,4);
INSERT INTO etapes (id_itineraire, id_checkpoint, position) VALUES (940,296,5);
INSERT INTO etapes (id_itineraire, id_checkpoint, position) VALUES (940,138,6);

INSERT INTO itineraire (id, nom, distance) VALUES (941, 'itineraire numero 941',0.03949413169265043);
INSERT INTO etapes (id_itineraire, id_checkpoint, position) VALUES (941,128,0);
INSERT INTO etapes (id_itineraire, id_checkpoint, position) VALUES (941,134,1);
INSERT INTO etapes (id_itineraire, id_checkpoint, position) VALUES (941,97,2);
INSERT INTO etapes (id_itineraire, id_checkpoint, position) VALUES (941,189,3);
INSERT INTO etapes (id_itineraire, id_checkpoint, position) VALUES (941,279,4);
INSERT INTO etapes (id_itineraire, id_checkpoint, position) VALUES (941,179,5);
INSERT INTO etapes (id_itineraire, id_checkpoint, position) VALUES (941,138,6);

INSERT INTO itineraire (id, nom, distance) VALUES (942, 'itineraire numero 942',0.04476666230790874);
INSERT INTO etapes (id_itineraire, id_checkpoint, position) VALUES (942,128,0);
INSERT INTO etapes (id_itineraire, id_checkpoint, position) VALUES (942,134,1);
INSERT INTO etapes (id_itineraire, id_checkpoint, position) VALUES (942,219,2);
INSERT INTO etapes (id_itineraire, id_checkpoint, position) VALUES (942,279,3);
INSERT INTO etapes (id_itineraire, id_checkpoint, position) VALUES (942,189,4);
INSERT INTO etapes (id_itineraire, id_checkpoint, position) VALUES (942,179,5);
INSERT INTO etapes (id_itineraire, id_checkpoint, position) VALUES (942,138,6);

INSERT INTO itineraire (id, nom, distance) VALUES (943, 'itineraire numero 943',0.046009157394883884);
INSERT INTO etapes (id_itineraire, id_checkpoint, position) VALUES (943,128,0);
INSERT INTO etapes (id_itineraire, id_checkpoint, position) VALUES (943,134,1);
INSERT INTO etapes (id_itineraire, id_checkpoint, position) VALUES (943,301,2);
INSERT INTO etapes (id_itineraire, id_checkpoint, position) VALUES (943,279,3);
INSERT INTO etapes (id_itineraire, id_checkpoint, position) VALUES (943,189,4);
INSERT INTO etapes (id_itineraire, id_checkpoint, position) VALUES (943,179,5);
INSERT INTO etapes (id_itineraire, id_checkpoint, position) VALUES (943,138,6);

INSERT INTO itineraire (id, nom, distance) VALUES (944, 'itineraire numero 944',0.045610924327855004);
INSERT INTO etapes (id_itineraire, id_checkpoint, position) VALUES (944,132,0);
INSERT INTO etapes (id_itineraire, id_checkpoint, position) VALUES (944,33,1);
INSERT INTO etapes (id_itineraire, id_checkpoint, position) VALUES (944,107,2);
INSERT INTO etapes (id_itineraire, id_checkpoint, position) VALUES (944,279,3);
INSERT INTO etapes (id_itineraire, id_checkpoint, position) VALUES (944,179,4);
INSERT INTO etapes (id_itineraire, id_checkpoint, position) VALUES (944,189,5);
INSERT INTO etapes (id_itineraire, id_checkpoint, position) VALUES (944,138,6);

INSERT INTO itineraire (id, nom, distance) VALUES (945, 'itineraire numero 945',0.045759810507799904);
INSERT INTO etapes (id_itineraire, id_checkpoint, position) VALUES (945,132,0);
INSERT INTO etapes (id_itineraire, id_checkpoint, position) VALUES (945,33,1);
INSERT INTO etapes (id_itineraire, id_checkpoint, position) VALUES (945,98,2);
INSERT INTO etapes (id_itineraire, id_checkpoint, position) VALUES (945,181,3);
INSERT INTO etapes (id_itineraire, id_checkpoint, position) VALUES (945,279,4);
INSERT INTO etapes (id_itineraire, id_checkpoint, position) VALUES (945,179,5);
INSERT INTO etapes (id_itineraire, id_checkpoint, position) VALUES (945,138,6);

INSERT INTO itineraire (id, nom, distance) VALUES (946, 'itineraire numero 946',0.044237108632850304);
INSERT INTO etapes (id_itineraire, id_checkpoint, position) VALUES (946,181,0);
INSERT INTO etapes (id_itineraire, id_checkpoint, position) VALUES (946,279,1);
INSERT INTO etapes (id_itineraire, id_checkpoint, position) VALUES (946,179,2);
INSERT INTO etapes (id_itineraire, id_checkpoint, position) VALUES (946,138,3);
INSERT INTO etapes (id_itineraire, id_checkpoint, position) VALUES (946,219,4);
INSERT INTO etapes (id_itineraire, id_checkpoint, position) VALUES (946,132,5);
INSERT INTO etapes (id_itineraire, id_checkpoint, position) VALUES (946,34,6);

INSERT INTO itineraire (id, nom, distance) VALUES (947, 'itineraire numero 947',0.046967413742686696);
INSERT INTO etapes (id_itineraire, id_checkpoint, position) VALUES (947,179,0);
INSERT INTO etapes (id_itineraire, id_checkpoint, position) VALUES (947,279,1);
INSERT INTO etapes (id_itineraire, id_checkpoint, position) VALUES (947,181,2);
INSERT INTO etapes (id_itineraire, id_checkpoint, position) VALUES (947,138,3);
INSERT INTO etapes (id_itineraire, id_checkpoint, position) VALUES (947,301,4);
INSERT INTO etapes (id_itineraire, id_checkpoint, position) VALUES (947,132,5);
INSERT INTO etapes (id_itineraire, id_checkpoint, position) VALUES (947,34,6);

INSERT INTO itineraire (id, nom, distance) VALUES (948, 'itineraire numero 948',0.045875503891191466);
INSERT INTO etapes (id_itineraire, id_checkpoint, position) VALUES (948,132,0);
INSERT INTO etapes (id_itineraire, id_checkpoint, position) VALUES (948,33,1);
INSERT INTO etapes (id_itineraire, id_checkpoint, position) VALUES (948,107,2);
INSERT INTO etapes (id_itineraire, id_checkpoint, position) VALUES (948,279,3);
INSERT INTO etapes (id_itineraire, id_checkpoint, position) VALUES (948,181,4);
INSERT INTO etapes (id_itineraire, id_checkpoint, position) VALUES (948,179,5);
INSERT INTO etapes (id_itineraire, id_checkpoint, position) VALUES (948,138,6);

INSERT INTO itineraire (id, nom, distance) VALUES (949, 'itineraire numero 949',0.04597382120612648);
INSERT INTO etapes (id_itineraire, id_checkpoint, position) VALUES (949,132,0);
INSERT INTO etapes (id_itineraire, id_checkpoint, position) VALUES (949,33,1);
INSERT INTO etapes (id_itineraire, id_checkpoint, position) VALUES (949,98,2);
INSERT INTO etapes (id_itineraire, id_checkpoint, position) VALUES (949,182,3);
INSERT INTO etapes (id_itineraire, id_checkpoint, position) VALUES (949,279,4);
INSERT INTO etapes (id_itineraire, id_checkpoint, position) VALUES (949,179,5);
INSERT INTO etapes (id_itineraire, id_checkpoint, position) VALUES (949,138,6);

INSERT INTO itineraire (id, nom, distance) VALUES (950, 'itineraire numero 950',0.04434132691202538);
INSERT INTO etapes (id_itineraire, id_checkpoint, position) VALUES (950,182,0);
INSERT INTO etapes (id_itineraire, id_checkpoint, position) VALUES (950,279,1);
INSERT INTO etapes (id_itineraire, id_checkpoint, position) VALUES (950,179,2);
INSERT INTO etapes (id_itineraire, id_checkpoint, position) VALUES (950,138,3);
INSERT INTO etapes (id_itineraire, id_checkpoint, position) VALUES (950,219,4);
INSERT INTO etapes (id_itineraire, id_checkpoint, position) VALUES (950,132,5);
INSERT INTO etapes (id_itineraire, id_checkpoint, position) VALUES (950,34,6);

INSERT INTO itineraire (id, nom, distance) VALUES (951, 'itineraire numero 951',0.045041030027343665);
INSERT INTO etapes (id_itineraire, id_checkpoint, position) VALUES (951,182,0);
INSERT INTO etapes (id_itineraire, id_checkpoint, position) VALUES (951,279,1);
INSERT INTO etapes (id_itineraire, id_checkpoint, position) VALUES (951,179,2);
INSERT INTO etapes (id_itineraire, id_checkpoint, position) VALUES (951,138,3);
INSERT INTO etapes (id_itineraire, id_checkpoint, position) VALUES (951,301,4);
INSERT INTO etapes (id_itineraire, id_checkpoint, position) VALUES (951,132,5);
INSERT INTO etapes (id_itineraire, id_checkpoint, position) VALUES (951,34,6);

INSERT INTO itineraire (id, nom, distance) VALUES (952, 'itineraire numero 952',0.04620391085534136);
INSERT INTO etapes (id_itineraire, id_checkpoint, position) VALUES (952,132,0);
INSERT INTO etapes (id_itineraire, id_checkpoint, position) VALUES (952,33,1);
INSERT INTO etapes (id_itineraire, id_checkpoint, position) VALUES (952,108,2);
INSERT INTO etapes (id_itineraire, id_checkpoint, position) VALUES (952,279,3);
INSERT INTO etapes (id_itineraire, id_checkpoint, position) VALUES (952,182,4);
INSERT INTO etapes (id_itineraire, id_checkpoint, position) VALUES (952,179,5);
INSERT INTO etapes (id_itineraire, id_checkpoint, position) VALUES (952,138,6);

INSERT INTO itineraire (id, nom, distance) VALUES (953, 'itineraire numero 953',0.0501372290977861);
INSERT INTO etapes (id_itineraire, id_checkpoint, position) VALUES (953,132,0);
INSERT INTO etapes (id_itineraire, id_checkpoint, position) VALUES (953,33,1);
INSERT INTO etapes (id_itineraire, id_checkpoint, position) VALUES (953,98,2);
INSERT INTO etapes (id_itineraire, id_checkpoint, position) VALUES (953,179,3);
INSERT INTO etapes (id_itineraire, id_checkpoint, position) VALUES (953,279,4);
INSERT INTO etapes (id_itineraire, id_checkpoint, position) VALUES (953,297,5);
INSERT INTO etapes (id_itineraire, id_checkpoint, position) VALUES (953,138,6);

INSERT INTO itineraire (id, nom, distance) VALUES (954, 'itineraire numero 954',0.06018011561321205);
INSERT INTO etapes (id_itineraire, id_checkpoint, position) VALUES (954,138,0);
INSERT INTO etapes (id_itineraire, id_checkpoint, position) VALUES (954,279,1);
INSERT INTO etapes (id_itineraire, id_checkpoint, position) VALUES (954,179,2);
INSERT INTO etapes (id_itineraire, id_checkpoint, position) VALUES (954,192,3);
INSERT INTO etapes (id_itineraire, id_checkpoint, position) VALUES (954,297,4);
INSERT INTO etapes (id_itineraire, id_checkpoint, position) VALUES (954,133,5);
INSERT INTO etapes (id_itineraire, id_checkpoint, position) VALUES (954,34,6);

INSERT INTO itineraire (id, nom, distance) VALUES (955, 'itineraire numero 955',0.04203639015207105);
INSERT INTO etapes (id_itineraire, id_checkpoint, position) VALUES (955,297,0);
INSERT INTO etapes (id_itineraire, id_checkpoint, position) VALUES (955,138,1);
INSERT INTO etapes (id_itineraire, id_checkpoint, position) VALUES (955,279,2);
INSERT INTO etapes (id_itineraire, id_checkpoint, position) VALUES (955,179,3);
INSERT INTO etapes (id_itineraire, id_checkpoint, position) VALUES (955,219,4);
INSERT INTO etapes (id_itineraire, id_checkpoint, position) VALUES (955,133,5);
INSERT INTO etapes (id_itineraire, id_checkpoint, position) VALUES (955,34,6);

INSERT INTO itineraire (id, nom, distance) VALUES (956, 'itineraire numero 956',0.04326178427707984);
INSERT INTO etapes (id_itineraire, id_checkpoint, position) VALUES (956,297,0);
INSERT INTO etapes (id_itineraire, id_checkpoint, position) VALUES (956,138,1);
INSERT INTO etapes (id_itineraire, id_checkpoint, position) VALUES (956,279,2);
INSERT INTO etapes (id_itineraire, id_checkpoint, position) VALUES (956,179,3);
INSERT INTO etapes (id_itineraire, id_checkpoint, position) VALUES (956,301,4);
INSERT INTO etapes (id_itineraire, id_checkpoint, position) VALUES (956,133,5);
INSERT INTO etapes (id_itineraire, id_checkpoint, position) VALUES (956,34,6);

INSERT INTO itineraire (id, nom, distance) VALUES (957, 'itineraire numero 957',0.04853872627695612);
INSERT INTO etapes (id_itineraire, id_checkpoint, position) VALUES (957,133,0);
INSERT INTO etapes (id_itineraire, id_checkpoint, position) VALUES (957,33,1);
INSERT INTO etapes (id_itineraire, id_checkpoint, position) VALUES (957,108,2);
INSERT INTO etapes (id_itineraire, id_checkpoint, position) VALUES (957,279,3);
INSERT INTO etapes (id_itineraire, id_checkpoint, position) VALUES (957,179,4);
INSERT INTO etapes (id_itineraire, id_checkpoint, position) VALUES (957,297,5);
INSERT INTO etapes (id_itineraire, id_checkpoint, position) VALUES (957,138,6);

INSERT INTO itineraire (id, nom, distance) VALUES (958, 'itineraire numero 958',0.04959361111533819);
INSERT INTO etapes (id_itineraire, id_checkpoint, position) VALUES (958,133,0);
INSERT INTO etapes (id_itineraire, id_checkpoint, position) VALUES (958,33,1);
INSERT INTO etapes (id_itineraire, id_checkpoint, position) VALUES (958,98,2);
INSERT INTO etapes (id_itineraire, id_checkpoint, position) VALUES (958,179,3);
INSERT INTO etapes (id_itineraire, id_checkpoint, position) VALUES (958,279,4);
INSERT INTO etapes (id_itineraire, id_checkpoint, position) VALUES (958,194,5);
INSERT INTO etapes (id_itineraire, id_checkpoint, position) VALUES (958,138,6);

INSERT INTO itineraire (id, nom, distance) VALUES (959, 'itineraire numero 959',0.04830531419456324);
INSERT INTO etapes (id_itineraire, id_checkpoint, position) VALUES (959,133,0);
INSERT INTO etapes (id_itineraire, id_checkpoint, position) VALUES (959,33,1);
INSERT INTO etapes (id_itineraire, id_checkpoint, position) VALUES (959,86,2);
INSERT INTO etapes (id_itineraire, id_checkpoint, position) VALUES (959,97,3);
INSERT INTO etapes (id_itineraire, id_checkpoint, position) VALUES (959,179,4);
INSERT INTO etapes (id_itineraire, id_checkpoint, position) VALUES (959,279,5);
INSERT INTO etapes (id_itineraire, id_checkpoint, position) VALUES (959,138,6);

INSERT INTO itineraire (id, nom, distance) VALUES (960, 'itineraire numero 960',0.04784173271308728);
INSERT INTO etapes (id_itineraire, id_checkpoint, position) VALUES (960,133,0);
INSERT INTO etapes (id_itineraire, id_checkpoint, position) VALUES (960,33,1);
INSERT INTO etapes (id_itineraire, id_checkpoint, position) VALUES (960,98,2);
INSERT INTO etapes (id_itineraire, id_checkpoint, position) VALUES (960,179,3);
INSERT INTO etapes (id_itineraire, id_checkpoint, position) VALUES (960,232,4);
INSERT INTO etapes (id_itineraire, id_checkpoint, position) VALUES (960,279,5);
INSERT INTO etapes (id_itineraire, id_checkpoint, position) VALUES (960,138,6);

INSERT INTO itineraire (id, nom, distance) VALUES (961, 'itineraire numero 961',0.04087794828128329);
INSERT INTO etapes (id_itineraire, id_checkpoint, position) VALUES (961,133,0);
INSERT INTO etapes (id_itineraire, id_checkpoint, position) VALUES (961,33,1);
INSERT INTO etapes (id_itineraire, id_checkpoint, position) VALUES (961,98,2);
INSERT INTO etapes (id_itineraire, id_checkpoint, position) VALUES (961,71,3);
INSERT INTO etapes (id_itineraire, id_checkpoint, position) VALUES (961,179,4);
INSERT INTO etapes (id_itineraire, id_checkpoint, position) VALUES (961,279,5);
INSERT INTO etapes (id_itineraire, id_checkpoint, position) VALUES (961,138,6);

INSERT INTO itineraire (id, nom, distance) VALUES (962, 'itineraire numero 962',0.04179406582186699);
INSERT INTO etapes (id_itineraire, id_checkpoint, position) VALUES (962,133,0);
INSERT INTO etapes (id_itineraire, id_checkpoint, position) VALUES (962,34,1);
INSERT INTO etapes (id_itineraire, id_checkpoint, position) VALUES (962,98,2);
INSERT INTO etapes (id_itineraire, id_checkpoint, position) VALUES (962,72,3);
INSERT INTO etapes (id_itineraire, id_checkpoint, position) VALUES (962,179,4);
INSERT INTO etapes (id_itineraire, id_checkpoint, position) VALUES (962,279,5);
INSERT INTO etapes (id_itineraire, id_checkpoint, position) VALUES (962,138,6);

INSERT INTO itineraire (id, nom, distance) VALUES (963, 'itineraire numero 963',0.0504772373679271);
INSERT INTO etapes (id_itineraire, id_checkpoint, position) VALUES (963,133,0);
INSERT INTO etapes (id_itineraire, id_checkpoint, position) VALUES (963,34,1);
INSERT INTO etapes (id_itineraire, id_checkpoint, position) VALUES (963,98,2);
INSERT INTO etapes (id_itineraire, id_checkpoint, position) VALUES (963,179,3);
INSERT INTO etapes (id_itineraire, id_checkpoint, position) VALUES (963,262,4);
INSERT INTO etapes (id_itineraire, id_checkpoint, position) VALUES (963,279,5);
INSERT INTO etapes (id_itineraire, id_checkpoint, position) VALUES (963,138,6);

INSERT INTO itineraire (id, nom, distance) VALUES (964, 'itineraire numero 964',0.04236713053628335);
INSERT INTO etapes (id_itineraire, id_checkpoint, position) VALUES (964,133,0);
INSERT INTO etapes (id_itineraire, id_checkpoint, position) VALUES (964,34,1);
INSERT INTO etapes (id_itineraire, id_checkpoint, position) VALUES (964,100,2);
INSERT INTO etapes (id_itineraire, id_checkpoint, position) VALUES (964,179,3);
INSERT INTO etapes (id_itineraire, id_checkpoint, position) VALUES (964,263,4);
INSERT INTO etapes (id_itineraire, id_checkpoint, position) VALUES (964,138,5);
INSERT INTO etapes (id_itineraire, id_checkpoint, position) VALUES (964,279,6);

INSERT INTO itineraire (id, nom, distance) VALUES (965, 'itineraire numero 965',0.04781031182582488);
INSERT INTO etapes (id_itineraire, id_checkpoint, position) VALUES (965,134,0);
INSERT INTO etapes (id_itineraire, id_checkpoint, position) VALUES (965,34,1);
INSERT INTO etapes (id_itineraire, id_checkpoint, position) VALUES (965,100,2);
INSERT INTO etapes (id_itineraire, id_checkpoint, position) VALUES (965,179,3);
INSERT INTO etapes (id_itineraire, id_checkpoint, position) VALUES (965,260,4);
INSERT INTO etapes (id_itineraire, id_checkpoint, position) VALUES (965,138,5);
INSERT INTO etapes (id_itineraire, id_checkpoint, position) VALUES (965,279,6);

INSERT INTO itineraire (id, nom, distance) VALUES (966, 'itineraire numero 966',0.046039484953458124);
INSERT INTO etapes (id_itineraire, id_checkpoint, position) VALUES (966,134,0);
INSERT INTO etapes (id_itineraire, id_checkpoint, position) VALUES (966,34,1);
INSERT INTO etapes (id_itineraire, id_checkpoint, position) VALUES (966,100,2);
INSERT INTO etapes (id_itineraire, id_checkpoint, position) VALUES (966,179,3);
INSERT INTO etapes (id_itineraire, id_checkpoint, position) VALUES (966,138,4);
INSERT INTO etapes (id_itineraire, id_checkpoint, position) VALUES (966,268,5);
INSERT INTO etapes (id_itineraire, id_checkpoint, position) VALUES (966,279,6);

INSERT INTO itineraire (id, nom, distance) VALUES (967, 'itineraire numero 967',0.0398820168167664);
INSERT INTO etapes (id_itineraire, id_checkpoint, position) VALUES (967,134,0);
INSERT INTO etapes (id_itineraire, id_checkpoint, position) VALUES (967,34,1);
INSERT INTO etapes (id_itineraire, id_checkpoint, position) VALUES (967,100,2);
INSERT INTO etapes (id_itineraire, id_checkpoint, position) VALUES (967,179,3);
INSERT INTO etapes (id_itineraire, id_checkpoint, position) VALUES (967,138,4);
INSERT INTO etapes (id_itineraire, id_checkpoint, position) VALUES (967,267,5);
INSERT INTO etapes (id_itineraire, id_checkpoint, position) VALUES (967,279,6);

INSERT INTO itineraire (id, nom, distance) VALUES (968, 'itineraire numero 968',0.05275830102517406);
INSERT INTO etapes (id_itineraire, id_checkpoint, position) VALUES (968,134,0);
INSERT INTO etapes (id_itineraire, id_checkpoint, position) VALUES (968,34,1);
INSERT INTO etapes (id_itineraire, id_checkpoint, position) VALUES (968,100,2);
INSERT INTO etapes (id_itineraire, id_checkpoint, position) VALUES (968,179,3);
INSERT INTO etapes (id_itineraire, id_checkpoint, position) VALUES (968,138,4);
INSERT INTO etapes (id_itineraire, id_checkpoint, position) VALUES (968,252,5);
INSERT INTO etapes (id_itineraire, id_checkpoint, position) VALUES (968,279,6);

INSERT INTO itineraire (id, nom, distance) VALUES (969, 'itineraire numero 969',0.04045313717819423);
INSERT INTO etapes (id_itineraire, id_checkpoint, position) VALUES (969,134,0);
INSERT INTO etapes (id_itineraire, id_checkpoint, position) VALUES (969,34,1);
INSERT INTO etapes (id_itineraire, id_checkpoint, position) VALUES (969,100,2);
INSERT INTO etapes (id_itineraire, id_checkpoint, position) VALUES (969,148,3);
INSERT INTO etapes (id_itineraire, id_checkpoint, position) VALUES (969,179,4);
INSERT INTO etapes (id_itineraire, id_checkpoint, position) VALUES (969,138,5);
INSERT INTO etapes (id_itineraire, id_checkpoint, position) VALUES (969,279,6);

INSERT INTO itineraire (id, nom, distance) VALUES (970, 'itineraire numero 970',0.04413104172982551);
INSERT INTO etapes (id_itineraire, id_checkpoint, position) VALUES (970,134,0);
INSERT INTO etapes (id_itineraire, id_checkpoint, position) VALUES (970,34,1);
INSERT INTO etapes (id_itineraire, id_checkpoint, position) VALUES (970,100,2);
INSERT INTO etapes (id_itineraire, id_checkpoint, position) VALUES (970,179,3);
INSERT INTO etapes (id_itineraire, id_checkpoint, position) VALUES (970,138,4);
INSERT INTO etapes (id_itineraire, id_checkpoint, position) VALUES (970,256,5);
INSERT INTO etapes (id_itineraire, id_checkpoint, position) VALUES (970,279,6);

INSERT INTO itineraire (id, nom, distance) VALUES (971, 'itineraire numero 971',0.04383490518023493);
INSERT INTO etapes (id_itineraire, id_checkpoint, position) VALUES (971,134,0);
INSERT INTO etapes (id_itineraire, id_checkpoint, position) VALUES (971,34,1);
INSERT INTO etapes (id_itineraire, id_checkpoint, position) VALUES (971,100,2);
INSERT INTO etapes (id_itineraire, id_checkpoint, position) VALUES (971,179,3);
INSERT INTO etapes (id_itineraire, id_checkpoint, position) VALUES (971,138,4);
INSERT INTO etapes (id_itineraire, id_checkpoint, position) VALUES (971,255,5);
INSERT INTO etapes (id_itineraire, id_checkpoint, position) VALUES (971,279,6);

INSERT INTO itineraire (id, nom, distance) VALUES (972, 'itineraire numero 972',0.056906793985943185);
INSERT INTO etapes (id_itineraire, id_checkpoint, position) VALUES (972,134,0);
INSERT INTO etapes (id_itineraire, id_checkpoint, position) VALUES (972,34,1);
INSERT INTO etapes (id_itineraire, id_checkpoint, position) VALUES (972,108,2);
INSERT INTO etapes (id_itineraire, id_checkpoint, position) VALUES (972,279,3);
INSERT INTO etapes (id_itineraire, id_checkpoint, position) VALUES (972,179,4);
INSERT INTO etapes (id_itineraire, id_checkpoint, position) VALUES (972,194,5);
INSERT INTO etapes (id_itineraire, id_checkpoint, position) VALUES (972,138,6);

INSERT INTO itineraire (id, nom, distance) VALUES (973, 'itineraire numero 973',0.060365730036442446);
INSERT INTO etapes (id_itineraire, id_checkpoint, position) VALUES (973,138,0);
INSERT INTO etapes (id_itineraire, id_checkpoint, position) VALUES (973,192,1);
INSERT INTO etapes (id_itineraire, id_checkpoint, position) VALUES (973,179,2);
INSERT INTO etapes (id_itineraire, id_checkpoint, position) VALUES (973,279,3);
INSERT INTO etapes (id_itineraire, id_checkpoint, position) VALUES (973,262,4);
INSERT INTO etapes (id_itineraire, id_checkpoint, position) VALUES (973,133,5);
INSERT INTO etapes (id_itineraire, id_checkpoint, position) VALUES (973,34,6);

INSERT INTO itineraire (id, nom, distance) VALUES (974, 'itineraire numero 974',0.05674376643318097);
INSERT INTO etapes (id_itineraire, id_checkpoint, position) VALUES (974,179,0);
INSERT INTO etapes (id_itineraire, id_checkpoint, position) VALUES (974,110,1);
INSERT INTO etapes (id_itineraire, id_checkpoint, position) VALUES (974,33,2);
INSERT INTO etapes (id_itineraire, id_checkpoint, position) VALUES (974,132,3);
INSERT INTO etapes (id_itineraire, id_checkpoint, position) VALUES (974,262,4);
INSERT INTO etapes (id_itineraire, id_checkpoint, position) VALUES (974,138,5);
INSERT INTO etapes (id_itineraire, id_checkpoint, position) VALUES (974,279,6);

INSERT INTO itineraire (id, nom, distance) VALUES (975, 'itineraire numero 975',0.05770978110582187);
INSERT INTO etapes (id_itineraire, id_checkpoint, position) VALUES (975,179,0);
INSERT INTO etapes (id_itineraire, id_checkpoint, position) VALUES (975,138,1);
INSERT INTO etapes (id_itineraire, id_checkpoint, position) VALUES (975,108,2);
INSERT INTO etapes (id_itineraire, id_checkpoint, position) VALUES (975,33,3);
INSERT INTO etapes (id_itineraire, id_checkpoint, position) VALUES (975,132,4);
INSERT INTO etapes (id_itineraire, id_checkpoint, position) VALUES (975,252,5);
INSERT INTO etapes (id_itineraire, id_checkpoint, position) VALUES (975,279,6);

INSERT INTO itineraire (id, nom, distance) VALUES (976, 'itineraire numero 976',0.05081803752435464);
INSERT INTO etapes (id_itineraire, id_checkpoint, position) VALUES (976,311,0);
INSERT INTO etapes (id_itineraire, id_checkpoint, position) VALUES (976,34,1);
INSERT INTO etapes (id_itineraire, id_checkpoint, position) VALUES (976,230,2);
INSERT INTO etapes (id_itineraire, id_checkpoint, position) VALUES (976,179,3);
INSERT INTO etapes (id_itineraire, id_checkpoint, position) VALUES (976,138,4);
INSERT INTO etapes (id_itineraire, id_checkpoint, position) VALUES (976,194,5);
INSERT INTO etapes (id_itineraire, id_checkpoint, position) VALUES (976,279,6);

INSERT INTO itineraire (id, nom, distance) VALUES (977, 'itineraire numero 977',0.05919105478505595);
INSERT INTO etapes (id_itineraire, id_checkpoint, position) VALUES (977,229,0);
INSERT INTO etapes (id_itineraire, id_checkpoint, position) VALUES (977,35,1);
INSERT INTO etapes (id_itineraire, id_checkpoint, position) VALUES (977,86,2);
INSERT INTO etapes (id_itineraire, id_checkpoint, position) VALUES (977,309,3);
INSERT INTO etapes (id_itineraire, id_checkpoint, position) VALUES (977,138,4);
INSERT INTO etapes (id_itineraire, id_checkpoint, position) VALUES (977,179,5);
INSERT INTO etapes (id_itineraire, id_checkpoint, position) VALUES (977,279,6);

INSERT INTO itineraire (id, nom, distance) VALUES (978, 'itineraire numero 978',0.04203281954539645);
INSERT INTO etapes (id_itineraire, id_checkpoint, position) VALUES (978,312,0);
INSERT INTO etapes (id_itineraire, id_checkpoint, position) VALUES (978,35,1);
INSERT INTO etapes (id_itineraire, id_checkpoint, position) VALUES (978,230,2);
INSERT INTO etapes (id_itineraire, id_checkpoint, position) VALUES (978,179,3);
INSERT INTO etapes (id_itineraire, id_checkpoint, position) VALUES (978,138,4);
INSERT INTO etapes (id_itineraire, id_checkpoint, position) VALUES (978,267,5);
INSERT INTO etapes (id_itineraire, id_checkpoint, position) VALUES (978,279,6);

INSERT INTO itineraire (id, nom, distance) VALUES (979, 'itineraire numero 979',0.05826228602537205);
INSERT INTO etapes (id_itineraire, id_checkpoint, position) VALUES (979,44,0);
INSERT INTO etapes (id_itineraire, id_checkpoint, position) VALUES (979,35,1);
INSERT INTO etapes (id_itineraire, id_checkpoint, position) VALUES (979,86,2);
INSERT INTO etapes (id_itineraire, id_checkpoint, position) VALUES (979,309,3);
INSERT INTO etapes (id_itineraire, id_checkpoint, position) VALUES (979,138,4);
INSERT INTO etapes (id_itineraire, id_checkpoint, position) VALUES (979,179,5);
INSERT INTO etapes (id_itineraire, id_checkpoint, position) VALUES (979,279,6);

INSERT INTO itineraire (id, nom, distance) VALUES (980, 'itineraire numero 980',0.05539537601859678);
INSERT INTO etapes (id_itineraire, id_checkpoint, position) VALUES (980,44,0);
INSERT INTO etapes (id_itineraire, id_checkpoint, position) VALUES (980,35,1);
INSERT INTO etapes (id_itineraire, id_checkpoint, position) VALUES (980,108,2);
INSERT INTO etapes (id_itineraire, id_checkpoint, position) VALUES (980,179,3);
INSERT INTO etapes (id_itineraire, id_checkpoint, position) VALUES (980,138,4);
INSERT INTO etapes (id_itineraire, id_checkpoint, position) VALUES (980,297,5);
INSERT INTO etapes (id_itineraire, id_checkpoint, position) VALUES (980,279,6);

INSERT INTO itineraire (id, nom, distance) VALUES (981, 'itineraire numero 981',0.04872643007119526);
INSERT INTO etapes (id_itineraire, id_checkpoint, position) VALUES (981,262,0);
INSERT INTO etapes (id_itineraire, id_checkpoint, position) VALUES (981,7,1);
INSERT INTO etapes (id_itineraire, id_checkpoint, position) VALUES (981,8,2);
INSERT INTO etapes (id_itineraire, id_checkpoint, position) VALUES (981,30,3);
INSERT INTO etapes (id_itineraire, id_checkpoint, position) VALUES (981,98,4);
INSERT INTO etapes (id_itineraire, id_checkpoint, position) VALUES (981,179,5);
INSERT INTO etapes (id_itineraire, id_checkpoint, position) VALUES (981,138,6);

INSERT INTO itineraire (id, nom, distance) VALUES (982, 'itineraire numero 982',0.04781993600106121);
INSERT INTO etapes (id_itineraire, id_checkpoint, position) VALUES (982,252,0);
INSERT INTO etapes (id_itineraire, id_checkpoint, position) VALUES (982,7,1);
INSERT INTO etapes (id_itineraire, id_checkpoint, position) VALUES (982,8,2);
INSERT INTO etapes (id_itineraire, id_checkpoint, position) VALUES (982,30,3);
INSERT INTO etapes (id_itineraire, id_checkpoint, position) VALUES (982,98,4);
INSERT INTO etapes (id_itineraire, id_checkpoint, position) VALUES (982,179,5);
INSERT INTO etapes (id_itineraire, id_checkpoint, position) VALUES (982,138,6);

INSERT INTO itineraire (id, nom, distance) VALUES (983, 'itineraire numero 983',0.05264184129291678);
INSERT INTO etapes (id_itineraire, id_checkpoint, position) VALUES (983,262,0);
INSERT INTO etapes (id_itineraire, id_checkpoint, position) VALUES (983,7,1);
INSERT INTO etapes (id_itineraire, id_checkpoint, position) VALUES (983,30,2);
INSERT INTO etapes (id_itineraire, id_checkpoint, position) VALUES (983,8,3);
INSERT INTO etapes (id_itineraire, id_checkpoint, position) VALUES (983,301,4);
INSERT INTO etapes (id_itineraire, id_checkpoint, position) VALUES (983,179,5);
INSERT INTO etapes (id_itineraire, id_checkpoint, position) VALUES (983,138,6);

INSERT INTO itineraire (id, nom, distance) VALUES (984, 'itineraire numero 984',0.04879210481959908);
INSERT INTO etapes (id_itineraire, id_checkpoint, position) VALUES (984,262,0);
INSERT INTO etapes (id_itineraire, id_checkpoint, position) VALUES (984,7,1);
INSERT INTO etapes (id_itineraire, id_checkpoint, position) VALUES (984,8,2);
INSERT INTO etapes (id_itineraire, id_checkpoint, position) VALUES (984,30,3);
INSERT INTO etapes (id_itineraire, id_checkpoint, position) VALUES (984,108,4);
INSERT INTO etapes (id_itineraire, id_checkpoint, position) VALUES (984,179,5);
INSERT INTO etapes (id_itineraire, id_checkpoint, position) VALUES (984,138,6);

INSERT INTO itineraire (id, nom, distance) VALUES (985, 'itineraire numero 985',0.051735347222782724);
INSERT INTO etapes (id_itineraire, id_checkpoint, position) VALUES (985,252,0);
INSERT INTO etapes (id_itineraire, id_checkpoint, position) VALUES (985,7,1);
INSERT INTO etapes (id_itineraire, id_checkpoint, position) VALUES (985,30,2);
INSERT INTO etapes (id_itineraire, id_checkpoint, position) VALUES (985,8,3);
INSERT INTO etapes (id_itineraire, id_checkpoint, position) VALUES (985,301,4);
INSERT INTO etapes (id_itineraire, id_checkpoint, position) VALUES (985,179,5);
INSERT INTO etapes (id_itineraire, id_checkpoint, position) VALUES (985,138,6);

INSERT INTO itineraire (id, nom, distance) VALUES (986, 'itineraire numero 986',0.05119500457910241);
INSERT INTO etapes (id_itineraire, id_checkpoint, position) VALUES (986,138,0);
INSERT INTO etapes (id_itineraire, id_checkpoint, position) VALUES (986,179,1);
INSERT INTO etapes (id_itineraire, id_checkpoint, position) VALUES (986,108,2);
INSERT INTO etapes (id_itineraire, id_checkpoint, position) VALUES (986,7,3);
INSERT INTO etapes (id_itineraire, id_checkpoint, position) VALUES (986,29,4);
INSERT INTO etapes (id_itineraire, id_checkpoint, position) VALUES (986,8,5);
INSERT INTO etapes (id_itineraire, id_checkpoint, position) VALUES (986,252,6);

INSERT INTO itineraire (id, nom, distance) VALUES (987, 'itineraire numero 987',0.04052237948227723);
INSERT INTO etapes (id_itineraire, id_checkpoint, position) VALUES (987,179,0);
INSERT INTO etapes (id_itineraire, id_checkpoint, position) VALUES (987,138,1);
INSERT INTO etapes (id_itineraire, id_checkpoint, position) VALUES (987,170,2);
INSERT INTO etapes (id_itineraire, id_checkpoint, position) VALUES (987,107,3);
INSERT INTO etapes (id_itineraire, id_checkpoint, position) VALUES (987,7,4);
INSERT INTO etapes (id_itineraire, id_checkpoint, position) VALUES (987,86,5);
INSERT INTO etapes (id_itineraire, id_checkpoint, position) VALUES (987,34,6);

INSERT INTO itineraire (id, nom, distance) VALUES (988, 'itineraire numero 988',0.037782412054407764);
INSERT INTO etapes (id_itineraire, id_checkpoint, position) VALUES (988,71,0);
INSERT INTO etapes (id_itineraire, id_checkpoint, position) VALUES (988,170,1);
INSERT INTO etapes (id_itineraire, id_checkpoint, position) VALUES (988,138,2);
INSERT INTO etapes (id_itineraire, id_checkpoint, position) VALUES (988,179,3);
INSERT INTO etapes (id_itineraire, id_checkpoint, position) VALUES (988,108,4);
INSERT INTO etapes (id_itineraire, id_checkpoint, position) VALUES (988,7,5);
INSERT INTO etapes (id_itineraire, id_checkpoint, position) VALUES (988,34,6);

INSERT INTO itineraire (id, nom, distance) VALUES (989, 'itineraire numero 989',0.037154794509688734);
INSERT INTO etapes (id_itineraire, id_checkpoint, position) VALUES (989,72,0);
INSERT INTO etapes (id_itineraire, id_checkpoint, position) VALUES (989,170,1);
INSERT INTO etapes (id_itineraire, id_checkpoint, position) VALUES (989,138,2);
INSERT INTO etapes (id_itineraire, id_checkpoint, position) VALUES (989,179,3);
INSERT INTO etapes (id_itineraire, id_checkpoint, position) VALUES (989,108,4);
INSERT INTO etapes (id_itineraire, id_checkpoint, position) VALUES (989,7,5);
INSERT INTO etapes (id_itineraire, id_checkpoint, position) VALUES (989,34,6);

INSERT INTO itineraire (id, nom, distance) VALUES (990, 'itineraire numero 990',0.05019461885266032);
INSERT INTO etapes (id_itineraire, id_checkpoint, position) VALUES (990,262,0);
INSERT INTO etapes (id_itineraire, id_checkpoint, position) VALUES (990,7,1);
INSERT INTO etapes (id_itineraire, id_checkpoint, position) VALUES (990,33,2);
INSERT INTO etapes (id_itineraire, id_checkpoint, position) VALUES (990,107,3);
INSERT INTO etapes (id_itineraire, id_checkpoint, position) VALUES (990,179,4);
INSERT INTO etapes (id_itineraire, id_checkpoint, position) VALUES (990,170,5);
INSERT INTO etapes (id_itineraire, id_checkpoint, position) VALUES (990,138,6);

INSERT INTO itineraire (id, nom, distance) VALUES (991, 'itineraire numero 991',0.038793663959615816);
INSERT INTO etapes (id_itineraire, id_checkpoint, position) VALUES (991,263,0);
INSERT INTO etapes (id_itineraire, id_checkpoint, position) VALUES (991,170,1);
INSERT INTO etapes (id_itineraire, id_checkpoint, position) VALUES (991,138,2);
INSERT INTO etapes (id_itineraire, id_checkpoint, position) VALUES (991,179,3);
INSERT INTO etapes (id_itineraire, id_checkpoint, position) VALUES (991,108,4);
INSERT INTO etapes (id_itineraire, id_checkpoint, position) VALUES (991,7,5);
INSERT INTO etapes (id_itineraire, id_checkpoint, position) VALUES (991,35,6);

INSERT INTO itineraire (id, nom, distance) VALUES (992, 'itineraire numero 992',0.03867154850682288);
INSERT INTO etapes (id_itineraire, id_checkpoint, position) VALUES (992,268,0);
INSERT INTO etapes (id_itineraire, id_checkpoint, position) VALUES (992,170,1);
INSERT INTO etapes (id_itineraire, id_checkpoint, position) VALUES (992,138,2);
INSERT INTO etapes (id_itineraire, id_checkpoint, position) VALUES (992,179,3);
INSERT INTO etapes (id_itineraire, id_checkpoint, position) VALUES (992,108,4);
INSERT INTO etapes (id_itineraire, id_checkpoint, position) VALUES (992,7,5);
INSERT INTO etapes (id_itineraire, id_checkpoint, position) VALUES (992,35,6);

INSERT INTO itineraire (id, nom, distance) VALUES (993, 'itineraire numero 993',0.03748974830412272);
INSERT INTO etapes (id_itineraire, id_checkpoint, position) VALUES (993,138,0);
INSERT INTO etapes (id_itineraire, id_checkpoint, position) VALUES (993,267,1);
INSERT INTO etapes (id_itineraire, id_checkpoint, position) VALUES (993,170,2);
INSERT INTO etapes (id_itineraire, id_checkpoint, position) VALUES (993,179,3);
INSERT INTO etapes (id_itineraire, id_checkpoint, position) VALUES (993,108,4);
INSERT INTO etapes (id_itineraire, id_checkpoint, position) VALUES (993,7,5);
INSERT INTO etapes (id_itineraire, id_checkpoint, position) VALUES (993,35,6);

INSERT INTO itineraire (id, nom, distance) VALUES (994, 'itineraire numero 994',0.049611950177802476);
INSERT INTO etapes (id_itineraire, id_checkpoint, position) VALUES (994,179,0);
INSERT INTO etapes (id_itineraire, id_checkpoint, position) VALUES (994,138,1);
INSERT INTO etapes (id_itineraire, id_checkpoint, position) VALUES (994,170,2);
INSERT INTO etapes (id_itineraire, id_checkpoint, position) VALUES (994,107,3);
INSERT INTO etapes (id_itineraire, id_checkpoint, position) VALUES (994,33,4);
INSERT INTO etapes (id_itineraire, id_checkpoint, position) VALUES (994,7,5);
INSERT INTO etapes (id_itineraire, id_checkpoint, position) VALUES (994,252,6);

INSERT INTO itineraire (id, nom, distance) VALUES (995, 'itineraire numero 995',0.04663818605244098);
INSERT INTO etapes (id_itineraire, id_checkpoint, position) VALUES (995,179,0);
INSERT INTO etapes (id_itineraire, id_checkpoint, position) VALUES (995,138,1);
INSERT INTO etapes (id_itineraire, id_checkpoint, position) VALUES (995,71,2);
INSERT INTO etapes (id_itineraire, id_checkpoint, position) VALUES (995,309,3);
INSERT INTO etapes (id_itineraire, id_checkpoint, position) VALUES (995,7,4);
INSERT INTO etapes (id_itineraire, id_checkpoint, position) VALUES (995,34,5);
INSERT INTO etapes (id_itineraire, id_checkpoint, position) VALUES (995,132,6);

INSERT INTO itineraire (id, nom, distance) VALUES (996, 'itineraire numero 996',0.048629413175429695);
INSERT INTO etapes (id_itineraire, id_checkpoint, position) VALUES (996,179,0);
INSERT INTO etapes (id_itineraire, id_checkpoint, position) VALUES (996,138,1);
INSERT INTO etapes (id_itineraire, id_checkpoint, position) VALUES (996,263,2);
INSERT INTO etapes (id_itineraire, id_checkpoint, position) VALUES (996,309,3);
INSERT INTO etapes (id_itineraire, id_checkpoint, position) VALUES (996,7,4);
INSERT INTO etapes (id_itineraire, id_checkpoint, position) VALUES (996,34,5);
INSERT INTO etapes (id_itineraire, id_checkpoint, position) VALUES (996,133,6);

INSERT INTO itineraire (id, nom, distance) VALUES (997, 'itineraire numero 997',0.03966809918885982);
INSERT INTO etapes (id_itineraire, id_checkpoint, position) VALUES (997,138,0);
INSERT INTO etapes (id_itineraire, id_checkpoint, position) VALUES (997,189,1);
INSERT INTO etapes (id_itineraire, id_checkpoint, position) VALUES (997,179,2);
INSERT INTO etapes (id_itineraire, id_checkpoint, position) VALUES (997,98,3);
INSERT INTO etapes (id_itineraire, id_checkpoint, position) VALUES (997,7,4);
INSERT INTO etapes (id_itineraire, id_checkpoint, position) VALUES (997,34,5);
INSERT INTO etapes (id_itineraire, id_checkpoint, position) VALUES (997,133,6);

INSERT INTO itineraire (id, nom, distance) VALUES (998, 'itineraire numero 998',0.04253626180515731);
INSERT INTO etapes (id_itineraire, id_checkpoint, position) VALUES (998,138,0);
INSERT INTO etapes (id_itineraire, id_checkpoint, position) VALUES (998,189,1);
INSERT INTO etapes (id_itineraire, id_checkpoint, position) VALUES (998,179,2);
INSERT INTO etapes (id_itineraire, id_checkpoint, position) VALUES (998,301,3);
INSERT INTO etapes (id_itineraire, id_checkpoint, position) VALUES (998,7,4);
INSERT INTO etapes (id_itineraire, id_checkpoint, position) VALUES (998,34,5);
INSERT INTO etapes (id_itineraire, id_checkpoint, position) VALUES (998,133,6);

INSERT INTO itineraire (id, nom, distance) VALUES (999, 'itineraire numero 999',0.053311177580059765);
INSERT INTO etapes (id_itineraire, id_checkpoint, position) VALUES (999,179,0);
INSERT INTO etapes (id_itineraire, id_checkpoint, position) VALUES (999,101,1);
INSERT INTO etapes (id_itineraire, id_checkpoint, position) VALUES (999,33,2);
INSERT INTO etapes (id_itineraire, id_checkpoint, position) VALUES (999,7,3);
INSERT INTO etapes (id_itineraire, id_checkpoint, position) VALUES (999,132,4);
INSERT INTO etapes (id_itineraire, id_checkpoint, position) VALUES (999,297,5);
INSERT INTO etapes (id_itineraire, id_checkpoint, position) VALUES (999,138,6);

INSERT INTO itineraire (id, nom, distance) VALUES (1000, 'itineraire numero 1000',0.05533325715380849);
INSERT INTO etapes (id_itineraire, id_checkpoint, position) VALUES (1000,138,0);
INSERT INTO etapes (id_itineraire, id_checkpoint, position) VALUES (1000,179,1);
INSERT INTO etapes (id_itineraire, id_checkpoint, position) VALUES (1000,301,2);
INSERT INTO etapes (id_itineraire, id_checkpoint, position) VALUES (1000,7,3);
INSERT INTO etapes (id_itineraire, id_checkpoint, position) VALUES (1000,33,4);
INSERT INTO etapes (id_itineraire, id_checkpoint, position) VALUES (1000,133,5);
INSERT INTO etapes (id_itineraire, id_checkpoint, position) VALUES (1000,297,6);

INSERT INTO itineraire (id, nom, distance) VALUES (1001, 'itineraire numero 1001',0.05338481837227478);
INSERT INTO etapes (id_itineraire, id_checkpoint, position) VALUES (1001,179,0);
INSERT INTO etapes (id_itineraire, id_checkpoint, position) VALUES (1001,110,1);
INSERT INTO etapes (id_itineraire, id_checkpoint, position) VALUES (1001,33,2);
INSERT INTO etapes (id_itineraire, id_checkpoint, position) VALUES (1001,7,3);
INSERT INTO etapes (id_itineraire, id_checkpoint, position) VALUES (1001,132,4);
INSERT INTO etapes (id_itineraire, id_checkpoint, position) VALUES (1001,297,5);
INSERT INTO etapes (id_itineraire, id_checkpoint, position) VALUES (1001,138,6);

INSERT INTO itineraire (id, nom, distance) VALUES (1002, 'itineraire numero 1002',0.04333943378752161);
INSERT INTO etapes (id_itineraire, id_checkpoint, position) VALUES (1002,138,0);
INSERT INTO etapes (id_itineraire, id_checkpoint, position) VALUES (1002,179,1);
INSERT INTO etapes (id_itineraire, id_checkpoint, position) VALUES (1002,101,2);
INSERT INTO etapes (id_itineraire, id_checkpoint, position) VALUES (1002,7,3);
INSERT INTO etapes (id_itineraire, id_checkpoint, position) VALUES (1002,85,4);
INSERT INTO etapes (id_itineraire, id_checkpoint, position) VALUES (1002,34,5);
INSERT INTO etapes (id_itineraire, id_checkpoint, position) VALUES (1002,133,6);

INSERT INTO itineraire (id, nom, distance) VALUES (1003, 'itineraire numero 1003',0.05265894690458089);
INSERT INTO etapes (id_itineraire, id_checkpoint, position) VALUES (1003,179,0);
INSERT INTO etapes (id_itineraire, id_checkpoint, position) VALUES (1003,101,1);
INSERT INTO etapes (id_itineraire, id_checkpoint, position) VALUES (1003,33,2);
INSERT INTO etapes (id_itineraire, id_checkpoint, position) VALUES (1003,7,3);
INSERT INTO etapes (id_itineraire, id_checkpoint, position) VALUES (1003,132,4);
INSERT INTO etapes (id_itineraire, id_checkpoint, position) VALUES (1003,262,5);
INSERT INTO etapes (id_itineraire, id_checkpoint, position) VALUES (1003,138,6);

INSERT INTO itineraire (id, nom, distance) VALUES (1004, 'itineraire numero 1004',0.03851199132204278);
INSERT INTO etapes (id_itineraire, id_checkpoint, position) VALUES (1004,71,0);
INSERT INTO etapes (id_itineraire, id_checkpoint, position) VALUES (1004,170,1);
INSERT INTO etapes (id_itineraire, id_checkpoint, position) VALUES (1004,138,2);
INSERT INTO etapes (id_itineraire, id_checkpoint, position) VALUES (1004,179,3);
INSERT INTO etapes (id_itineraire, id_checkpoint, position) VALUES (1004,108,4);
INSERT INTO etapes (id_itineraire, id_checkpoint, position) VALUES (1004,8,5);
INSERT INTO etapes (id_itineraire, id_checkpoint, position) VALUES (1004,35,6);

INSERT INTO itineraire (id, nom, distance) VALUES (1005, 'itineraire numero 1005',0.037884373777323746);
INSERT INTO etapes (id_itineraire, id_checkpoint, position) VALUES (1005,72,0);
INSERT INTO etapes (id_itineraire, id_checkpoint, position) VALUES (1005,170,1);
INSERT INTO etapes (id_itineraire, id_checkpoint, position) VALUES (1005,138,2);
INSERT INTO etapes (id_itineraire, id_checkpoint, position) VALUES (1005,179,3);
INSERT INTO etapes (id_itineraire, id_checkpoint, position) VALUES (1005,108,4);
INSERT INTO etapes (id_itineraire, id_checkpoint, position) VALUES (1005,8,5);
INSERT INTO etapes (id_itineraire, id_checkpoint, position) VALUES (1005,35,6);

INSERT INTO itineraire (id, nom, distance) VALUES (1006, 'itineraire numero 1006',0.04924705220824074);
INSERT INTO etapes (id_itineraire, id_checkpoint, position) VALUES (1006,179,0);
INSERT INTO etapes (id_itineraire, id_checkpoint, position) VALUES (1006,138,1);
INSERT INTO etapes (id_itineraire, id_checkpoint, position) VALUES (1006,263,2);
INSERT INTO etapes (id_itineraire, id_checkpoint, position) VALUES (1006,309,3);
INSERT INTO etapes (id_itineraire, id_checkpoint, position) VALUES (1006,8,4);
INSERT INTO etapes (id_itineraire, id_checkpoint, position) VALUES (1006,34,5);
INSERT INTO etapes (id_itineraire, id_checkpoint, position) VALUES (1006,133,6);

INSERT INTO itineraire (id, nom, distance) VALUES (1007, 'itineraire numero 1007',0.03393251383060122);
INSERT INTO etapes (id_itineraire, id_checkpoint, position) VALUES (1007,138,0);
INSERT INTO etapes (id_itineraire, id_checkpoint, position) VALUES (1007,189,1);
INSERT INTO etapes (id_itineraire, id_checkpoint, position) VALUES (1007,179,2);
INSERT INTO etapes (id_itineraire, id_checkpoint, position) VALUES (1007,185,3);
INSERT INTO etapes (id_itineraire, id_checkpoint, position) VALUES (1007,132,4);
INSERT INTO etapes (id_itineraire, id_checkpoint, position) VALUES (1007,8,5);
INSERT INTO etapes (id_itineraire, id_checkpoint, position) VALUES (1007,35,6);

INSERT INTO itineraire (id, nom, distance) VALUES (1008, 'itineraire numero 1008',0.04030762744820959);
INSERT INTO etapes (id_itineraire, id_checkpoint, position) VALUES (1008,138,0);
INSERT INTO etapes (id_itineraire, id_checkpoint, position) VALUES (1008,189,1);
INSERT INTO etapes (id_itineraire, id_checkpoint, position) VALUES (1008,179,2);
INSERT INTO etapes (id_itineraire, id_checkpoint, position) VALUES (1008,98,3);
INSERT INTO etapes (id_itineraire, id_checkpoint, position) VALUES (1008,8,4);
INSERT INTO etapes (id_itineraire, id_checkpoint, position) VALUES (1008,34,5);
INSERT INTO etapes (id_itineraire, id_checkpoint, position) VALUES (1008,133,6);

INSERT INTO itineraire (id, nom, distance) VALUES (1009, 'itineraire numero 1009',0.034429386502073105);
INSERT INTO etapes (id_itineraire, id_checkpoint, position) VALUES (1009,138,0);
INSERT INTO etapes (id_itineraire, id_checkpoint, position) VALUES (1009,189,1);
INSERT INTO etapes (id_itineraire, id_checkpoint, position) VALUES (1009,179,2);
INSERT INTO etapes (id_itineraire, id_checkpoint, position) VALUES (1009,219,3);
INSERT INTO etapes (id_itineraire, id_checkpoint, position) VALUES (1009,132,4);
INSERT INTO etapes (id_itineraire, id_checkpoint, position) VALUES (1009,8,5);
INSERT INTO etapes (id_itineraire, id_checkpoint, position) VALUES (1009,35,6);

INSERT INTO itineraire (id, nom, distance) VALUES (1010, 'itineraire numero 1010',0.04306499842671819);
INSERT INTO etapes (id_itineraire, id_checkpoint, position) VALUES (1010,138,0);
INSERT INTO etapes (id_itineraire, id_checkpoint, position) VALUES (1010,189,1);
INSERT INTO etapes (id_itineraire, id_checkpoint, position) VALUES (1010,179,2);
INSERT INTO etapes (id_itineraire, id_checkpoint, position) VALUES (1010,301,3);
INSERT INTO etapes (id_itineraire, id_checkpoint, position) VALUES (1010,8,4);
INSERT INTO etapes (id_itineraire, id_checkpoint, position) VALUES (1010,34,5);
INSERT INTO etapes (id_itineraire, id_checkpoint, position) VALUES (1010,133,6);

INSERT INTO itineraire (id, nom, distance) VALUES (1011, 'itineraire numero 1011',0.043320390755865815);
INSERT INTO etapes (id_itineraire, id_checkpoint, position) VALUES (1011,179,0);
INSERT INTO etapes (id_itineraire, id_checkpoint, position) VALUES (1011,138,1);
INSERT INTO etapes (id_itineraire, id_checkpoint, position) VALUES (1011,181,2);
INSERT INTO etapes (id_itineraire, id_checkpoint, position) VALUES (1011,98,3);
INSERT INTO etapes (id_itineraire, id_checkpoint, position) VALUES (1011,8,4);
INSERT INTO etapes (id_itineraire, id_checkpoint, position) VALUES (1011,35,5);
INSERT INTO etapes (id_itineraire, id_checkpoint, position) VALUES (1011,133,6);

INSERT INTO itineraire (id, nom, distance) VALUES (1012, 'itineraire numero 1012',0.03670636234028347);
INSERT INTO etapes (id_itineraire, id_checkpoint, position) VALUES (1012,179,0);
INSERT INTO etapes (id_itineraire, id_checkpoint, position) VALUES (1012,138,1);
INSERT INTO etapes (id_itineraire, id_checkpoint, position) VALUES (1012,181,2);
INSERT INTO etapes (id_itineraire, id_checkpoint, position) VALUES (1012,219,3);
INSERT INTO etapes (id_itineraire, id_checkpoint, position) VALUES (1012,132,4);
INSERT INTO etapes (id_itineraire, id_checkpoint, position) VALUES (1012,8,5);
INSERT INTO etapes (id_itineraire, id_checkpoint, position) VALUES (1012,35,6);

INSERT INTO itineraire (id, nom, distance) VALUES (1013, 'itineraire numero 1013',0.04514620275610171);
INSERT INTO etapes (id_itineraire, id_checkpoint, position) VALUES (1013,179,0);
INSERT INTO etapes (id_itineraire, id_checkpoint, position) VALUES (1013,138,1);
INSERT INTO etapes (id_itineraire, id_checkpoint, position) VALUES (1013,181,2);
INSERT INTO etapes (id_itineraire, id_checkpoint, position) VALUES (1013,301,3);
INSERT INTO etapes (id_itineraire, id_checkpoint, position) VALUES (1013,8,4);
INSERT INTO etapes (id_itineraire, id_checkpoint, position) VALUES (1013,35,5);
INSERT INTO etapes (id_itineraire, id_checkpoint, position) VALUES (1013,134,6);

INSERT INTO itineraire (id, nom, distance) VALUES (1014, 'itineraire numero 1014',0.046750641931306576);
INSERT INTO etapes (id_itineraire, id_checkpoint, position) VALUES (1014,179,0);
INSERT INTO etapes (id_itineraire, id_checkpoint, position) VALUES (1014,138,1);
INSERT INTO etapes (id_itineraire, id_checkpoint, position) VALUES (1014,181,2);
INSERT INTO etapes (id_itineraire, id_checkpoint, position) VALUES (1014,107,3);
INSERT INTO etapes (id_itineraire, id_checkpoint, position) VALUES (1014,8,4);
INSERT INTO etapes (id_itineraire, id_checkpoint, position) VALUES (1014,35,5);
INSERT INTO etapes (id_itineraire, id_checkpoint, position) VALUES (1014,134,6);

INSERT INTO itineraire (id, nom, distance) VALUES (1015, 'itineraire numero 1015',0.0553009247267756);
INSERT INTO etapes (id_itineraire, id_checkpoint, position) VALUES (1015,179,0);
INSERT INTO etapes (id_itineraire, id_checkpoint, position) VALUES (1015,101,1);
INSERT INTO etapes (id_itineraire, id_checkpoint, position) VALUES (1015,8,2);
INSERT INTO etapes (id_itineraire, id_checkpoint, position) VALUES (1015,33,3);
INSERT INTO etapes (id_itineraire, id_checkpoint, position) VALUES (1015,133,4);
INSERT INTO etapes (id_itineraire, id_checkpoint, position) VALUES (1015,297,5);
INSERT INTO etapes (id_itineraire, id_checkpoint, position) VALUES (1015,138,6);

INSERT INTO itineraire (id, nom, distance) VALUES (1016, 'itineraire numero 1016',0.055861993775369365);
INSERT INTO etapes (id_itineraire, id_checkpoint, position) VALUES (1016,138,0);
INSERT INTO etapes (id_itineraire, id_checkpoint, position) VALUES (1016,179,1);
INSERT INTO etapes (id_itineraire, id_checkpoint, position) VALUES (1016,302,2);
INSERT INTO etapes (id_itineraire, id_checkpoint, position) VALUES (1016,8,3);
INSERT INTO etapes (id_itineraire, id_checkpoint, position) VALUES (1016,33,4);
INSERT INTO etapes (id_itineraire, id_checkpoint, position) VALUES (1016,133,5);
INSERT INTO etapes (id_itineraire, id_checkpoint, position) VALUES (1016,297,6);

INSERT INTO itineraire (id, nom, distance) VALUES (1017, 'itineraire numero 1017',0.055370855935045815);
INSERT INTO etapes (id_itineraire, id_checkpoint, position) VALUES (1017,138,0);
INSERT INTO etapes (id_itineraire, id_checkpoint, position) VALUES (1017,179,1);
INSERT INTO etapes (id_itineraire, id_checkpoint, position) VALUES (1017,108,2);
INSERT INTO etapes (id_itineraire, id_checkpoint, position) VALUES (1017,8,3);
INSERT INTO etapes (id_itineraire, id_checkpoint, position) VALUES (1017,33,4);
INSERT INTO etapes (id_itineraire, id_checkpoint, position) VALUES (1017,133,5);
INSERT INTO etapes (id_itineraire, id_checkpoint, position) VALUES (1017,297,6);

INSERT INTO itineraire (id, nom, distance) VALUES (1018, 'itineraire numero 1018',0.04336822193110579);
INSERT INTO etapes (id_itineraire, id_checkpoint, position) VALUES (1018,138,0);
INSERT INTO etapes (id_itineraire, id_checkpoint, position) VALUES (1018,179,1);
INSERT INTO etapes (id_itineraire, id_checkpoint, position) VALUES (1018,101,2);
INSERT INTO etapes (id_itineraire, id_checkpoint, position) VALUES (1018,8,3);
INSERT INTO etapes (id_itineraire, id_checkpoint, position) VALUES (1018,85,4);
INSERT INTO etapes (id_itineraire, id_checkpoint, position) VALUES (1018,35,5);
INSERT INTO etapes (id_itineraire, id_checkpoint, position) VALUES (1018,134,6);

INSERT INTO itineraire (id, nom, distance) VALUES (1019, 'itineraire numero 1019',0.05464869405129672);
INSERT INTO etapes (id_itineraire, id_checkpoint, position) VALUES (1019,179,0);
INSERT INTO etapes (id_itineraire, id_checkpoint, position) VALUES (1019,101,1);
INSERT INTO etapes (id_itineraire, id_checkpoint, position) VALUES (1019,8,2);
INSERT INTO etapes (id_itineraire, id_checkpoint, position) VALUES (1019,33,3);
INSERT INTO etapes (id_itineraire, id_checkpoint, position) VALUES (1019,133,4);
INSERT INTO etapes (id_itineraire, id_checkpoint, position) VALUES (1019,262,5);
INSERT INTO etapes (id_itineraire, id_checkpoint, position) VALUES (1019,138,6);

INSERT INTO itineraire (id, nom, distance) VALUES (1020, 'itineraire numero 1020',0.04612559290961439);
INSERT INTO etapes (id_itineraire, id_checkpoint, position) VALUES (1020,138,0);
INSERT INTO etapes (id_itineraire, id_checkpoint, position) VALUES (1020,179,1);
INSERT INTO etapes (id_itineraire, id_checkpoint, position) VALUES (1020,302,2);
INSERT INTO etapes (id_itineraire, id_checkpoint, position) VALUES (1020,8,3);
INSERT INTO etapes (id_itineraire, id_checkpoint, position) VALUES (1020,85,4);
INSERT INTO etapes (id_itineraire, id_checkpoint, position) VALUES (1020,35,5);
INSERT INTO etapes (id_itineraire, id_checkpoint, position) VALUES (1020,134,6);

INSERT INTO itineraire (id, nom, distance) VALUES (1021, 'itineraire numero 1021',0.05740606502980532);
INSERT INTO etapes (id_itineraire, id_checkpoint, position) VALUES (1021,179,0);
INSERT INTO etapes (id_itineraire, id_checkpoint, position) VALUES (1021,301,1);
INSERT INTO etapes (id_itineraire, id_checkpoint, position) VALUES (1021,8,2);
INSERT INTO etapes (id_itineraire, id_checkpoint, position) VALUES (1021,33,3);
INSERT INTO etapes (id_itineraire, id_checkpoint, position) VALUES (1021,133,4);
INSERT INTO etapes (id_itineraire, id_checkpoint, position) VALUES (1021,262,5);
INSERT INTO etapes (id_itineraire, id_checkpoint, position) VALUES (1021,138,6);

INSERT INTO itineraire (id, nom, distance) VALUES (1022, 'itineraire numero 1022',0.04849602771260915);
INSERT INTO etapes (id_itineraire, id_checkpoint, position) VALUES (1022,55,0);
INSERT INTO etapes (id_itineraire, id_checkpoint, position) VALUES (1022,8,1);
INSERT INTO etapes (id_itineraire, id_checkpoint, position) VALUES (1022,33,2);
INSERT INTO etapes (id_itineraire, id_checkpoint, position) VALUES (1022,309,3);
INSERT INTO etapes (id_itineraire, id_checkpoint, position) VALUES (1022,71,4);
INSERT INTO etapes (id_itineraire, id_checkpoint, position) VALUES (1022,179,5);
INSERT INTO etapes (id_itineraire, id_checkpoint, position) VALUES (1022,138,6);

INSERT INTO itineraire (id, nom, distance) VALUES (1023, 'itineraire numero 1023',0.0485554544868543);
INSERT INTO etapes (id_itineraire, id_checkpoint, position) VALUES (1023,55,0);
INSERT INTO etapes (id_itineraire, id_checkpoint, position) VALUES (1023,8,1);
INSERT INTO etapes (id_itineraire, id_checkpoint, position) VALUES (1023,33,2);
INSERT INTO etapes (id_itineraire, id_checkpoint, position) VALUES (1023,310,3);
INSERT INTO etapes (id_itineraire, id_checkpoint, position) VALUES (1023,72,4);
INSERT INTO etapes (id_itineraire, id_checkpoint, position) VALUES (1023,179,5);
INSERT INTO etapes (id_itineraire, id_checkpoint, position) VALUES (1023,138,6);

INSERT INTO itineraire (id, nom, distance) VALUES (1024, 'itineraire numero 1024',0.04919395591674812);
INSERT INTO etapes (id_itineraire, id_checkpoint, position) VALUES (1024,55,0);
INSERT INTO etapes (id_itineraire, id_checkpoint, position) VALUES (1024,8,1);
INSERT INTO etapes (id_itineraire, id_checkpoint, position) VALUES (1024,33,2);
INSERT INTO etapes (id_itineraire, id_checkpoint, position) VALUES (1024,310,3);
INSERT INTO etapes (id_itineraire, id_checkpoint, position) VALUES (1024,263,4);
INSERT INTO etapes (id_itineraire, id_checkpoint, position) VALUES (1024,179,5);
INSERT INTO etapes (id_itineraire, id_checkpoint, position) VALUES (1024,138,6);

INSERT INTO itineraire (id, nom, distance) VALUES (1025, 'itineraire numero 1025',0.052070934037485805);
INSERT INTO etapes (id_itineraire, id_checkpoint, position) VALUES (1025,312,0);
INSERT INTO etapes (id_itineraire, id_checkpoint, position) VALUES (1025,8,1);
INSERT INTO etapes (id_itineraire, id_checkpoint, position) VALUES (1025,33,2);
INSERT INTO etapes (id_itineraire, id_checkpoint, position) VALUES (1025,229,3);
INSERT INTO etapes (id_itineraire, id_checkpoint, position) VALUES (1025,179,4);
INSERT INTO etapes (id_itineraire, id_checkpoint, position) VALUES (1025,138,5);
INSERT INTO etapes (id_itineraire, id_checkpoint, position) VALUES (1025,194,6);

INSERT INTO itineraire (id, nom, distance) VALUES (1026, 'itineraire numero 1026',0.04863911547751069);
INSERT INTO etapes (id_itineraire, id_checkpoint, position) VALUES (1026,210,0);
INSERT INTO etapes (id_itineraire, id_checkpoint, position) VALUES (1026,181,1);
INSERT INTO etapes (id_itineraire, id_checkpoint, position) VALUES (1026,138,2);
INSERT INTO etapes (id_itineraire, id_checkpoint, position) VALUES (1026,179,3);
INSERT INTO etapes (id_itineraire, id_checkpoint, position) VALUES (1026,98,4);
INSERT INTO etapes (id_itineraire, id_checkpoint, position) VALUES (1026,35,5);
INSERT INTO etapes (id_itineraire, id_checkpoint, position) VALUES (1026,134,6);

INSERT INTO itineraire (id, nom, distance) VALUES (1027, 'itineraire numero 1027',0.04452006681364964);
INSERT INTO etapes (id_itineraire, id_checkpoint, position) VALUES (1027,210,0);
INSERT INTO etapes (id_itineraire, id_checkpoint, position) VALUES (1027,181,1);
INSERT INTO etapes (id_itineraire, id_checkpoint, position) VALUES (1027,138,2);
INSERT INTO etapes (id_itineraire, id_checkpoint, position) VALUES (1027,179,3);
INSERT INTO etapes (id_itineraire, id_checkpoint, position) VALUES (1027,219,4);
INSERT INTO etapes (id_itineraire, id_checkpoint, position) VALUES (1027,133,5);
INSERT INTO etapes (id_itineraire, id_checkpoint, position) VALUES (1027,35,6);

INSERT INTO itineraire (id, nom, distance) VALUES (1028, 'itineraire numero 1028',0.045745460938658423);
INSERT INTO etapes (id_itineraire, id_checkpoint, position) VALUES (1028,210,0);
INSERT INTO etapes (id_itineraire, id_checkpoint, position) VALUES (1028,181,1);
INSERT INTO etapes (id_itineraire, id_checkpoint, position) VALUES (1028,138,2);
INSERT INTO etapes (id_itineraire, id_checkpoint, position) VALUES (1028,179,3);
INSERT INTO etapes (id_itineraire, id_checkpoint, position) VALUES (1028,301,4);
INSERT INTO etapes (id_itineraire, id_checkpoint, position) VALUES (1028,134,5);
INSERT INTO etapes (id_itineraire, id_checkpoint, position) VALUES (1028,35,6);

INSERT INTO itineraire (id, nom, distance) VALUES (1029, 'itineraire numero 1029',0.0487127562697257);
INSERT INTO etapes (id_itineraire, id_checkpoint, position) VALUES (1029,210,0);
INSERT INTO etapes (id_itineraire, id_checkpoint, position) VALUES (1029,181,1);
INSERT INTO etapes (id_itineraire, id_checkpoint, position) VALUES (1029,138,2);
INSERT INTO etapes (id_itineraire, id_checkpoint, position) VALUES (1029,179,3);
INSERT INTO etapes (id_itineraire, id_checkpoint, position) VALUES (1029,108,4);
INSERT INTO etapes (id_itineraire, id_checkpoint, position) VALUES (1029,35,5);
INSERT INTO etapes (id_itineraire, id_checkpoint, position) VALUES (1029,134,6);

INSERT INTO itineraire (id, nom, distance) VALUES (1030, 'itineraire numero 1030',0.04902924981340434);
INSERT INTO etapes (id_itineraire, id_checkpoint, position) VALUES (1030,210,0);
INSERT INTO etapes (id_itineraire, id_checkpoint, position) VALUES (1030,182,1);
INSERT INTO etapes (id_itineraire, id_checkpoint, position) VALUES (1030,138,2);
INSERT INTO etapes (id_itineraire, id_checkpoint, position) VALUES (1030,179,3);
INSERT INTO etapes (id_itineraire, id_checkpoint, position) VALUES (1030,98,4);
INSERT INTO etapes (id_itineraire, id_checkpoint, position) VALUES (1030,35,5);
INSERT INTO etapes (id_itineraire, id_checkpoint, position) VALUES (1030,134,6);

INSERT INTO itineraire (id, nom, distance) VALUES (1031, 'itineraire numero 1031',0.044910201149543284);
INSERT INTO etapes (id_itineraire, id_checkpoint, position) VALUES (1031,210,0);
INSERT INTO etapes (id_itineraire, id_checkpoint, position) VALUES (1031,182,1);
INSERT INTO etapes (id_itineraire, id_checkpoint, position) VALUES (1031,138,2);
INSERT INTO etapes (id_itineraire, id_checkpoint, position) VALUES (1031,179,3);
INSERT INTO etapes (id_itineraire, id_checkpoint, position) VALUES (1031,219,4);
INSERT INTO etapes (id_itineraire, id_checkpoint, position) VALUES (1031,134,5);
INSERT INTO etapes (id_itineraire, id_checkpoint, position) VALUES (1031,35,6);

INSERT INTO itineraire (id, nom, distance) VALUES (1032, 'itineraire numero 1032',0.04613559527455208);
INSERT INTO etapes (id_itineraire, id_checkpoint, position) VALUES (1032,211,0);
INSERT INTO etapes (id_itineraire, id_checkpoint, position) VALUES (1032,182,1);
INSERT INTO etapes (id_itineraire, id_checkpoint, position) VALUES (1032,138,2);
INSERT INTO etapes (id_itineraire, id_checkpoint, position) VALUES (1032,179,3);
INSERT INTO etapes (id_itineraire, id_checkpoint, position) VALUES (1032,301,4);
INSERT INTO etapes (id_itineraire, id_checkpoint, position) VALUES (1032,134,5);
INSERT INTO etapes (id_itineraire, id_checkpoint, position) VALUES (1032,35,6);

INSERT INTO itineraire (id, nom, distance) VALUES (1033, 'itineraire numero 1033',0.049102890605619356);
INSERT INTO etapes (id_itineraire, id_checkpoint, position) VALUES (1033,211,0);
INSERT INTO etapes (id_itineraire, id_checkpoint, position) VALUES (1033,182,1);
INSERT INTO etapes (id_itineraire, id_checkpoint, position) VALUES (1033,138,2);
INSERT INTO etapes (id_itineraire, id_checkpoint, position) VALUES (1033,179,3);
INSERT INTO etapes (id_itineraire, id_checkpoint, position) VALUES (1033,108,4);
INSERT INTO etapes (id_itineraire, id_checkpoint, position) VALUES (1033,35,5);
INSERT INTO etapes (id_itineraire, id_checkpoint, position) VALUES (1033,134,6);

INSERT INTO itineraire (id, nom, distance) VALUES (1034, 'itineraire numero 1034',0.054110876575716615);
INSERT INTO etapes (id_itineraire, id_checkpoint, position) VALUES (1034,211,0);
INSERT INTO etapes (id_itineraire, id_checkpoint, position) VALUES (1034,138,1);
INSERT INTO etapes (id_itineraire, id_checkpoint, position) VALUES (1034,179,2);
INSERT INTO etapes (id_itineraire, id_checkpoint, position) VALUES (1034,98,3);
INSERT INTO etapes (id_itineraire, id_checkpoint, position) VALUES (1034,33,4);
INSERT INTO etapes (id_itineraire, id_checkpoint, position) VALUES (1034,134,5);
INSERT INTO etapes (id_itineraire, id_checkpoint, position) VALUES (1034,297,6);

INSERT INTO itineraire (id, nom, distance) VALUES (1035, 'itineraire numero 1035',0.05418451736793162);
INSERT INTO etapes (id_itineraire, id_checkpoint, position) VALUES (1035,211,0);
INSERT INTO etapes (id_itineraire, id_checkpoint, position) VALUES (1035,138,1);
INSERT INTO etapes (id_itineraire, id_checkpoint, position) VALUES (1035,179,2);
INSERT INTO etapes (id_itineraire, id_checkpoint, position) VALUES (1035,108,3);
INSERT INTO etapes (id_itineraire, id_checkpoint, position) VALUES (1035,33,4);
INSERT INTO etapes (id_itineraire, id_checkpoint, position) VALUES (1035,134,5);
INSERT INTO etapes (id_itineraire, id_checkpoint, position) VALUES (1035,297,6);

INSERT INTO itineraire (id, nom, distance) VALUES (1036, 'itineraire numero 1036',0.05039801220641623);
INSERT INTO etapes (id_itineraire, id_checkpoint, position) VALUES (1036,211,0);
INSERT INTO etapes (id_itineraire, id_checkpoint, position) VALUES (1036,138,1);
INSERT INTO etapes (id_itineraire, id_checkpoint, position) VALUES (1036,179,2);
INSERT INTO etapes (id_itineraire, id_checkpoint, position) VALUES (1036,98,3);
INSERT INTO etapes (id_itineraire, id_checkpoint, position) VALUES (1036,85,4);
INSERT INTO etapes (id_itineraire, id_checkpoint, position) VALUES (1036,134,5);
INSERT INTO etapes (id_itineraire, id_checkpoint, position) VALUES (1036,36,6);

INSERT INTO itineraire (id, nom, distance) VALUES (1037, 'itineraire numero 1037',0.04536535281327337);
INSERT INTO etapes (id_itineraire, id_checkpoint, position) VALUES (1037,211,0);
INSERT INTO etapes (id_itineraire, id_checkpoint, position) VALUES (1037,232,1);
INSERT INTO etapes (id_itineraire, id_checkpoint, position) VALUES (1037,138,2);
INSERT INTO etapes (id_itineraire, id_checkpoint, position) VALUES (1037,179,3);
INSERT INTO etapes (id_itineraire, id_checkpoint, position) VALUES (1037,98,4);
INSERT INTO etapes (id_itineraire, id_checkpoint, position) VALUES (1037,134,5);
INSERT INTO etapes (id_itineraire, id_checkpoint, position) VALUES (1037,36,6);

INSERT INTO itineraire (id, nom, distance) VALUES (1038, 'itineraire numero 1038',0.039858333678178405);
INSERT INTO etapes (id_itineraire, id_checkpoint, position) VALUES (1038,71,0);
INSERT INTO etapes (id_itineraire, id_checkpoint, position) VALUES (1038,210,1);
INSERT INTO etapes (id_itineraire, id_checkpoint, position) VALUES (1038,138,2);
INSERT INTO etapes (id_itineraire, id_checkpoint, position) VALUES (1038,179,3);
INSERT INTO etapes (id_itineraire, id_checkpoint, position) VALUES (1038,98,4);
INSERT INTO etapes (id_itineraire, id_checkpoint, position) VALUES (1038,134,5);
INSERT INTO etapes (id_itineraire, id_checkpoint, position) VALUES (1038,36,6);

INSERT INTO itineraire (id, nom, distance) VALUES (1039, 'itineraire numero 1039',0.05920810804278129);
INSERT INTO etapes (id_itineraire, id_checkpoint, position) VALUES (1039,138,0);
INSERT INTO etapes (id_itineraire, id_checkpoint, position) VALUES (1039,179,1);
INSERT INTO etapes (id_itineraire, id_checkpoint, position) VALUES (1039,101,2);
INSERT INTO etapes (id_itineraire, id_checkpoint, position) VALUES (1039,33,3);
INSERT INTO etapes (id_itineraire, id_checkpoint, position) VALUES (1039,133,4);
INSERT INTO etapes (id_itineraire, id_checkpoint, position) VALUES (1039,262,5);
INSERT INTO etapes (id_itineraire, id_checkpoint, position) VALUES (1039,210,6);

INSERT INTO itineraire (id, nom, distance) VALUES (1040, 'itineraire numero 1040',0.04295322487705451);
INSERT INTO etapes (id_itineraire, id_checkpoint, position) VALUES (1040,292,0);
INSERT INTO etapes (id_itineraire, id_checkpoint, position) VALUES (1040,210,1);
INSERT INTO etapes (id_itineraire, id_checkpoint, position) VALUES (1040,179,2);
INSERT INTO etapes (id_itineraire, id_checkpoint, position) VALUES (1040,138,3);
INSERT INTO etapes (id_itineraire, id_checkpoint, position) VALUES (1040,71,4);
INSERT INTO etapes (id_itineraire, id_checkpoint, position) VALUES (1040,310,5);
INSERT INTO etapes (id_itineraire, id_checkpoint, position) VALUES (1040,36,6);

INSERT INTO itineraire (id, nom, distance) VALUES (1041, 'itineraire numero 1041',0.04170169147263171);
INSERT INTO etapes (id_itineraire, id_checkpoint, position) VALUES (1041,292,0);
INSERT INTO etapes (id_itineraire, id_checkpoint, position) VALUES (1041,210,1);
INSERT INTO etapes (id_itineraire, id_checkpoint, position) VALUES (1041,179,2);
INSERT INTO etapes (id_itineraire, id_checkpoint, position) VALUES (1041,138,3);
INSERT INTO etapes (id_itineraire, id_checkpoint, position) VALUES (1041,72,4);
INSERT INTO etapes (id_itineraire, id_checkpoint, position) VALUES (1041,310,5);
INSERT INTO etapes (id_itineraire, id_checkpoint, position) VALUES (1041,36,6);

INSERT INTO itineraire (id, nom, distance) VALUES (1042, 'itineraire numero 1042',0.044944452000043225);
INSERT INTO etapes (id_itineraire, id_checkpoint, position) VALUES (1042,292,0);
INSERT INTO etapes (id_itineraire, id_checkpoint, position) VALUES (1042,210,1);
INSERT INTO etapes (id_itineraire, id_checkpoint, position) VALUES (1042,179,2);
INSERT INTO etapes (id_itineraire, id_checkpoint, position) VALUES (1042,138,3);
INSERT INTO etapes (id_itineraire, id_checkpoint, position) VALUES (1042,263,4);
INSERT INTO etapes (id_itineraire, id_checkpoint, position) VALUES (1042,310,5);
INSERT INTO etapes (id_itineraire, id_checkpoint, position) VALUES (1042,36,6);

INSERT INTO itineraire (id, nom, distance) VALUES (1043, 'itineraire numero 1043',0.04565763047133255);
INSERT INTO etapes (id_itineraire, id_checkpoint, position) VALUES (1043,179,0);
INSERT INTO etapes (id_itineraire, id_checkpoint, position) VALUES (1043,210,1);
INSERT INTO etapes (id_itineraire, id_checkpoint, position) VALUES (1043,181,2);
INSERT INTO etapes (id_itineraire, id_checkpoint, position) VALUES (1043,138,3);
INSERT INTO etapes (id_itineraire, id_checkpoint, position) VALUES (1043,137,4);
INSERT INTO etapes (id_itineraire, id_checkpoint, position) VALUES (1043,310,5);
INSERT INTO etapes (id_itineraire, id_checkpoint, position) VALUES (1043,36,6);

INSERT INTO itineraire (id, nom, distance) VALUES (1044, 'itineraire numero 1044',0.043801502498897166);
INSERT INTO etapes (id_itineraire, id_checkpoint, position) VALUES (1044,182,0);
INSERT INTO etapes (id_itineraire, id_checkpoint, position) VALUES (1044,210,1);
INSERT INTO etapes (id_itineraire, id_checkpoint, position) VALUES (1044,179,2);
INSERT INTO etapes (id_itineraire, id_checkpoint, position) VALUES (1044,138,3);
INSERT INTO etapes (id_itineraire, id_checkpoint, position) VALUES (1044,137,4);
INSERT INTO etapes (id_itineraire, id_checkpoint, position) VALUES (1044,310,5);
INSERT INTO etapes (id_itineraire, id_checkpoint, position) VALUES (1044,36,6);

INSERT INTO itineraire (id, nom, distance) VALUES (1045, 'itineraire numero 1045',0.05503672310292409);
INSERT INTO etapes (id_itineraire, id_checkpoint, position) VALUES (1045,312,0);
INSERT INTO etapes (id_itineraire, id_checkpoint, position) VALUES (1045,35,1);
INSERT INTO etapes (id_itineraire, id_checkpoint, position) VALUES (1045,230,2);
INSERT INTO etapes (id_itineraire, id_checkpoint, position) VALUES (1045,210,3);
INSERT INTO etapes (id_itineraire, id_checkpoint, position) VALUES (1045,179,4);
INSERT INTO etapes (id_itineraire, id_checkpoint, position) VALUES (1045,138,5);
INSERT INTO etapes (id_itineraire, id_checkpoint, position) VALUES (1045,194,6);

INSERT INTO itineraire (id, nom, distance) VALUES (1046, 'itineraire numero 1046',0.04525735142811997);
INSERT INTO etapes (id_itineraire, id_checkpoint, position) VALUES (1046,179,0);
INSERT INTO etapes (id_itineraire, id_checkpoint, position) VALUES (1046,267,1);
INSERT INTO etapes (id_itineraire, id_checkpoint, position) VALUES (1046,210,2);
INSERT INTO etapes (id_itineraire, id_checkpoint, position) VALUES (1046,138,3);
INSERT INTO etapes (id_itineraire, id_checkpoint, position) VALUES (1046,230,4);
INSERT INTO etapes (id_itineraire, id_checkpoint, position) VALUES (1046,35,5);
INSERT INTO etapes (id_itineraire, id_checkpoint, position) VALUES (1046,308,6);

INSERT INTO itineraire (id, nom, distance) VALUES (1047, 'itineraire numero 1047',0.04254295896037058);
INSERT INTO etapes (id_itineraire, id_checkpoint, position) VALUES (1047,232,0);
INSERT INTO etapes (id_itineraire, id_checkpoint, position) VALUES (1047,211,1);
INSERT INTO etapes (id_itineraire, id_checkpoint, position) VALUES (1047,179,2);
INSERT INTO etapes (id_itineraire, id_checkpoint, position) VALUES (1047,138,3);
INSERT INTO etapes (id_itineraire, id_checkpoint, position) VALUES (1047,137,4);
INSERT INTO etapes (id_itineraire, id_checkpoint, position) VALUES (1047,310,5);
INSERT INTO etapes (id_itineraire, id_checkpoint, position) VALUES (1047,36,6);

INSERT INTO itineraire (id, nom, distance) VALUES (1048, 'itineraire numero 1048',0.04341185603664749);
INSERT INTO etapes (id_itineraire, id_checkpoint, position) VALUES (1048,137,0);
INSERT INTO etapes (id_itineraire, id_checkpoint, position) VALUES (1048,211,1);
INSERT INTO etapes (id_itineraire, id_checkpoint, position) VALUES (1048,179,2);
INSERT INTO etapes (id_itineraire, id_checkpoint, position) VALUES (1048,138,3);
INSERT INTO etapes (id_itineraire, id_checkpoint, position) VALUES (1048,71,4);
INSERT INTO etapes (id_itineraire, id_checkpoint, position) VALUES (1048,310,5);
INSERT INTO etapes (id_itineraire, id_checkpoint, position) VALUES (1048,36,6);

INSERT INTO itineraire (id, nom, distance) VALUES (1049, 'itineraire numero 1049',0.04126858943130449);
INSERT INTO etapes (id_itineraire, id_checkpoint, position) VALUES (1049,72,0);
INSERT INTO etapes (id_itineraire, id_checkpoint, position) VALUES (1049,211,1);
INSERT INTO etapes (id_itineraire, id_checkpoint, position) VALUES (1049,179,2);
INSERT INTO etapes (id_itineraire, id_checkpoint, position) VALUES (1049,138,3);
INSERT INTO etapes (id_itineraire, id_checkpoint, position) VALUES (1049,137,4);
INSERT INTO etapes (id_itineraire, id_checkpoint, position) VALUES (1049,310,5);
INSERT INTO etapes (id_itineraire, id_checkpoint, position) VALUES (1049,36,6);

INSERT INTO itineraire (id, nom, distance) VALUES (1050, 'itineraire numero 1050',0.0507918856549472);
INSERT INTO etapes (id_itineraire, id_checkpoint, position) VALUES (1050,44,0);
INSERT INTO etapes (id_itineraire, id_checkpoint, position) VALUES (1050,211,1);
INSERT INTO etapes (id_itineraire, id_checkpoint, position) VALUES (1050,179,2);
INSERT INTO etapes (id_itineraire, id_checkpoint, position) VALUES (1050,138,3);
INSERT INTO etapes (id_itineraire, id_checkpoint, position) VALUES (1050,72,4);
INSERT INTO etapes (id_itineraire, id_checkpoint, position) VALUES (1050,311,5);
INSERT INTO etapes (id_itineraire, id_checkpoint, position) VALUES (1050,36,6);

INSERT INTO itineraire (id, nom, distance) VALUES (1051, 'itineraire numero 1051',0.04322737001085654);
INSERT INTO etapes (id_itineraire, id_checkpoint, position) VALUES (1051,263,0);
INSERT INTO etapes (id_itineraire, id_checkpoint, position) VALUES (1051,211,1);
INSERT INTO etapes (id_itineraire, id_checkpoint, position) VALUES (1051,179,2);
INSERT INTO etapes (id_itineraire, id_checkpoint, position) VALUES (1051,138,3);
INSERT INTO etapes (id_itineraire, id_checkpoint, position) VALUES (1051,137,4);
INSERT INTO etapes (id_itineraire, id_checkpoint, position) VALUES (1051,311,5);
INSERT INTO etapes (id_itineraire, id_checkpoint, position) VALUES (1051,127,6);

INSERT INTO itineraire (id, nom, distance) VALUES (1052, 'itineraire numero 1052',0.03932019059923715);
INSERT INTO etapes (id_itineraire, id_checkpoint, position) VALUES (1052,260,0);
INSERT INTO etapes (id_itineraire, id_checkpoint, position) VALUES (1052,211,1);
INSERT INTO etapes (id_itineraire, id_checkpoint, position) VALUES (1052,179,2);
INSERT INTO etapes (id_itineraire, id_checkpoint, position) VALUES (1052,138,3);
INSERT INTO etapes (id_itineraire, id_checkpoint, position) VALUES (1052,137,4);
INSERT INTO etapes (id_itineraire, id_checkpoint, position) VALUES (1052,311,5);
INSERT INTO etapes (id_itineraire, id_checkpoint, position) VALUES (1052,127,6);

INSERT INTO itineraire (id, nom, distance) VALUES (1053, 'itineraire numero 1053',0.03912445621881294);
INSERT INTO etapes (id_itineraire, id_checkpoint, position) VALUES (1053,268,0);
INSERT INTO etapes (id_itineraire, id_checkpoint, position) VALUES (1053,179,1);
INSERT INTO etapes (id_itineraire, id_checkpoint, position) VALUES (1053,210,2);
INSERT INTO etapes (id_itineraire, id_checkpoint, position) VALUES (1053,138,3);
INSERT INTO etapes (id_itineraire, id_checkpoint, position) VALUES (1053,137,4);
INSERT INTO etapes (id_itineraire, id_checkpoint, position) VALUES (1053,311,5);
INSERT INTO etapes (id_itineraire, id_checkpoint, position) VALUES (1053,127,6);

INSERT INTO itineraire (id, nom, distance) VALUES (1054, 'itineraire numero 1054',0.037333072455639965);
INSERT INTO etapes (id_itineraire, id_checkpoint, position) VALUES (1054,179,0);
INSERT INTO etapes (id_itineraire, id_checkpoint, position) VALUES (1054,267,1);
INSERT INTO etapes (id_itineraire, id_checkpoint, position) VALUES (1054,210,2);
INSERT INTO etapes (id_itineraire, id_checkpoint, position) VALUES (1054,138,3);
INSERT INTO etapes (id_itineraire, id_checkpoint, position) VALUES (1054,137,4);
INSERT INTO etapes (id_itineraire, id_checkpoint, position) VALUES (1054,311,5);
INSERT INTO etapes (id_itineraire, id_checkpoint, position) VALUES (1054,127,6);

INSERT INTO itineraire (id, nom, distance) VALUES (1055, 'itineraire numero 1055',0.03624693634099256);
INSERT INTO etapes (id_itineraire, id_checkpoint, position) VALUES (1055,148,0);
INSERT INTO etapes (id_itineraire, id_checkpoint, position) VALUES (1055,179,1);
INSERT INTO etapes (id_itineraire, id_checkpoint, position) VALUES (1055,210,2);
INSERT INTO etapes (id_itineraire, id_checkpoint, position) VALUES (1055,138,3);
INSERT INTO etapes (id_itineraire, id_checkpoint, position) VALUES (1055,137,4);
INSERT INTO etapes (id_itineraire, id_checkpoint, position) VALUES (1055,311,5);
INSERT INTO etapes (id_itineraire, id_checkpoint, position) VALUES (1055,127,6);

INSERT INTO itineraire (id, nom, distance) VALUES (1056, 'itineraire numero 1056',0.03915132830457571);
INSERT INTO etapes (id_itineraire, id_checkpoint, position) VALUES (1056,256,0);
INSERT INTO etapes (id_itineraire, id_checkpoint, position) VALUES (1056,179,1);
INSERT INTO etapes (id_itineraire, id_checkpoint, position) VALUES (1056,210,2);
INSERT INTO etapes (id_itineraire, id_checkpoint, position) VALUES (1056,138,3);
INSERT INTO etapes (id_itineraire, id_checkpoint, position) VALUES (1056,137,4);
INSERT INTO etapes (id_itineraire, id_checkpoint, position) VALUES (1056,311,5);
INSERT INTO etapes (id_itineraire, id_checkpoint, position) VALUES (1056,127,6);

INSERT INTO itineraire (id, nom, distance) VALUES (1057, 'itineraire numero 1057',0.040604552189768245);
INSERT INTO etapes (id_itineraire, id_checkpoint, position) VALUES (1057,255,0);
INSERT INTO etapes (id_itineraire, id_checkpoint, position) VALUES (1057,179,1);
INSERT INTO etapes (id_itineraire, id_checkpoint, position) VALUES (1057,210,2);
INSERT INTO etapes (id_itineraire, id_checkpoint, position) VALUES (1057,138,3);
INSERT INTO etapes (id_itineraire, id_checkpoint, position) VALUES (1057,137,4);
INSERT INTO etapes (id_itineraire, id_checkpoint, position) VALUES (1057,311,5);
INSERT INTO etapes (id_itineraire, id_checkpoint, position) VALUES (1057,127,6);

INSERT INTO itineraire (id, nom, distance) VALUES (1058, 'itineraire numero 1058',0.03724600838530648);
INSERT INTO etapes (id_itineraire, id_checkpoint, position) VALUES (1058,179,0);
INSERT INTO etapes (id_itineraire, id_checkpoint, position) VALUES (1058,267,1);
INSERT INTO etapes (id_itineraire, id_checkpoint, position) VALUES (1058,211,2);
INSERT INTO etapes (id_itineraire, id_checkpoint, position) VALUES (1058,138,3);
INSERT INTO etapes (id_itineraire, id_checkpoint, position) VALUES (1058,254,4);
INSERT INTO etapes (id_itineraire, id_checkpoint, position) VALUES (1058,312,5);
INSERT INTO etapes (id_itineraire, id_checkpoint, position) VALUES (1058,127,6);

INSERT INTO itineraire (id, nom, distance) VALUES (1059, 'itineraire numero 1059',0.0410858595804801);
INSERT INTO etapes (id_itineraire, id_checkpoint, position) VALUES (1059,179,0);
INSERT INTO etapes (id_itineraire, id_checkpoint, position) VALUES (1059,267,1);
INSERT INTO etapes (id_itineraire, id_checkpoint, position) VALUES (1059,211,2);
INSERT INTO etapes (id_itineraire, id_checkpoint, position) VALUES (1059,138,3);
INSERT INTO etapes (id_itineraire, id_checkpoint, position) VALUES (1059,253,4);
INSERT INTO etapes (id_itineraire, id_checkpoint, position) VALUES (1059,312,5);
INSERT INTO etapes (id_itineraire, id_checkpoint, position) VALUES (1059,127,6);

INSERT INTO itineraire (id, nom, distance) VALUES (1060, 'itineraire numero 1060',0.0418695736208575);
INSERT INTO etapes (id_itineraire, id_checkpoint, position) VALUES (1060,292,0);
INSERT INTO etapes (id_itineraire, id_checkpoint, position) VALUES (1060,71,1);
INSERT INTO etapes (id_itineraire, id_checkpoint, position) VALUES (1060,211,2);
INSERT INTO etapes (id_itineraire, id_checkpoint, position) VALUES (1060,138,3);
INSERT INTO etapes (id_itineraire, id_checkpoint, position) VALUES (1060,179,4);
INSERT INTO etapes (id_itineraire, id_checkpoint, position) VALUES (1060,108,5);
INSERT INTO etapes (id_itineraire, id_checkpoint, position) VALUES (1060,127,6);

INSERT INTO itineraire (id, nom, distance) VALUES (1061, 'itineraire numero 1061',0.04090163147222904);
INSERT INTO etapes (id_itineraire, id_checkpoint, position) VALUES (1061,292,0);
INSERT INTO etapes (id_itineraire, id_checkpoint, position) VALUES (1061,72,1);
INSERT INTO etapes (id_itineraire, id_checkpoint, position) VALUES (1061,211,2);
INSERT INTO etapes (id_itineraire, id_checkpoint, position) VALUES (1061,138,3);
INSERT INTO etapes (id_itineraire, id_checkpoint, position) VALUES (1061,179,4);
INSERT INTO etapes (id_itineraire, id_checkpoint, position) VALUES (1061,108,5);
INSERT INTO etapes (id_itineraire, id_checkpoint, position) VALUES (1061,127,6);

INSERT INTO itineraire (id, nom, distance) VALUES (1062, 'itineraire numero 1062',0.04042167057011014);
INSERT INTO etapes (id_itineraire, id_checkpoint, position) VALUES (1062,263,0);
INSERT INTO etapes (id_itineraire, id_checkpoint, position) VALUES (1062,292,1);
INSERT INTO etapes (id_itineraire, id_checkpoint, position) VALUES (1062,211,2);
INSERT INTO etapes (id_itineraire, id_checkpoint, position) VALUES (1062,138,3);
INSERT INTO etapes (id_itineraire, id_checkpoint, position) VALUES (1062,179,4);
INSERT INTO etapes (id_itineraire, id_checkpoint, position) VALUES (1062,108,5);
INSERT INTO etapes (id_itineraire, id_checkpoint, position) VALUES (1062,127,6);

INSERT INTO itineraire (id, nom, distance) VALUES (1063, 'itineraire numero 1063',0.0413370955946071);
INSERT INTO etapes (id_itineraire, id_checkpoint, position) VALUES (1063,268,0);
INSERT INTO etapes (id_itineraire, id_checkpoint, position) VALUES (1063,292,1);
INSERT INTO etapes (id_itineraire, id_checkpoint, position) VALUES (1063,211,2);
INSERT INTO etapes (id_itineraire, id_checkpoint, position) VALUES (1063,138,3);
INSERT INTO etapes (id_itineraire, id_checkpoint, position) VALUES (1063,179,4);
INSERT INTO etapes (id_itineraire, id_checkpoint, position) VALUES (1063,108,5);
INSERT INTO etapes (id_itineraire, id_checkpoint, position) VALUES (1063,128,6);

INSERT INTO itineraire (id, nom, distance) VALUES (1064, 'itineraire numero 1064',0.04132190904984998);
INSERT INTO etapes (id_itineraire, id_checkpoint, position) VALUES (1064,256,0);
INSERT INTO etapes (id_itineraire, id_checkpoint, position) VALUES (1064,292,1);
INSERT INTO etapes (id_itineraire, id_checkpoint, position) VALUES (1064,179,2);
INSERT INTO etapes (id_itineraire, id_checkpoint, position) VALUES (1064,138,3);
INSERT INTO etapes (id_itineraire, id_checkpoint, position) VALUES (1064,210,4);
INSERT INTO etapes (id_itineraire, id_checkpoint, position) VALUES (1064,108,5);
INSERT INTO etapes (id_itineraire, id_checkpoint, position) VALUES (1064,128,6);

INSERT INTO itineraire (id, nom, distance) VALUES (1065, 'itineraire numero 1065',0.04166536940864113);
INSERT INTO etapes (id_itineraire, id_checkpoint, position) VALUES (1065,255,0);
INSERT INTO etapes (id_itineraire, id_checkpoint, position) VALUES (1065,292,1);
INSERT INTO etapes (id_itineraire, id_checkpoint, position) VALUES (1065,179,2);
INSERT INTO etapes (id_itineraire, id_checkpoint, position) VALUES (1065,138,3);
INSERT INTO etapes (id_itineraire, id_checkpoint, position) VALUES (1065,210,4);
INSERT INTO etapes (id_itineraire, id_checkpoint, position) VALUES (1065,108,5);
INSERT INTO etapes (id_itineraire, id_checkpoint, position) VALUES (1065,128,6);

INSERT INTO itineraire (id, nom, distance) VALUES (1066, 'itineraire numero 1066',0.057171799951476254);
INSERT INTO etapes (id_itineraire, id_checkpoint, position) VALUES (1066,138,0);
INSERT INTO etapes (id_itineraire, id_checkpoint, position) VALUES (1066,179,1);
INSERT INTO etapes (id_itineraire, id_checkpoint, position) VALUES (1066,192,2);
INSERT INTO etapes (id_itineraire, id_checkpoint, position) VALUES (1066,210,3);
INSERT INTO etapes (id_itineraire, id_checkpoint, position) VALUES (1066,181,4);
INSERT INTO etapes (id_itineraire, id_checkpoint, position) VALUES (1066,230,5);
INSERT INTO etapes (id_itineraire, id_checkpoint, position) VALUES (1066,128,6);

INSERT INTO itineraire (id, nom, distance) VALUES (1067, 'itineraire numero 1067',0.04148763054831793);
INSERT INTO etapes (id_itineraire, id_checkpoint, position) VALUES (1067,219,0);
INSERT INTO etapes (id_itineraire, id_checkpoint, position) VALUES (1067,179,1);
INSERT INTO etapes (id_itineraire, id_checkpoint, position) VALUES (1067,138,2);
INSERT INTO etapes (id_itineraire, id_checkpoint, position) VALUES (1067,210,3);
INSERT INTO etapes (id_itineraire, id_checkpoint, position) VALUES (1067,181,4);
INSERT INTO etapes (id_itineraire, id_checkpoint, position) VALUES (1067,230,5);
INSERT INTO etapes (id_itineraire, id_checkpoint, position) VALUES (1067,128,6);

INSERT INTO itineraire (id, nom, distance) VALUES (1068, 'itineraire numero 1068',0.052419529905581505);
INSERT INTO etapes (id_itineraire, id_checkpoint, position) VALUES (1068,202,0);
INSERT INTO etapes (id_itineraire, id_checkpoint, position) VALUES (1068,179,1);
INSERT INTO etapes (id_itineraire, id_checkpoint, position) VALUES (1068,138,2);
INSERT INTO etapes (id_itineraire, id_checkpoint, position) VALUES (1068,210,3);
INSERT INTO etapes (id_itineraire, id_checkpoint, position) VALUES (1068,181,4);
INSERT INTO etapes (id_itineraire, id_checkpoint, position) VALUES (1068,230,5);
INSERT INTO etapes (id_itineraire, id_checkpoint, position) VALUES (1068,128,6);

INSERT INTO itineraire (id, nom, distance) VALUES (1069, 'itineraire numero 1069',0.0482087375317414);
INSERT INTO etapes (id_itineraire, id_checkpoint, position) VALUES (1069,301,0);
INSERT INTO etapes (id_itineraire, id_checkpoint, position) VALUES (1069,179,1);
INSERT INTO etapes (id_itineraire, id_checkpoint, position) VALUES (1069,138,2);
INSERT INTO etapes (id_itineraire, id_checkpoint, position) VALUES (1069,210,3);
INSERT INTO etapes (id_itineraire, id_checkpoint, position) VALUES (1069,181,4);
INSERT INTO etapes (id_itineraire, id_checkpoint, position) VALUES (1069,230,5);
INSERT INTO etapes (id_itineraire, id_checkpoint, position) VALUES (1069,128,6);

INSERT INTO itineraire (id, nom, distance) VALUES (1070, 'itineraire numero 1070',0.0459421893125176);
INSERT INTO etapes (id_itineraire, id_checkpoint, position) VALUES (1070,137,0);
INSERT INTO etapes (id_itineraire, id_checkpoint, position) VALUES (1070,179,1);
INSERT INTO etapes (id_itineraire, id_checkpoint, position) VALUES (1070,138,2);
INSERT INTO etapes (id_itineraire, id_checkpoint, position) VALUES (1070,181,3);
INSERT INTO etapes (id_itineraire, id_checkpoint, position) VALUES (1070,210,4);
INSERT INTO etapes (id_itineraire, id_checkpoint, position) VALUES (1070,108,5);
INSERT INTO etapes (id_itineraire, id_checkpoint, position) VALUES (1070,128,6);

INSERT INTO itineraire (id, nom, distance) VALUES (1071, 'itineraire numero 1071',0.05117338390398567);
INSERT INTO etapes (id_itineraire, id_checkpoint, position) VALUES (1071,179,0);
INSERT INTO etapes (id_itineraire, id_checkpoint, position) VALUES (1071,182,1);
INSERT INTO etapes (id_itineraire, id_checkpoint, position) VALUES (1071,192,2);
INSERT INTO etapes (id_itineraire, id_checkpoint, position) VALUES (1071,210,3);
INSERT INTO etapes (id_itineraire, id_checkpoint, position) VALUES (1071,138,4);
INSERT INTO etapes (id_itineraire, id_checkpoint, position) VALUES (1071,230,5);
INSERT INTO etapes (id_itineraire, id_checkpoint, position) VALUES (1071,128,6);

INSERT INTO itineraire (id, nom, distance) VALUES (1072, 'itineraire numero 1072',0.0378162542039272);
INSERT INTO etapes (id_itineraire, id_checkpoint, position) VALUES (1072,219,0);
INSERT INTO etapes (id_itineraire, id_checkpoint, position) VALUES (1072,182,1);
INSERT INTO etapes (id_itineraire, id_checkpoint, position) VALUES (1072,179,2);
INSERT INTO etapes (id_itineraire, id_checkpoint, position) VALUES (1072,211,3);
INSERT INTO etapes (id_itineraire, id_checkpoint, position) VALUES (1072,138,4);
INSERT INTO etapes (id_itineraire, id_checkpoint, position) VALUES (1072,230,5);
INSERT INTO etapes (id_itineraire, id_checkpoint, position) VALUES (1072,128,6);

INSERT INTO itineraire (id, nom, distance) VALUES (1073, 'itineraire numero 1073',0.051060574416881555);
INSERT INTO etapes (id_itineraire, id_checkpoint, position) VALUES (1073,202,0);
INSERT INTO etapes (id_itineraire, id_checkpoint, position) VALUES (1073,179,1);
INSERT INTO etapes (id_itineraire, id_checkpoint, position) VALUES (1073,182,2);
INSERT INTO etapes (id_itineraire, id_checkpoint, position) VALUES (1073,211,3);
INSERT INTO etapes (id_itineraire, id_checkpoint, position) VALUES (1073,138,4);
INSERT INTO etapes (id_itineraire, id_checkpoint, position) VALUES (1073,230,5);
INSERT INTO etapes (id_itineraire, id_checkpoint, position) VALUES (1073,128,6);

INSERT INTO itineraire (id, nom, distance) VALUES (1074, 'itineraire numero 1074',0.04684978204304145);
INSERT INTO etapes (id_itineraire, id_checkpoint, position) VALUES (1074,301,0);
INSERT INTO etapes (id_itineraire, id_checkpoint, position) VALUES (1074,179,1);
INSERT INTO etapes (id_itineraire, id_checkpoint, position) VALUES (1074,182,2);
INSERT INTO etapes (id_itineraire, id_checkpoint, position) VALUES (1074,211,3);
INSERT INTO etapes (id_itineraire, id_checkpoint, position) VALUES (1074,138,4);
INSERT INTO etapes (id_itineraire, id_checkpoint, position) VALUES (1074,230,5);
INSERT INTO etapes (id_itineraire, id_checkpoint, position) VALUES (1074,128,6);

INSERT INTO itineraire (id, nom, distance) VALUES (1075, 'itineraire numero 1075',0.05568886199711261);
INSERT INTO etapes (id_itineraire, id_checkpoint, position) VALUES (1075,229,0);
INSERT INTO etapes (id_itineraire, id_checkpoint, position) VALUES (1075,35,1);
INSERT INTO etapes (id_itineraire, id_checkpoint, position) VALUES (1075,86,2);
INSERT INTO etapes (id_itineraire, id_checkpoint, position) VALUES (1075,98,3);
INSERT INTO etapes (id_itineraire, id_checkpoint, position) VALUES (1075,179,4);
INSERT INTO etapes (id_itineraire, id_checkpoint, position) VALUES (1075,210,5);
INSERT INTO etapes (id_itineraire, id_checkpoint, position) VALUES (1075,138,6);

INSERT INTO itineraire (id, nom, distance) VALUES (1076, 'itineraire numero 1076',0.05166493609601777);
INSERT INTO etapes (id_itineraire, id_checkpoint, position) VALUES (1076,229,0);
INSERT INTO etapes (id_itineraire, id_checkpoint, position) VALUES (1076,35,1);
INSERT INTO etapes (id_itineraire, id_checkpoint, position) VALUES (1076,101,2);
INSERT INTO etapes (id_itineraire, id_checkpoint, position) VALUES (1076,179,3);
INSERT INTO etapes (id_itineraire, id_checkpoint, position) VALUES (1076,210,4);
INSERT INTO etapes (id_itineraire, id_checkpoint, position) VALUES (1076,267,5);
INSERT INTO etapes (id_itineraire, id_checkpoint, position) VALUES (1076,138,6);

INSERT INTO itineraire (id, nom, distance) VALUES (1077, 'itineraire numero 1077',0.05471447410006186);
INSERT INTO etapes (id_itineraire, id_checkpoint, position) VALUES (1077,229,0);
INSERT INTO etapes (id_itineraire, id_checkpoint, position) VALUES (1077,35,1);
INSERT INTO etapes (id_itineraire, id_checkpoint, position) VALUES (1077,108,2);
INSERT INTO etapes (id_itineraire, id_checkpoint, position) VALUES (1077,211,3);
INSERT INTO etapes (id_itineraire, id_checkpoint, position) VALUES (1077,179,4);
INSERT INTO etapes (id_itineraire, id_checkpoint, position) VALUES (1077,267,5);
INSERT INTO etapes (id_itineraire, id_checkpoint, position) VALUES (1077,138,6);

INSERT INTO itineraire (id, nom, distance) VALUES (1078, 'itineraire numero 1078',0.04736044314294301);
INSERT INTO etapes (id_itineraire, id_checkpoint, position) VALUES (1078,179,0);
INSERT INTO etapes (id_itineraire, id_checkpoint, position) VALUES (1078,71,1);
INSERT INTO etapes (id_itineraire, id_checkpoint, position) VALUES (1078,138,2);
INSERT INTO etapes (id_itineraire, id_checkpoint, position) VALUES (1078,211,3);
INSERT INTO etapes (id_itineraire, id_checkpoint, position) VALUES (1078,108,4);
INSERT INTO etapes (id_itineraire, id_checkpoint, position) VALUES (1078,35,5);
INSERT INTO etapes (id_itineraire, id_checkpoint, position) VALUES (1078,44,6);

INSERT INTO itineraire (id, nom, distance) VALUES (1079, 'itineraire numero 1079',0.046946914272703075);
INSERT INTO etapes (id_itineraire, id_checkpoint, position) VALUES (1079,179,0);
INSERT INTO etapes (id_itineraire, id_checkpoint, position) VALUES (1079,72,1);
INSERT INTO etapes (id_itineraire, id_checkpoint, position) VALUES (1079,138,2);
INSERT INTO etapes (id_itineraire, id_checkpoint, position) VALUES (1079,211,3);
INSERT INTO etapes (id_itineraire, id_checkpoint, position) VALUES (1079,108,4);
INSERT INTO etapes (id_itineraire, id_checkpoint, position) VALUES (1079,35,5);
INSERT INTO etapes (id_itineraire, id_checkpoint, position) VALUES (1079,44,6);

INSERT INTO itineraire (id, nom, distance) VALUES (1080, 'itineraire numero 1080',0.04467423333257375);
INSERT INTO etapes (id_itineraire, id_checkpoint, position) VALUES (1080,95,0);
INSERT INTO etapes (id_itineraire, id_checkpoint, position) VALUES (1080,101,1);
INSERT INTO etapes (id_itineraire, id_checkpoint, position) VALUES (1080,179,2);
INSERT INTO etapes (id_itineraire, id_checkpoint, position) VALUES (1080,138,3);
INSERT INTO etapes (id_itineraire, id_checkpoint, position) VALUES (1080,210,4);
INSERT INTO etapes (id_itineraire, id_checkpoint, position) VALUES (1080,71,5);
INSERT INTO etapes (id_itineraire, id_checkpoint, position) VALUES (1080,170,6);

INSERT INTO itineraire (id, nom, distance) VALUES (1081, 'itineraire numero 1081',0.04325309083583802);
INSERT INTO etapes (id_itineraire, id_checkpoint, position) VALUES (1081,95,0);
INSERT INTO etapes (id_itineraire, id_checkpoint, position) VALUES (1081,101,1);
INSERT INTO etapes (id_itineraire, id_checkpoint, position) VALUES (1081,179,2);
INSERT INTO etapes (id_itineraire, id_checkpoint, position) VALUES (1081,138,3);
INSERT INTO etapes (id_itineraire, id_checkpoint, position) VALUES (1081,210,4);
INSERT INTO etapes (id_itineraire, id_checkpoint, position) VALUES (1081,72,5);
INSERT INTO etapes (id_itineraire, id_checkpoint, position) VALUES (1081,170,6);

INSERT INTO itineraire (id, nom, distance) VALUES (1082, 'itineraire numero 1082',0.03839183814812392);
INSERT INTO etapes (id_itineraire, id_checkpoint, position) VALUES (1082,95,0);
INSERT INTO etapes (id_itineraire, id_checkpoint, position) VALUES (1082,101,1);
INSERT INTO etapes (id_itineraire, id_checkpoint, position) VALUES (1082,263,2);
INSERT INTO etapes (id_itineraire, id_checkpoint, position) VALUES (1082,179,3);
INSERT INTO etapes (id_itineraire, id_checkpoint, position) VALUES (1082,211,4);
INSERT INTO etapes (id_itineraire, id_checkpoint, position) VALUES (1082,138,5);
INSERT INTO etapes (id_itineraire, id_checkpoint, position) VALUES (1082,170,6);

INSERT INTO itineraire (id, nom, distance) VALUES (1083, 'itineraire numero 1083',0.03484621701846201);
INSERT INTO etapes (id_itineraire, id_checkpoint, position) VALUES (1083,312,0);
INSERT INTO etapes (id_itineraire, id_checkpoint, position) VALUES (1083,117,1);
INSERT INTO etapes (id_itineraire, id_checkpoint, position) VALUES (1083,179,2);
INSERT INTO etapes (id_itineraire, id_checkpoint, position) VALUES (1083,138,3);
INSERT INTO etapes (id_itineraire, id_checkpoint, position) VALUES (1083,211,4);
INSERT INTO etapes (id_itineraire, id_checkpoint, position) VALUES (1083,71,5);
INSERT INTO etapes (id_itineraire, id_checkpoint, position) VALUES (1083,170,6);

INSERT INTO itineraire (id, nom, distance) VALUES (1084, 'itineraire numero 1084',0.03342507452172628);
INSERT INTO etapes (id_itineraire, id_checkpoint, position) VALUES (1084,312,0);
INSERT INTO etapes (id_itineraire, id_checkpoint, position) VALUES (1084,117,1);
INSERT INTO etapes (id_itineraire, id_checkpoint, position) VALUES (1084,179,2);
INSERT INTO etapes (id_itineraire, id_checkpoint, position) VALUES (1084,138,3);
INSERT INTO etapes (id_itineraire, id_checkpoint, position) VALUES (1084,211,4);
INSERT INTO etapes (id_itineraire, id_checkpoint, position) VALUES (1084,72,5);
INSERT INTO etapes (id_itineraire, id_checkpoint, position) VALUES (1084,170,6);

INSERT INTO itineraire (id, nom, distance) VALUES (1085, 'itineraire numero 1085',0.037022724551205415);
INSERT INTO etapes (id_itineraire, id_checkpoint, position) VALUES (1085,312,0);
INSERT INTO etapes (id_itineraire, id_checkpoint, position) VALUES (1085,118,1);
INSERT INTO etapes (id_itineraire, id_checkpoint, position) VALUES (1085,179,2);
INSERT INTO etapes (id_itineraire, id_checkpoint, position) VALUES (1085,138,3);
INSERT INTO etapes (id_itineraire, id_checkpoint, position) VALUES (1085,211,4);
INSERT INTO etapes (id_itineraire, id_checkpoint, position) VALUES (1085,263,5);
INSERT INTO etapes (id_itineraire, id_checkpoint, position) VALUES (1085,170,6);

INSERT INTO itineraire (id, nom, distance) VALUES (1086, 'itineraire numero 1086',0.04925774111378496);
INSERT INTO etapes (id_itineraire, id_checkpoint, position) VALUES (1086,171,0);
INSERT INTO etapes (id_itineraire, id_checkpoint, position) VALUES (1086,125,1);
INSERT INTO etapes (id_itineraire, id_checkpoint, position) VALUES (1086,86,2);
INSERT INTO etapes (id_itineraire, id_checkpoint, position) VALUES (1086,310,3);
INSERT INTO etapes (id_itineraire, id_checkpoint, position) VALUES (1086,138,4);
INSERT INTO etapes (id_itineraire, id_checkpoint, position) VALUES (1086,210,5);
INSERT INTO etapes (id_itineraire, id_checkpoint, position) VALUES (1086,179,6);

INSERT INTO itineraire (id, nom, distance) VALUES (1087, 'itineraire numero 1087',0.04150312121486527);
INSERT INTO etapes (id_itineraire, id_checkpoint, position) VALUES (1087,171,0);
INSERT INTO etapes (id_itineraire, id_checkpoint, position) VALUES (1087,125,1);
INSERT INTO etapes (id_itineraire, id_checkpoint, position) VALUES (1087,101,2);
INSERT INTO etapes (id_itineraire, id_checkpoint, position) VALUES (1087,179,3);
INSERT INTO etapes (id_itineraire, id_checkpoint, position) VALUES (1087,211,4);
INSERT INTO etapes (id_itineraire, id_checkpoint, position) VALUES (1087,267,5);
INSERT INTO etapes (id_itineraire, id_checkpoint, position) VALUES (1087,138,6);

INSERT INTO itineraire (id, nom, distance) VALUES (1088, 'itineraire numero 1088',0.04156879596326908);
INSERT INTO etapes (id_itineraire, id_checkpoint, position) VALUES (1088,171,0);
INSERT INTO etapes (id_itineraire, id_checkpoint, position) VALUES (1088,125,1);
INSERT INTO etapes (id_itineraire, id_checkpoint, position) VALUES (1088,108,2);
INSERT INTO etapes (id_itineraire, id_checkpoint, position) VALUES (1088,179,3);
INSERT INTO etapes (id_itineraire, id_checkpoint, position) VALUES (1088,211,4);
INSERT INTO etapes (id_itineraire, id_checkpoint, position) VALUES (1088,267,5);
INSERT INTO etapes (id_itineraire, id_checkpoint, position) VALUES (1088,138,6);

INSERT INTO itineraire (id, nom, distance) VALUES (1089, 'itineraire numero 1089',0.05383794450300146);
INSERT INTO etapes (id_itineraire, id_checkpoint, position) VALUES (1089,138,0);
INSERT INTO etapes (id_itineraire, id_checkpoint, position) VALUES (1089,118,1);
INSERT INTO etapes (id_itineraire, id_checkpoint, position) VALUES (1089,132,2);
INSERT INTO etapes (id_itineraire, id_checkpoint, position) VALUES (1089,98,3);
INSERT INTO etapes (id_itineraire, id_checkpoint, position) VALUES (1089,179,4);
INSERT INTO etapes (id_itineraire, id_checkpoint, position) VALUES (1089,210,5);
INSERT INTO etapes (id_itineraire, id_checkpoint, position) VALUES (1089,296,6);

INSERT INTO itineraire (id, nom, distance) VALUES (1090, 'itineraire numero 1090',0.057051723307632606);
INSERT INTO etapes (id_itineraire, id_checkpoint, position) VALUES (1090,138,0);
INSERT INTO etapes (id_itineraire, id_checkpoint, position) VALUES (1090,70,1);
INSERT INTO etapes (id_itineraire, id_checkpoint, position) VALUES (1090,132,2);
INSERT INTO etapes (id_itineraire, id_checkpoint, position) VALUES (1090,98,3);
INSERT INTO etapes (id_itineraire, id_checkpoint, position) VALUES (1090,179,4);
INSERT INTO etapes (id_itineraire, id_checkpoint, position) VALUES (1090,210,5);
INSERT INTO etapes (id_itineraire, id_checkpoint, position) VALUES (1090,296,6);

INSERT INTO itineraire (id, nom, distance) VALUES (1091, 'itineraire numero 1091',0.05207085803520925);
INSERT INTO etapes (id_itineraire, id_checkpoint, position) VALUES (1091,179,0);
INSERT INTO etapes (id_itineraire, id_checkpoint, position) VALUES (1091,138,1);
INSERT INTO etapes (id_itineraire, id_checkpoint, position) VALUES (1091,117,2);
INSERT INTO etapes (id_itineraire, id_checkpoint, position) VALUES (1091,132,3);
INSERT INTO etapes (id_itineraire, id_checkpoint, position) VALUES (1091,98,4);
INSERT INTO etapes (id_itineraire, id_checkpoint, position) VALUES (1091,189,5);
INSERT INTO etapes (id_itineraire, id_checkpoint, position) VALUES (1091,210,6);

INSERT INTO itineraire (id, nom, distance) VALUES (1092, 'itineraire numero 1092',0.055284636839840404);
INSERT INTO etapes (id_itineraire, id_checkpoint, position) VALUES (1092,179,0);
INSERT INTO etapes (id_itineraire, id_checkpoint, position) VALUES (1092,138,1);
INSERT INTO etapes (id_itineraire, id_checkpoint, position) VALUES (1092,70,2);
INSERT INTO etapes (id_itineraire, id_checkpoint, position) VALUES (1092,132,3);
INSERT INTO etapes (id_itineraire, id_checkpoint, position) VALUES (1092,100,4);
INSERT INTO etapes (id_itineraire, id_checkpoint, position) VALUES (1092,189,5);
INSERT INTO etapes (id_itineraire, id_checkpoint, position) VALUES (1092,210,6);

INSERT INTO itineraire (id, nom, distance) VALUES (1093, 'itineraire numero 1093',0.055365066050669855);
INSERT INTO etapes (id_itineraire, id_checkpoint, position) VALUES (1093,179,0);
INSERT INTO etapes (id_itineraire, id_checkpoint, position) VALUES (1093,138,1);
INSERT INTO etapes (id_itineraire, id_checkpoint, position) VALUES (1093,117,2);
INSERT INTO etapes (id_itineraire, id_checkpoint, position) VALUES (1093,132,3);
INSERT INTO etapes (id_itineraire, id_checkpoint, position) VALUES (1093,100,4);
INSERT INTO etapes (id_itineraire, id_checkpoint, position) VALUES (1093,181,5);
INSERT INTO etapes (id_itineraire, id_checkpoint, position) VALUES (1093,210,6);

INSERT INTO itineraire (id, nom, distance) VALUES (1094, 'itineraire numero 1094',0.05857884485530101);
INSERT INTO etapes (id_itineraire, id_checkpoint, position) VALUES (1094,179,0);
INSERT INTO etapes (id_itineraire, id_checkpoint, position) VALUES (1094,138,1);
INSERT INTO etapes (id_itineraire, id_checkpoint, position) VALUES (1094,70,2);
INSERT INTO etapes (id_itineraire, id_checkpoint, position) VALUES (1094,132,3);
INSERT INTO etapes (id_itineraire, id_checkpoint, position) VALUES (1094,100,4);
INSERT INTO etapes (id_itineraire, id_checkpoint, position) VALUES (1094,181,5);
INSERT INTO etapes (id_itineraire, id_checkpoint, position) VALUES (1094,210,6);

INSERT INTO itineraire (id, nom, distance) VALUES (1095, 'itineraire numero 1095',0.056555275409381246);
INSERT INTO etapes (id_itineraire, id_checkpoint, position) VALUES (1095,179,0);
INSERT INTO etapes (id_itineraire, id_checkpoint, position) VALUES (1095,118,1);
INSERT INTO etapes (id_itineraire, id_checkpoint, position) VALUES (1095,132,2);
INSERT INTO etapes (id_itineraire, id_checkpoint, position) VALUES (1095,100,3);
INSERT INTO etapes (id_itineraire, id_checkpoint, position) VALUES (1095,182,4);
INSERT INTO etapes (id_itineraire, id_checkpoint, position) VALUES (1095,210,5);
INSERT INTO etapes (id_itineraire, id_checkpoint, position) VALUES (1095,138,6);

INSERT INTO itineraire (id, nom, distance) VALUES (1096, 'itineraire numero 1096',0.060195804905848166);
INSERT INTO etapes (id_itineraire, id_checkpoint, position) VALUES (1096,179,0);
INSERT INTO etapes (id_itineraire, id_checkpoint, position) VALUES (1096,70,1);
INSERT INTO etapes (id_itineraire, id_checkpoint, position) VALUES (1096,133,2);
INSERT INTO etapes (id_itineraire, id_checkpoint, position) VALUES (1096,100,3);
INSERT INTO etapes (id_itineraire, id_checkpoint, position) VALUES (1096,182,4);
INSERT INTO etapes (id_itineraire, id_checkpoint, position) VALUES (1096,210,5);
INSERT INTO etapes (id_itineraire, id_checkpoint, position) VALUES (1096,138,6);

INSERT INTO itineraire (id, nom, distance) VALUES (1097, 'itineraire numero 1097',0.05843787006456909);
INSERT INTO etapes (id_itineraire, id_checkpoint, position) VALUES (1097,138,0);
INSERT INTO etapes (id_itineraire, id_checkpoint, position) VALUES (1097,118,1);
INSERT INTO etapes (id_itineraire, id_checkpoint, position) VALUES (1097,133,2);
INSERT INTO etapes (id_itineraire, id_checkpoint, position) VALUES (1097,100,3);
INSERT INTO etapes (id_itineraire, id_checkpoint, position) VALUES (1097,179,4);
INSERT INTO etapes (id_itineraire, id_checkpoint, position) VALUES (1097,211,5);
INSERT INTO etapes (id_itineraire, id_checkpoint, position) VALUES (1097,297,6);

INSERT INTO itineraire (id, nom, distance) VALUES (1098, 'itineraire numero 1098',0.06634682142588433);
INSERT INTO etapes (id_itineraire, id_checkpoint, position) VALUES (1098,138,0);
INSERT INTO etapes (id_itineraire, id_checkpoint, position) VALUES (1098,118,1);
INSERT INTO etapes (id_itineraire, id_checkpoint, position) VALUES (1098,133,2);
INSERT INTO etapes (id_itineraire, id_checkpoint, position) VALUES (1098,85,3);
INSERT INTO etapes (id_itineraire, id_checkpoint, position) VALUES (1098,100,4);
INSERT INTO etapes (id_itineraire, id_checkpoint, position) VALUES (1098,179,5);
INSERT INTO etapes (id_itineraire, id_checkpoint, position) VALUES (1098,210,6);

INSERT INTO itineraire (id, nom, distance) VALUES (1099, 'itineraire numero 1099',0.06899881443846272);
INSERT INTO etapes (id_itineraire, id_checkpoint, position) VALUES (1099,138,0);
INSERT INTO etapes (id_itineraire, id_checkpoint, position) VALUES (1099,179,1);
INSERT INTO etapes (id_itineraire, id_checkpoint, position) VALUES (1099,101,2);
INSERT INTO etapes (id_itineraire, id_checkpoint, position) VALUES (1099,85,3);
INSERT INTO etapes (id_itineraire, id_checkpoint, position) VALUES (1099,133,4);
INSERT INTO etapes (id_itineraire, id_checkpoint, position) VALUES (1099,70,5);
INSERT INTO etapes (id_itineraire, id_checkpoint, position) VALUES (1099,211,6);

INSERT INTO itineraire (id, nom, distance) VALUES (1100, 'itineraire numero 1100',0.056938212893001404);
INSERT INTO etapes (id_itineraire, id_checkpoint, position) VALUES (1100,232,0);
INSERT INTO etapes (id_itineraire, id_checkpoint, position) VALUES (1100,179,1);
INSERT INTO etapes (id_itineraire, id_checkpoint, position) VALUES (1100,101,2);
INSERT INTO etapes (id_itineraire, id_checkpoint, position) VALUES (1100,132,3);
INSERT INTO etapes (id_itineraire, id_checkpoint, position) VALUES (1100,117,4);
INSERT INTO etapes (id_itineraire, id_checkpoint, position) VALUES (1100,211,5);
INSERT INTO etapes (id_itineraire, id_checkpoint, position) VALUES (1100,138,6);

INSERT INTO itineraire (id, nom, distance) VALUES (1101, 'itineraire numero 1101',0.049506039516274254);
INSERT INTO etapes (id_itineraire, id_checkpoint, position) VALUES (1101,179,0);
INSERT INTO etapes (id_itineraire, id_checkpoint, position) VALUES (1101,71,1);
INSERT INTO etapes (id_itineraire, id_checkpoint, position) VALUES (1101,101,2);
INSERT INTO etapes (id_itineraire, id_checkpoint, position) VALUES (1101,132,3);
INSERT INTO etapes (id_itineraire, id_checkpoint, position) VALUES (1101,117,4);
INSERT INTO etapes (id_itineraire, id_checkpoint, position) VALUES (1101,211,5);
INSERT INTO etapes (id_itineraire, id_checkpoint, position) VALUES (1101,138,6);

INSERT INTO itineraire (id, nom, distance) VALUES (1102, 'itineraire numero 1102',0.051597759638058384);
INSERT INTO etapes (id_itineraire, id_checkpoint, position) VALUES (1102,179,0);
INSERT INTO etapes (id_itineraire, id_checkpoint, position) VALUES (1102,138,1);
INSERT INTO etapes (id_itineraire, id_checkpoint, position) VALUES (1102,117,2);
INSERT INTO etapes (id_itineraire, id_checkpoint, position) VALUES (1102,133,3);
INSERT INTO etapes (id_itineraire, id_checkpoint, position) VALUES (1102,100,4);
INSERT INTO etapes (id_itineraire, id_checkpoint, position) VALUES (1102,72,5);
INSERT INTO etapes (id_itineraire, id_checkpoint, position) VALUES (1102,211,6);

INSERT INTO itineraire (id, nom, distance) VALUES (1103, 'itineraire numero 1103',0.059451947293167495);
INSERT INTO etapes (id_itineraire, id_checkpoint, position) VALUES (1103,138,0);
INSERT INTO etapes (id_itineraire, id_checkpoint, position) VALUES (1103,118,1);
INSERT INTO etapes (id_itineraire, id_checkpoint, position) VALUES (1103,133,2);
INSERT INTO etapes (id_itineraire, id_checkpoint, position) VALUES (1103,100,3);
INSERT INTO etapes (id_itineraire, id_checkpoint, position) VALUES (1103,179,4);
INSERT INTO etapes (id_itineraire, id_checkpoint, position) VALUES (1103,211,5);
INSERT INTO etapes (id_itineraire, id_checkpoint, position) VALUES (1103,262,6);

INSERT INTO itineraire (id, nom, distance) VALUES (1104, 'itineraire numero 1104',0.05272244911846206);
INSERT INTO etapes (id_itineraire, id_checkpoint, position) VALUES (1104,263,0);
INSERT INTO etapes (id_itineraire, id_checkpoint, position) VALUES (1104,118,1);
INSERT INTO etapes (id_itineraire, id_checkpoint, position) VALUES (1104,133,2);
INSERT INTO etapes (id_itineraire, id_checkpoint, position) VALUES (1104,100,3);
INSERT INTO etapes (id_itineraire, id_checkpoint, position) VALUES (1104,179,4);
INSERT INTO etapes (id_itineraire, id_checkpoint, position) VALUES (1104,211,5);
INSERT INTO etapes (id_itineraire, id_checkpoint, position) VALUES (1104,138,6);

INSERT INTO itineraire (id, nom, distance) VALUES (1105, 'itineraire numero 1105',0.05513412855175836);
INSERT INTO etapes (id_itineraire, id_checkpoint, position) VALUES (1105,260,0);
INSERT INTO etapes (id_itineraire, id_checkpoint, position) VALUES (1105,138,1);
INSERT INTO etapes (id_itineraire, id_checkpoint, position) VALUES (1105,117,2);
INSERT INTO etapes (id_itineraire, id_checkpoint, position) VALUES (1105,133,3);
INSERT INTO etapes (id_itineraire, id_checkpoint, position) VALUES (1105,100,4);
INSERT INTO etapes (id_itineraire, id_checkpoint, position) VALUES (1105,179,5);
INSERT INTO etapes (id_itineraire, id_checkpoint, position) VALUES (1105,211,6);

INSERT INTO itineraire (id, nom, distance) VALUES (1106, 'itineraire numero 1106',0.050573772752004496);
INSERT INTO etapes (id_itineraire, id_checkpoint, position) VALUES (1106,268,0);
INSERT INTO etapes (id_itineraire, id_checkpoint, position) VALUES (1106,118,1);
INSERT INTO etapes (id_itineraire, id_checkpoint, position) VALUES (1106,133,2);
INSERT INTO etapes (id_itineraire, id_checkpoint, position) VALUES (1106,100,3);
INSERT INTO etapes (id_itineraire, id_checkpoint, position) VALUES (1106,179,4);
INSERT INTO etapes (id_itineraire, id_checkpoint, position) VALUES (1106,211,5);
INSERT INTO etapes (id_itineraire, id_checkpoint, position) VALUES (1106,138,6);

INSERT INTO itineraire (id, nom, distance) VALUES (1107, 'itineraire numero 1107',0.051642249145277236);
INSERT INTO etapes (id_itineraire, id_checkpoint, position) VALUES (1107,148,0);
INSERT INTO etapes (id_itineraire, id_checkpoint, position) VALUES (1107,118,1);
INSERT INTO etapes (id_itineraire, id_checkpoint, position) VALUES (1107,133,2);
INSERT INTO etapes (id_itineraire, id_checkpoint, position) VALUES (1107,100,3);
INSERT INTO etapes (id_itineraire, id_checkpoint, position) VALUES (1107,179,4);
INSERT INTO etapes (id_itineraire, id_checkpoint, position) VALUES (1107,138,5);
INSERT INTO etapes (id_itineraire, id_checkpoint, position) VALUES (1107,211,6);

INSERT INTO itineraire (id, nom, distance) VALUES (1108, 'itineraire numero 1108',0.048532778066810986);
INSERT INTO etapes (id_itineraire, id_checkpoint, position) VALUES (1108,256,0);
INSERT INTO etapes (id_itineraire, id_checkpoint, position) VALUES (1108,118,1);
INSERT INTO etapes (id_itineraire, id_checkpoint, position) VALUES (1108,133,2);
INSERT INTO etapes (id_itineraire, id_checkpoint, position) VALUES (1108,100,3);
INSERT INTO etapes (id_itineraire, id_checkpoint, position) VALUES (1108,179,4);
INSERT INTO etapes (id_itineraire, id_checkpoint, position) VALUES (1108,138,5);
INSERT INTO etapes (id_itineraire, id_checkpoint, position) VALUES (1108,211,6);

INSERT INTO itineraire (id, nom, distance) VALUES (1109, 'itineraire numero 1109',0.04840961888568869);
INSERT INTO etapes (id_itineraire, id_checkpoint, position) VALUES (1109,255,0);
INSERT INTO etapes (id_itineraire, id_checkpoint, position) VALUES (1109,118,1);
INSERT INTO etapes (id_itineraire, id_checkpoint, position) VALUES (1109,134,2);
INSERT INTO etapes (id_itineraire, id_checkpoint, position) VALUES (1109,101,3);
INSERT INTO etapes (id_itineraire, id_checkpoint, position) VALUES (1109,179,4);
INSERT INTO etapes (id_itineraire, id_checkpoint, position) VALUES (1109,138,5);
INSERT INTO etapes (id_itineraire, id_checkpoint, position) VALUES (1109,211,6);

INSERT INTO itineraire (id, nom, distance) VALUES (1110, 'itineraire numero 1110',0.0442309378867088);
INSERT INTO etapes (id_itineraire, id_checkpoint, position) VALUES (1110,171,0);
INSERT INTO etapes (id_itineraire, id_checkpoint, position) VALUES (1110,35,1);
INSERT INTO etapes (id_itineraire, id_checkpoint, position) VALUES (1110,30,2);
INSERT INTO etapes (id_itineraire, id_checkpoint, position) VALUES (1110,85,3);
INSERT INTO etapes (id_itineraire, id_checkpoint, position) VALUES (1110,312,4);
INSERT INTO etapes (id_itineraire, id_checkpoint, position) VALUES (1110,138,5);
INSERT INTO etapes (id_itineraire, id_checkpoint, position) VALUES (1110,179,6);

INSERT INTO itineraire (id, nom, distance) VALUES (1111, 'itineraire numero 1111',0.03979016767598803);
INSERT INTO etapes (id_itineraire, id_checkpoint, position) VALUES (1111,171,0);
INSERT INTO etapes (id_itineraire, id_checkpoint, position) VALUES (1111,35,1);
INSERT INTO etapes (id_itineraire, id_checkpoint, position) VALUES (1111,30,2);
INSERT INTO etapes (id_itineraire, id_checkpoint, position) VALUES (1111,310,3);
INSERT INTO etapes (id_itineraire, id_checkpoint, position) VALUES (1111,138,4);
INSERT INTO etapes (id_itineraire, id_checkpoint, position) VALUES (1111,179,5);
INSERT INTO etapes (id_itineraire, id_checkpoint, position) VALUES (1111,267,6);

INSERT INTO itineraire (id, nom, distance) VALUES (1112, 'itineraire numero 1112',0.039907547281765765);
INSERT INTO etapes (id_itineraire, id_checkpoint, position) VALUES (1112,171,0);
INSERT INTO etapes (id_itineraire, id_checkpoint, position) VALUES (1112,35,1);
INSERT INTO etapes (id_itineraire, id_checkpoint, position) VALUES (1112,30,2);
INSERT INTO etapes (id_itineraire, id_checkpoint, position) VALUES (1112,85,3);
INSERT INTO etapes (id_itineraire, id_checkpoint, position) VALUES (1112,100,4);
INSERT INTO etapes (id_itineraire, id_checkpoint, position) VALUES (1112,179,5);
INSERT INTO etapes (id_itineraire, id_checkpoint, position) VALUES (1112,138,6);

INSERT INTO itineraire (id, nom, distance) VALUES (1113, 'itineraire numero 1113',0.03659016457474763);
INSERT INTO etapes (id_itineraire, id_checkpoint, position) VALUES (1113,171,0);
INSERT INTO etapes (id_itineraire, id_checkpoint, position) VALUES (1113,35,1);
INSERT INTO etapes (id_itineraire, id_checkpoint, position) VALUES (1113,30,2);
INSERT INTO etapes (id_itineraire, id_checkpoint, position) VALUES (1113,101,3);
INSERT INTO etapes (id_itineraire, id_checkpoint, position) VALUES (1113,179,4);
INSERT INTO etapes (id_itineraire, id_checkpoint, position) VALUES (1113,138,5);
INSERT INTO etapes (id_itineraire, id_checkpoint, position) VALUES (1113,267,6);

INSERT INTO itineraire (id, nom, distance) VALUES (1114, 'itineraire numero 1114',0.04025670062511552);
INSERT INTO etapes (id_itineraire, id_checkpoint, position) VALUES (1114,179,0);
INSERT INTO etapes (id_itineraire, id_checkpoint, position) VALUES (1114,138,1);
INSERT INTO etapes (id_itineraire, id_checkpoint, position) VALUES (1114,108,2);
INSERT INTO etapes (id_itineraire, id_checkpoint, position) VALUES (1114,33,3);
INSERT INTO etapes (id_itineraire, id_checkpoint, position) VALUES (1114,86,4);
INSERT INTO etapes (id_itineraire, id_checkpoint, position) VALUES (1114,31,5);
INSERT INTO etapes (id_itineraire, id_checkpoint, position) VALUES (1114,171,6);

INSERT INTO itineraire (id, nom, distance) VALUES (1115, 'itineraire numero 1115',0.03665583932315146);
INSERT INTO etapes (id_itineraire, id_checkpoint, position) VALUES (1115,171,0);
INSERT INTO etapes (id_itineraire, id_checkpoint, position) VALUES (1115,36,1);
INSERT INTO etapes (id_itineraire, id_checkpoint, position) VALUES (1115,30,2);
INSERT INTO etapes (id_itineraire, id_checkpoint, position) VALUES (1115,108,3);
INSERT INTO etapes (id_itineraire, id_checkpoint, position) VALUES (1115,179,4);
INSERT INTO etapes (id_itineraire, id_checkpoint, position) VALUES (1115,138,5);
INSERT INTO etapes (id_itineraire, id_checkpoint, position) VALUES (1115,267,6);

INSERT INTO itineraire (id, nom, distance) VALUES (1116, 'itineraire numero 1116',0.040553259700083);
INSERT INTO etapes (id_itineraire, id_checkpoint, position) VALUES (1116,179,0);
INSERT INTO etapes (id_itineraire, id_checkpoint, position) VALUES (1116,138,1);
INSERT INTO etapes (id_itineraire, id_checkpoint, position) VALUES (1116,182,2);
INSERT INTO etapes (id_itineraire, id_checkpoint, position) VALUES (1116,101,3);
INSERT INTO etapes (id_itineraire, id_checkpoint, position) VALUES (1116,133,4);
INSERT INTO etapes (id_itineraire, id_checkpoint, position) VALUES (1116,36,5);
INSERT INTO etapes (id_itineraire, id_checkpoint, position) VALUES (1116,95,6);

INSERT INTO itineraire (id, nom, distance) VALUES (1117, 'itineraire numero 1117',0.04318397199375557);
INSERT INTO etapes (id_itineraire, id_checkpoint, position) VALUES (1117,232,0);
INSERT INTO etapes (id_itineraire, id_checkpoint, position) VALUES (1117,179,1);
INSERT INTO etapes (id_itineraire, id_checkpoint, position) VALUES (1117,138,2);
INSERT INTO etapes (id_itineraire, id_checkpoint, position) VALUES (1117,101,3);
INSERT INTO etapes (id_itineraire, id_checkpoint, position) VALUES (1117,133,4);
INSERT INTO etapes (id_itineraire, id_checkpoint, position) VALUES (1117,36,5);
INSERT INTO etapes (id_itineraire, id_checkpoint, position) VALUES (1117,95,6);

INSERT INTO itineraire (id, nom, distance) VALUES (1118, 'itineraire numero 1118',0.03648777006878968);
INSERT INTO etapes (id_itineraire, id_checkpoint, position) VALUES (1118,179,0);
INSERT INTO etapes (id_itineraire, id_checkpoint, position) VALUES (1118,72,1);
INSERT INTO etapes (id_itineraire, id_checkpoint, position) VALUES (1118,138,2);
INSERT INTO etapes (id_itineraire, id_checkpoint, position) VALUES (1118,101,3);
INSERT INTO etapes (id_itineraire, id_checkpoint, position) VALUES (1118,133,4);
INSERT INTO etapes (id_itineraire, id_checkpoint, position) VALUES (1118,36,5);
INSERT INTO etapes (id_itineraire, id_checkpoint, position) VALUES (1118,95,6);

INSERT INTO itineraire (id, nom, distance) VALUES (1119, 'itineraire numero 1119',0.03816735719164209);
INSERT INTO etapes (id_itineraire, id_checkpoint, position) VALUES (1119,179,0);
INSERT INTO etapes (id_itineraire, id_checkpoint, position) VALUES (1119,263,1);
INSERT INTO etapes (id_itineraire, id_checkpoint, position) VALUES (1119,138,2);
INSERT INTO etapes (id_itineraire, id_checkpoint, position) VALUES (1119,101,3);
INSERT INTO etapes (id_itineraire, id_checkpoint, position) VALUES (1119,134,4);
INSERT INTO etapes (id_itineraire, id_checkpoint, position) VALUES (1119,36,5);
INSERT INTO etapes (id_itineraire, id_checkpoint, position) VALUES (1119,95,6);

INSERT INTO itineraire (id, nom, distance) VALUES (1120, 'itineraire numero 1120',0.041795412781632575);
INSERT INTO etapes (id_itineraire, id_checkpoint, position) VALUES (1120,260,0);
INSERT INTO etapes (id_itineraire, id_checkpoint, position) VALUES (1120,179,1);
INSERT INTO etapes (id_itineraire, id_checkpoint, position) VALUES (1120,138,2);
INSERT INTO etapes (id_itineraire, id_checkpoint, position) VALUES (1120,101,3);
INSERT INTO etapes (id_itineraire, id_checkpoint, position) VALUES (1120,134,4);
INSERT INTO etapes (id_itineraire, id_checkpoint, position) VALUES (1120,36,5);
INSERT INTO etapes (id_itineraire, id_checkpoint, position) VALUES (1120,95,6);

INSERT INTO itineraire (id, nom, distance) VALUES (1121, 'itineraire numero 1121',0.038921345691163206);
INSERT INTO etapes (id_itineraire, id_checkpoint, position) VALUES (1121,268,0);
INSERT INTO etapes (id_itineraire, id_checkpoint, position) VALUES (1121,179,1);
INSERT INTO etapes (id_itineraire, id_checkpoint, position) VALUES (1121,138,2);
INSERT INTO etapes (id_itineraire, id_checkpoint, position) VALUES (1121,101,3);
INSERT INTO etapes (id_itineraire, id_checkpoint, position) VALUES (1121,134,4);
INSERT INTO etapes (id_itineraire, id_checkpoint, position) VALUES (1121,36,5);
INSERT INTO etapes (id_itineraire, id_checkpoint, position) VALUES (1121,95,6);

INSERT INTO itineraire (id, nom, distance) VALUES (1122, 'itineraire numero 1122',0.05440253332881531);
INSERT INTO etapes (id_itineraire, id_checkpoint, position) VALUES (1122,96,0);
INSERT INTO etapes (id_itineraire, id_checkpoint, position) VALUES (1122,36,1);
INSERT INTO etapes (id_itineraire, id_checkpoint, position) VALUES (1122,134,2);
INSERT INTO etapes (id_itineraire, id_checkpoint, position) VALUES (1122,117,3);
INSERT INTO etapes (id_itineraire, id_checkpoint, position) VALUES (1122,179,4);
INSERT INTO etapes (id_itineraire, id_checkpoint, position) VALUES (1122,138,5);
INSERT INTO etapes (id_itineraire, id_checkpoint, position) VALUES (1122,296,6);

INSERT INTO itineraire (id, nom, distance) VALUES (1123, 'itineraire numero 1123',0.05804306282528224);
INSERT INTO etapes (id_itineraire, id_checkpoint, position) VALUES (1123,96,0);
INSERT INTO etapes (id_itineraire, id_checkpoint, position) VALUES (1123,36,1);
INSERT INTO etapes (id_itineraire, id_checkpoint, position) VALUES (1123,134,2);
INSERT INTO etapes (id_itineraire, id_checkpoint, position) VALUES (1123,70,3);
INSERT INTO etapes (id_itineraire, id_checkpoint, position) VALUES (1123,179,4);
INSERT INTO etapes (id_itineraire, id_checkpoint, position) VALUES (1123,138,5);
INSERT INTO etapes (id_itineraire, id_checkpoint, position) VALUES (1123,296,6);

INSERT INTO itineraire (id, nom, distance) VALUES (1124, 'itineraire numero 1124',0.05308916330361144);
INSERT INTO etapes (id_itineraire, id_checkpoint, position) VALUES (1124,96,0);
INSERT INTO etapes (id_itineraire, id_checkpoint, position) VALUES (1124,36,1);
INSERT INTO etapes (id_itineraire, id_checkpoint, position) VALUES (1124,134,2);
INSERT INTO etapes (id_itineraire, id_checkpoint, position) VALUES (1124,117,3);
INSERT INTO etapes (id_itineraire, id_checkpoint, position) VALUES (1124,179,4);
INSERT INTO etapes (id_itineraire, id_checkpoint, position) VALUES (1124,138,5);
INSERT INTO etapes (id_itineraire, id_checkpoint, position) VALUES (1124,189,6);

INSERT INTO itineraire (id, nom, distance) VALUES (1125, 'itineraire numero 1125',0.05672969280007837);
INSERT INTO etapes (id_itineraire, id_checkpoint, position) VALUES (1125,96,0);
INSERT INTO etapes (id_itineraire, id_checkpoint, position) VALUES (1125,36,1);
INSERT INTO etapes (id_itineraire, id_checkpoint, position) VALUES (1125,134,2);
INSERT INTO etapes (id_itineraire, id_checkpoint, position) VALUES (1125,70,3);
INSERT INTO etapes (id_itineraire, id_checkpoint, position) VALUES (1125,179,4);
INSERT INTO etapes (id_itineraire, id_checkpoint, position) VALUES (1125,138,5);
INSERT INTO etapes (id_itineraire, id_checkpoint, position) VALUES (1125,189,6);

INSERT INTO itineraire (id, nom, distance) VALUES (1126, 'itineraire numero 1126',0.0529491131123612);
INSERT INTO etapes (id_itineraire, id_checkpoint, position) VALUES (1126,10,0);
INSERT INTO etapes (id_itineraire, id_checkpoint, position) VALUES (1126,36,1);
INSERT INTO etapes (id_itineraire, id_checkpoint, position) VALUES (1126,134,2);
INSERT INTO etapes (id_itineraire, id_checkpoint, position) VALUES (1126,85,3);
INSERT INTO etapes (id_itineraire, id_checkpoint, position) VALUES (1126,100,4);
INSERT INTO etapes (id_itineraire, id_checkpoint, position) VALUES (1126,179,5);
INSERT INTO etapes (id_itineraire, id_checkpoint, position) VALUES (1126,138,6);

INSERT INTO itineraire (id, nom, distance) VALUES (1127, 'itineraire numero 1127',0.05470494925615735);
INSERT INTO etapes (id_itineraire, id_checkpoint, position) VALUES (1127,97,0);
INSERT INTO etapes (id_itineraire, id_checkpoint, position) VALUES (1127,36,1);
INSERT INTO etapes (id_itineraire, id_checkpoint, position) VALUES (1127,134,2);
INSERT INTO etapes (id_itineraire, id_checkpoint, position) VALUES (1127,117,3);
INSERT INTO etapes (id_itineraire, id_checkpoint, position) VALUES (1127,179,4);
INSERT INTO etapes (id_itineraire, id_checkpoint, position) VALUES (1127,138,5);
INSERT INTO etapes (id_itineraire, id_checkpoint, position) VALUES (1127,181,6);

INSERT INTO itineraire (id, nom, distance) VALUES (1128, 'itineraire numero 1128',0.058345478752624275);
INSERT INTO etapes (id_itineraire, id_checkpoint, position) VALUES (1128,97,0);
INSERT INTO etapes (id_itineraire, id_checkpoint, position) VALUES (1128,36,1);
INSERT INTO etapes (id_itineraire, id_checkpoint, position) VALUES (1128,134,2);
INSERT INTO etapes (id_itineraire, id_checkpoint, position) VALUES (1128,70,3);
INSERT INTO etapes (id_itineraire, id_checkpoint, position) VALUES (1128,179,4);
INSERT INTO etapes (id_itineraire, id_checkpoint, position) VALUES (1128,138,5);
INSERT INTO etapes (id_itineraire, id_checkpoint, position) VALUES (1128,181,6);

INSERT INTO itineraire (id, nom, distance) VALUES (1129, 'itineraire numero 1129',0.05831242879677766);
INSERT INTO etapes (id_itineraire, id_checkpoint, position) VALUES (1129,179,0);
INSERT INTO etapes (id_itineraire, id_checkpoint, position) VALUES (1129,118,1);
INSERT INTO etapes (id_itineraire, id_checkpoint, position) VALUES (1129,33,2);
INSERT INTO etapes (id_itineraire, id_checkpoint, position) VALUES (1129,133,3);
INSERT INTO etapes (id_itineraire, id_checkpoint, position) VALUES (1129,101,4);
INSERT INTO etapes (id_itineraire, id_checkpoint, position) VALUES (1129,182,5);
INSERT INTO etapes (id_itineraire, id_checkpoint, position) VALUES (1129,138,6);

INSERT INTO itineraire (id, nom, distance) VALUES (1130, 'itineraire numero 1130',0.05641762446363737);
INSERT INTO etapes (id_itineraire, id_checkpoint, position) VALUES (1130,179,0);
INSERT INTO etapes (id_itineraire, id_checkpoint, position) VALUES (1130,138,1);
INSERT INTO etapes (id_itineraire, id_checkpoint, position) VALUES (1130,70,2);
INSERT INTO etapes (id_itineraire, id_checkpoint, position) VALUES (1130,33,3);
INSERT INTO etapes (id_itineraire, id_checkpoint, position) VALUES (1130,134,4);
INSERT INTO etapes (id_itineraire, id_checkpoint, position) VALUES (1130,97,5);
INSERT INTO etapes (id_itineraire, id_checkpoint, position) VALUES (1130,182,6);

INSERT INTO itineraire (id, nom, distance) VALUES (1131, 'itineraire numero 1131',0.05346665715325782);
INSERT INTO etapes (id_itineraire, id_checkpoint, position) VALUES (1131,179,0);
INSERT INTO etapes (id_itineraire, id_checkpoint, position) VALUES (1131,138,1);
INSERT INTO etapes (id_itineraire, id_checkpoint, position) VALUES (1131,117,2);
INSERT INTO etapes (id_itineraire, id_checkpoint, position) VALUES (1131,133,3);
INSERT INTO etapes (id_itineraire, id_checkpoint, position) VALUES (1131,86,4);
INSERT INTO etapes (id_itineraire, id_checkpoint, position) VALUES (1131,36,5);
INSERT INTO etapes (id_itineraire, id_checkpoint, position) VALUES (1131,96,6);

INSERT INTO itineraire (id, nom, distance) VALUES (1132, 'itineraire numero 1132',0.05668043595788897);
INSERT INTO etapes (id_itineraire, id_checkpoint, position) VALUES (1132,179,0);
INSERT INTO etapes (id_itineraire, id_checkpoint, position) VALUES (1132,138,1);
INSERT INTO etapes (id_itineraire, id_checkpoint, position) VALUES (1132,70,2);
INSERT INTO etapes (id_itineraire, id_checkpoint, position) VALUES (1132,133,3);
INSERT INTO etapes (id_itineraire, id_checkpoint, position) VALUES (1132,86,4);
INSERT INTO etapes (id_itineraire, id_checkpoint, position) VALUES (1132,36,5);
INSERT INTO etapes (id_itineraire, id_checkpoint, position) VALUES (1132,96,6);

INSERT INTO itineraire (id, nom, distance) VALUES (1133, 'itineraire numero 1133',0.05558151252768538);
INSERT INTO etapes (id_itineraire, id_checkpoint, position) VALUES (1133,232,0);
INSERT INTO etapes (id_itineraire, id_checkpoint, position) VALUES (1133,179,1);
INSERT INTO etapes (id_itineraire, id_checkpoint, position) VALUES (1133,138,2);
INSERT INTO etapes (id_itineraire, id_checkpoint, position) VALUES (1133,117,3);
INSERT INTO etapes (id_itineraire, id_checkpoint, position) VALUES (1133,134,4);
INSERT INTO etapes (id_itineraire, id_checkpoint, position) VALUES (1133,36,5);
INSERT INTO etapes (id_itineraire, id_checkpoint, position) VALUES (1133,96,6);

INSERT INTO itineraire (id, nom, distance) VALUES (1134, 'itineraire numero 1134',0.05363179566896919);
INSERT INTO etapes (id_itineraire, id_checkpoint, position) VALUES (1134,179,0);
INSERT INTO etapes (id_itineraire, id_checkpoint, position) VALUES (1134,119,1);
INSERT INTO etapes (id_itineraire, id_checkpoint, position) VALUES (1134,34,2);
INSERT INTO etapes (id_itineraire, id_checkpoint, position) VALUES (1134,133,3);
INSERT INTO etapes (id_itineraire, id_checkpoint, position) VALUES (1134,101,4);
INSERT INTO etapes (id_itineraire, id_checkpoint, position) VALUES (1134,71,5);
INSERT INTO etapes (id_itineraire, id_checkpoint, position) VALUES (1134,138,6);

INSERT INTO itineraire (id, nom, distance) VALUES (1135, 'itineraire numero 1135',0.05323695303088494);
INSERT INTO etapes (id_itineraire, id_checkpoint, position) VALUES (1135,179,0);
INSERT INTO etapes (id_itineraire, id_checkpoint, position) VALUES (1135,119,1);
INSERT INTO etapes (id_itineraire, id_checkpoint, position) VALUES (1135,34,2);
INSERT INTO etapes (id_itineraire, id_checkpoint, position) VALUES (1135,133,3);
INSERT INTO etapes (id_itineraire, id_checkpoint, position) VALUES (1135,101,4);
INSERT INTO etapes (id_itineraire, id_checkpoint, position) VALUES (1135,72,5);
INSERT INTO etapes (id_itineraire, id_checkpoint, position) VALUES (1135,138,6);

INSERT INTO itineraire (id, nom, distance) VALUES (1136, 'itineraire numero 1136',0.049107498683310755);
INSERT INTO etapes (id_itineraire, id_checkpoint, position) VALUES (1136,179,0);
INSERT INTO etapes (id_itineraire, id_checkpoint, position) VALUES (1136,138,1);
INSERT INTO etapes (id_itineraire, id_checkpoint, position) VALUES (1136,117,2);
INSERT INTO etapes (id_itineraire, id_checkpoint, position) VALUES (1136,33,3);
INSERT INTO etapes (id_itineraire, id_checkpoint, position) VALUES (1136,134,4);
INSERT INTO etapes (id_itineraire, id_checkpoint, position) VALUES (1136,97,5);
INSERT INTO etapes (id_itineraire, id_checkpoint, position) VALUES (1136,262,6);

INSERT INTO itineraire (id, nom, distance) VALUES (1137, 'itineraire numero 1137',0.054444665712347864);
INSERT INTO etapes (id_itineraire, id_checkpoint, position) VALUES (1137,179,0);
INSERT INTO etapes (id_itineraire, id_checkpoint, position) VALUES (1137,119,1);
INSERT INTO etapes (id_itineraire, id_checkpoint, position) VALUES (1137,34,2);
INSERT INTO etapes (id_itineraire, id_checkpoint, position) VALUES (1137,133,3);
INSERT INTO etapes (id_itineraire, id_checkpoint, position) VALUES (1137,101,4);
INSERT INTO etapes (id_itineraire, id_checkpoint, position) VALUES (1137,263,5);
INSERT INTO etapes (id_itineraire, id_checkpoint, position) VALUES (1137,138,6);

INSERT INTO itineraire (id, nom, distance) VALUES (1138, 'itineraire numero 1138',0.054192953315562384);
INSERT INTO etapes (id_itineraire, id_checkpoint, position) VALUES (1138,260,0);
INSERT INTO etapes (id_itineraire, id_checkpoint, position) VALUES (1138,179,1);
INSERT INTO etapes (id_itineraire, id_checkpoint, position) VALUES (1138,138,2);
INSERT INTO etapes (id_itineraire, id_checkpoint, position) VALUES (1138,117,3);
INSERT INTO etapes (id_itineraire, id_checkpoint, position) VALUES (1138,134,4);
INSERT INTO etapes (id_itineraire, id_checkpoint, position) VALUES (1138,36,5);
INSERT INTO etapes (id_itineraire, id_checkpoint, position) VALUES (1138,96,6);

INSERT INTO itineraire (id, nom, distance) VALUES (1139, 'itineraire numero 1139',0.0530578784115153);
INSERT INTO etapes (id_itineraire, id_checkpoint, position) VALUES (1139,179,0);
INSERT INTO etapes (id_itineraire, id_checkpoint, position) VALUES (1139,119,1);
INSERT INTO etapes (id_itineraire, id_checkpoint, position) VALUES (1139,34,2);
INSERT INTO etapes (id_itineraire, id_checkpoint, position) VALUES (1139,134,3);
INSERT INTO etapes (id_itineraire, id_checkpoint, position) VALUES (1139,101,4);
INSERT INTO etapes (id_itineraire, id_checkpoint, position) VALUES (1139,268,5);
INSERT INTO etapes (id_itineraire, id_checkpoint, position) VALUES (1139,138,6);

INSERT INTO itineraire (id, nom, distance) VALUES (1140, 'itineraire numero 1140',0.055468243385476235);
INSERT INTO etapes (id_itineraire, id_checkpoint, position) VALUES (1140,138,0);
INSERT INTO etapes (id_itineraire, id_checkpoint, position) VALUES (1140,119,1);
INSERT INTO etapes (id_itineraire, id_checkpoint, position) VALUES (1140,34,2);
INSERT INTO etapes (id_itineraire, id_checkpoint, position) VALUES (1140,134,3);
INSERT INTO etapes (id_itineraire, id_checkpoint, position) VALUES (1140,101,4);
INSERT INTO etapes (id_itineraire, id_checkpoint, position) VALUES (1140,179,5);
INSERT INTO etapes (id_itineraire, id_checkpoint, position) VALUES (1140,267,6);

INSERT INTO itineraire (id, nom, distance) VALUES (1141, 'itineraire numero 1141',0.055380668385359766);
INSERT INTO etapes (id_itineraire, id_checkpoint, position) VALUES (1141,148,0);
INSERT INTO etapes (id_itineraire, id_checkpoint, position) VALUES (1141,119,1);
INSERT INTO etapes (id_itineraire, id_checkpoint, position) VALUES (1141,34,2);
INSERT INTO etapes (id_itineraire, id_checkpoint, position) VALUES (1141,134,3);
INSERT INTO etapes (id_itineraire, id_checkpoint, position) VALUES (1141,101,4);
INSERT INTO etapes (id_itineraire, id_checkpoint, position) VALUES (1141,179,5);
INSERT INTO etapes (id_itineraire, id_checkpoint, position) VALUES (1141,138,6);

INSERT INTO itineraire (id, nom, distance) VALUES (1142, 'itineraire numero 1142',0.052271197306893516);
INSERT INTO etapes (id_itineraire, id_checkpoint, position) VALUES (1142,256,0);
INSERT INTO etapes (id_itineraire, id_checkpoint, position) VALUES (1142,119,1);
INSERT INTO etapes (id_itineraire, id_checkpoint, position) VALUES (1142,34,2);
INSERT INTO etapes (id_itineraire, id_checkpoint, position) VALUES (1142,134,3);
INSERT INTO etapes (id_itineraire, id_checkpoint, position) VALUES (1142,101,4);
INSERT INTO etapes (id_itineraire, id_checkpoint, position) VALUES (1142,179,5);
INSERT INTO etapes (id_itineraire, id_checkpoint, position) VALUES (1142,138,6);

INSERT INTO itineraire (id, nom, distance) VALUES (1143, 'itineraire numero 1143',0.052798982196048325);
INSERT INTO etapes (id_itineraire, id_checkpoint, position) VALUES (1143,255,0);
INSERT INTO etapes (id_itineraire, id_checkpoint, position) VALUES (1143,179,1);
INSERT INTO etapes (id_itineraire, id_checkpoint, position) VALUES (1143,138,2);
INSERT INTO etapes (id_itineraire, id_checkpoint, position) VALUES (1143,117,3);
INSERT INTO etapes (id_itineraire, id_checkpoint, position) VALUES (1143,134,4);
INSERT INTO etapes (id_itineraire, id_checkpoint, position) VALUES (1143,36,5);
INSERT INTO etapes (id_itineraire, id_checkpoint, position) VALUES (1143,96,6);

INSERT INTO itineraire (id, nom, distance) VALUES (1144, 'itineraire numero 1144',0.061616890094662646);
INSERT INTO etapes (id_itineraire, id_checkpoint, position) VALUES (1144,179,0);
INSERT INTO etapes (id_itineraire, id_checkpoint, position) VALUES (1144,268,1);
INSERT INTO etapes (id_itineraire, id_checkpoint, position) VALUES (1144,25,2);
INSERT INTO etapes (id_itineraire, id_checkpoint, position) VALUES (1144,134,3);
INSERT INTO etapes (id_itineraire, id_checkpoint, position) VALUES (1144,33,4);
INSERT INTO etapes (id_itineraire, id_checkpoint, position) VALUES (1144,97,5);
INSERT INTO etapes (id_itineraire, id_checkpoint, position) VALUES (1144,138,6);

INSERT INTO itineraire (id, nom, distance) VALUES (1145, 'itineraire numero 1145',0.046434800127110896);
INSERT INTO etapes (id_itineraire, id_checkpoint, position) VALUES (1145,312,0);
INSERT INTO etapes (id_itineraire, id_checkpoint, position) VALUES (1145,36,1);
INSERT INTO etapes (id_itineraire, id_checkpoint, position) VALUES (1145,30,2);
INSERT INTO etapes (id_itineraire, id_checkpoint, position) VALUES (1145,99,3);
INSERT INTO etapes (id_itineraire, id_checkpoint, position) VALUES (1145,138,4);
INSERT INTO etapes (id_itineraire, id_checkpoint, position) VALUES (1145,296,5);
INSERT INTO etapes (id_itineraire, id_checkpoint, position) VALUES (1145,179,6);

INSERT INTO itineraire (id, nom, distance) VALUES (1146, 'itineraire numero 1146',0.04252683067105034);
INSERT INTO etapes (id_itineraire, id_checkpoint, position) VALUES (1146,312,0);
INSERT INTO etapes (id_itineraire, id_checkpoint, position) VALUES (1146,36,1);
INSERT INTO etapes (id_itineraire, id_checkpoint, position) VALUES (1146,30,2);
INSERT INTO etapes (id_itineraire, id_checkpoint, position) VALUES (1146,99,3);
INSERT INTO etapes (id_itineraire, id_checkpoint, position) VALUES (1146,179,4);
INSERT INTO etapes (id_itineraire, id_checkpoint, position) VALUES (1146,138,5);
INSERT INTO etapes (id_itineraire, id_checkpoint, position) VALUES (1146,189,6);

INSERT INTO itineraire (id, nom, distance) VALUES (1147, 'itineraire numero 1147',0.04489997175303152);
INSERT INTO etapes (id_itineraire, id_checkpoint, position) VALUES (1147,179,0);
INSERT INTO etapes (id_itineraire, id_checkpoint, position) VALUES (1147,138,1);
INSERT INTO etapes (id_itineraire, id_checkpoint, position) VALUES (1147,182,2);
INSERT INTO etapes (id_itineraire, id_checkpoint, position) VALUES (1147,99,3);
INSERT INTO etapes (id_itineraire, id_checkpoint, position) VALUES (1147,33,4);
INSERT INTO etapes (id_itineraire, id_checkpoint, position) VALUES (1147,31,5);
INSERT INTO etapes (id_itineraire, id_checkpoint, position) VALUES (1147,309,6);

INSERT INTO itineraire (id, nom, distance) VALUES (1148, 'itineraire numero 1148',0.04815445998849221);
INSERT INTO etapes (id_itineraire, id_checkpoint, position) VALUES (1148,179,0);
INSERT INTO etapes (id_itineraire, id_checkpoint, position) VALUES (1148,138,1);
INSERT INTO etapes (id_itineraire, id_checkpoint, position) VALUES (1148,99,2);
INSERT INTO etapes (id_itineraire, id_checkpoint, position) VALUES (1148,33,3);
INSERT INTO etapes (id_itineraire, id_checkpoint, position) VALUES (1148,86,4);
INSERT INTO etapes (id_itineraire, id_checkpoint, position) VALUES (1148,31,5);
INSERT INTO etapes (id_itineraire, id_checkpoint, position) VALUES (1148,309,6);

INSERT INTO itineraire (id, nom, distance) VALUES (1149, 'itineraire numero 1149',0.05143581261405365);
INSERT INTO etapes (id_itineraire, id_checkpoint, position) VALUES (1149,179,0);
INSERT INTO etapes (id_itineraire, id_checkpoint, position) VALUES (1149,232,1);
INSERT INTO etapes (id_itineraire, id_checkpoint, position) VALUES (1149,138,2);
INSERT INTO etapes (id_itineraire, id_checkpoint, position) VALUES (1149,99,3);
INSERT INTO etapes (id_itineraire, id_checkpoint, position) VALUES (1149,33,4);
INSERT INTO etapes (id_itineraire, id_checkpoint, position) VALUES (1149,31,5);
INSERT INTO etapes (id_itineraire, id_checkpoint, position) VALUES (1149,309,6);

INSERT INTO itineraire (id, nom, distance) VALUES (1150, 'itineraire numero 1150',0.04960044823119088);
INSERT INTO etapes (id_itineraire, id_checkpoint, position) VALUES (1150,179,0);
INSERT INTO etapes (id_itineraire, id_checkpoint, position) VALUES (1150,138,1);
INSERT INTO etapes (id_itineraire, id_checkpoint, position) VALUES (1150,99,2);
INSERT INTO etapes (id_itineraire, id_checkpoint, position) VALUES (1150,33,3);
INSERT INTO etapes (id_itineraire, id_checkpoint, position) VALUES (1150,29,4);
INSERT INTO etapes (id_itineraire, id_checkpoint, position) VALUES (1150,97,5);
INSERT INTO etapes (id_itineraire, id_checkpoint, position) VALUES (1150,189,6);

INSERT INTO itineraire (id, nom, distance) VALUES (1151, 'itineraire numero 1151',0.04363242865377344);
INSERT INTO etapes (id_itineraire, id_checkpoint, position) VALUES (1151,99,0);
INSERT INTO etapes (id_itineraire, id_checkpoint, position) VALUES (1151,36,1);
INSERT INTO etapes (id_itineraire, id_checkpoint, position) VALUES (1151,30,2);
INSERT INTO etapes (id_itineraire, id_checkpoint, position) VALUES (1151,108,3);
INSERT INTO etapes (id_itineraire, id_checkpoint, position) VALUES (1151,179,4);
INSERT INTO etapes (id_itineraire, id_checkpoint, position) VALUES (1151,189,5);
INSERT INTO etapes (id_itineraire, id_checkpoint, position) VALUES (1151,138,6);

INSERT INTO itineraire (id, nom, distance) VALUES (1152, 'itineraire numero 1152',0.0521999628280491);
INSERT INTO etapes (id_itineraire, id_checkpoint, position) VALUES (1152,179,0);
INSERT INTO etapes (id_itineraire, id_checkpoint, position) VALUES (1152,138,1);
INSERT INTO etapes (id_itineraire, id_checkpoint, position) VALUES (1152,99,2);
INSERT INTO etapes (id_itineraire, id_checkpoint, position) VALUES (1152,33,3);
INSERT INTO etapes (id_itineraire, id_checkpoint, position) VALUES (1152,29,4);
INSERT INTO etapes (id_itineraire, id_checkpoint, position) VALUES (1152,98,5);
INSERT INTO etapes (id_itineraire, id_checkpoint, position) VALUES (1152,181,6);

INSERT INTO itineraire (id, nom, distance) VALUES (1153, 'itineraire numero 1153',0.04485447147172875);
INSERT INTO etapes (id_itineraire, id_checkpoint, position) VALUES (1153,99,0);
INSERT INTO etapes (id_itineraire, id_checkpoint, position) VALUES (1153,36,1);
INSERT INTO etapes (id_itineraire, id_checkpoint, position) VALUES (1153,30,2);
INSERT INTO etapes (id_itineraire, id_checkpoint, position) VALUES (1153,108,3);
INSERT INTO etapes (id_itineraire, id_checkpoint, position) VALUES (1153,179,4);
INSERT INTO etapes (id_itineraire, id_checkpoint, position) VALUES (1153,181,5);
INSERT INTO etapes (id_itineraire, id_checkpoint, position) VALUES (1153,138,6);

INSERT INTO itineraire (id, nom, distance) VALUES (1154, 'itineraire numero 1154',0.0523097552472006);
INSERT INTO etapes (id_itineraire, id_checkpoint, position) VALUES (1154,179,0);
INSERT INTO etapes (id_itineraire, id_checkpoint, position) VALUES (1154,138,1);
INSERT INTO etapes (id_itineraire, id_checkpoint, position) VALUES (1154,99,2);
INSERT INTO etapes (id_itineraire, id_checkpoint, position) VALUES (1154,34,3);
INSERT INTO etapes (id_itineraire, id_checkpoint, position) VALUES (1154,29,4);
INSERT INTO etapes (id_itineraire, id_checkpoint, position) VALUES (1154,98,5);
INSERT INTO etapes (id_itineraire, id_checkpoint, position) VALUES (1154,182,6);

INSERT INTO itineraire (id, nom, distance) VALUES (1155, 'itineraire numero 1155',0.04469896018223662);
INSERT INTO etapes (id_itineraire, id_checkpoint, position) VALUES (1155,99,0);
INSERT INTO etapes (id_itineraire, id_checkpoint, position) VALUES (1155,127,1);
INSERT INTO etapes (id_itineraire, id_checkpoint, position) VALUES (1155,31,2);
INSERT INTO etapes (id_itineraire, id_checkpoint, position) VALUES (1155,108,3);
INSERT INTO etapes (id_itineraire, id_checkpoint, position) VALUES (1155,182,4);
INSERT INTO etapes (id_itineraire, id_checkpoint, position) VALUES (1155,179,5);
INSERT INTO etapes (id_itineraire, id_checkpoint, position) VALUES (1155,138,6);

INSERT INTO itineraire (id, nom, distance) VALUES (1156, 'itineraire numero 1156',0.038413876100291774);
INSERT INTO etapes (id_itineraire, id_checkpoint, position) VALUES (1156,88,0);
INSERT INTO etapes (id_itineraire, id_checkpoint, position) VALUES (1156,127,1);
INSERT INTO etapes (id_itineraire, id_checkpoint, position) VALUES (1156,31,2);
INSERT INTO etapes (id_itineraire, id_checkpoint, position) VALUES (1156,85,3);
INSERT INTO etapes (id_itineraire, id_checkpoint, position) VALUES (1156,99,4);
INSERT INTO etapes (id_itineraire, id_checkpoint, position) VALUES (1156,138,5);
INSERT INTO etapes (id_itineraire, id_checkpoint, position) VALUES (1156,179,6);

INSERT INTO itineraire (id, nom, distance) VALUES (1157, 'itineraire numero 1157',0.04731093865139475);
INSERT INTO etapes (id_itineraire, id_checkpoint, position) VALUES (1157,97,0);
INSERT INTO etapes (id_itineraire, id_checkpoint, position) VALUES (1157,127,1);
INSERT INTO etapes (id_itineraire, id_checkpoint, position) VALUES (1157,31,2);
INSERT INTO etapes (id_itineraire, id_checkpoint, position) VALUES (1157,86,3);
INSERT INTO etapes (id_itineraire, id_checkpoint, position) VALUES (1157,99,4);
INSERT INTO etapes (id_itineraire, id_checkpoint, position) VALUES (1157,138,5);
INSERT INTO etapes (id_itineraire, id_checkpoint, position) VALUES (1157,179,6);

INSERT INTO itineraire (id, nom, distance) VALUES (1158, 'itineraire numero 1158',0.05115459843524822);
INSERT INTO etapes (id_itineraire, id_checkpoint, position) VALUES (1158,148,0);
INSERT INTO etapes (id_itineraire, id_checkpoint, position) VALUES (1158,138,1);
INSERT INTO etapes (id_itineraire, id_checkpoint, position) VALUES (1158,99,2);
INSERT INTO etapes (id_itineraire, id_checkpoint, position) VALUES (1158,34,3);
INSERT INTO etapes (id_itineraire, id_checkpoint, position) VALUES (1158,29,4);
INSERT INTO etapes (id_itineraire, id_checkpoint, position) VALUES (1158,98,5);
INSERT INTO etapes (id_itineraire, id_checkpoint, position) VALUES (1158,179,6);

INSERT INTO itineraire (id, nom, distance) VALUES (1159, 'itineraire numero 1159',0.04974461782153609);
INSERT INTO etapes (id_itineraire, id_checkpoint, position) VALUES (1159,107,0);
INSERT INTO etapes (id_itineraire, id_checkpoint, position) VALUES (1159,127,1);
INSERT INTO etapes (id_itineraire, id_checkpoint, position) VALUES (1159,31,2);
INSERT INTO etapes (id_itineraire, id_checkpoint, position) VALUES (1159,86,3);
INSERT INTO etapes (id_itineraire, id_checkpoint, position) VALUES (1159,99,4);
INSERT INTO etapes (id_itineraire, id_checkpoint, position) VALUES (1159,138,5);
INSERT INTO etapes (id_itineraire, id_checkpoint, position) VALUES (1159,179,6);

INSERT INTO itineraire (id, nom, distance) VALUES (1160, 'itineraire numero 1160',0.053175412923867155);
INSERT INTO etapes (id_itineraire, id_checkpoint, position) VALUES (1160,99,0);
INSERT INTO etapes (id_itineraire, id_checkpoint, position) VALUES (1160,127,1);
INSERT INTO etapes (id_itineraire, id_checkpoint, position) VALUES (1160,31,2);
INSERT INTO etapes (id_itineraire, id_checkpoint, position) VALUES (1160,108,3);
INSERT INTO etapes (id_itineraire, id_checkpoint, position) VALUES (1160,179,4);
INSERT INTO etapes (id_itineraire, id_checkpoint, position) VALUES (1160,232,5);
INSERT INTO etapes (id_itineraire, id_checkpoint, position) VALUES (1160,138,6);

INSERT INTO itineraire (id, nom, distance) VALUES (1161, 'itineraire numero 1161',0.051354337072548675);
INSERT INTO etapes (id_itineraire, id_checkpoint, position) VALUES (1161,99,0);
INSERT INTO etapes (id_itineraire, id_checkpoint, position) VALUES (1161,127,1);
INSERT INTO etapes (id_itineraire, id_checkpoint, position) VALUES (1161,31,2);
INSERT INTO etapes (id_itineraire, id_checkpoint, position) VALUES (1161,108,3);
INSERT INTO etapes (id_itineraire, id_checkpoint, position) VALUES (1161,260,4);
INSERT INTO etapes (id_itineraire, id_checkpoint, position) VALUES (1161,179,5);
INSERT INTO etapes (id_itineraire, id_checkpoint, position) VALUES (1161,138,6);

INSERT INTO itineraire (id, nom, distance) VALUES (1162, 'itineraire numero 1162',0.044772228176707965);
INSERT INTO etapes (id_itineraire, id_checkpoint, position) VALUES (1162,99,0);
INSERT INTO etapes (id_itineraire, id_checkpoint, position) VALUES (1162,127,1);
INSERT INTO etapes (id_itineraire, id_checkpoint, position) VALUES (1162,31,2);
INSERT INTO etapes (id_itineraire, id_checkpoint, position) VALUES (1162,108,3);
INSERT INTO etapes (id_itineraire, id_checkpoint, position) VALUES (1162,179,4);
INSERT INTO etapes (id_itineraire, id_checkpoint, position) VALUES (1162,138,5);
INSERT INTO etapes (id_itineraire, id_checkpoint, position) VALUES (1162,267,6);

INSERT INTO itineraire (id, nom, distance) VALUES (1163, 'itineraire numero 1163',0.051504708465120896);
INSERT INTO etapes (id_itineraire, id_checkpoint, position) VALUES (1163,148,0);
INSERT INTO etapes (id_itineraire, id_checkpoint, position) VALUES (1163,99,1);
INSERT INTO etapes (id_itineraire, id_checkpoint, position) VALUES (1163,34,2);
INSERT INTO etapes (id_itineraire, id_checkpoint, position) VALUES (1163,30,3);
INSERT INTO etapes (id_itineraire, id_checkpoint, position) VALUES (1163,109,4);
INSERT INTO etapes (id_itineraire, id_checkpoint, position) VALUES (1163,179,5);
INSERT INTO etapes (id_itineraire, id_checkpoint, position) VALUES (1163,138,6);

INSERT INTO itineraire (id, nom, distance) VALUES (1164, 'itineraire numero 1164',0.04750986222090552);
INSERT INTO etapes (id_itineraire, id_checkpoint, position) VALUES (1164,179,0);
INSERT INTO etapes (id_itineraire, id_checkpoint, position) VALUES (1164,292,1);
INSERT INTO etapes (id_itineraire, id_checkpoint, position) VALUES (1164,138,2);
INSERT INTO etapes (id_itineraire, id_checkpoint, position) VALUES (1164,310,3);
INSERT INTO etapes (id_itineraire, id_checkpoint, position) VALUES (1164,86,4);
INSERT INTO etapes (id_itineraire, id_checkpoint, position) VALUES (1164,36,5);
INSERT INTO etapes (id_itineraire, id_checkpoint, position) VALUES (1164,95,6);

INSERT INTO itineraire (id, nom, distance) VALUES (1165, 'itineraire numero 1165',0.041740167614824665);
INSERT INTO etapes (id_itineraire, id_checkpoint, position) VALUES (1165,179,0);
INSERT INTO etapes (id_itineraire, id_checkpoint, position) VALUES (1165,72,1);
INSERT INTO etapes (id_itineraire, id_checkpoint, position) VALUES (1165,292,2);
INSERT INTO etapes (id_itineraire, id_checkpoint, position) VALUES (1165,138,3);
INSERT INTO etapes (id_itineraire, id_checkpoint, position) VALUES (1165,312,4);
INSERT INTO etapes (id_itineraire, id_checkpoint, position) VALUES (1165,127,5);
INSERT INTO etapes (id_itineraire, id_checkpoint, position) VALUES (1165,95,6);

INSERT INTO itineraire (id, nom, distance) VALUES (1166, 'itineraire numero 1166',0.041903586654393594);
INSERT INTO etapes (id_itineraire, id_checkpoint, position) VALUES (1166,179,0);
INSERT INTO etapes (id_itineraire, id_checkpoint, position) VALUES (1166,263,1);
INSERT INTO etapes (id_itineraire, id_checkpoint, position) VALUES (1166,292,2);
INSERT INTO etapes (id_itineraire, id_checkpoint, position) VALUES (1166,138,3);
INSERT INTO etapes (id_itineraire, id_checkpoint, position) VALUES (1166,312,4);
INSERT INTO etapes (id_itineraire, id_checkpoint, position) VALUES (1166,127,5);
INSERT INTO etapes (id_itineraire, id_checkpoint, position) VALUES (1166,95,6);

INSERT INTO itineraire (id, nom, distance) VALUES (1167, 'itineraire numero 1167',0.04440436961728605);
INSERT INTO etapes (id_itineraire, id_checkpoint, position) VALUES (1167,179,0);
INSERT INTO etapes (id_itineraire, id_checkpoint, position) VALUES (1167,268,1);
INSERT INTO etapes (id_itineraire, id_checkpoint, position) VALUES (1167,292,2);
INSERT INTO etapes (id_itineraire, id_checkpoint, position) VALUES (1167,138,3);
INSERT INTO etapes (id_itineraire, id_checkpoint, position) VALUES (1167,312,4);
INSERT INTO etapes (id_itineraire, id_checkpoint, position) VALUES (1167,127,5);
INSERT INTO etapes (id_itineraire, id_checkpoint, position) VALUES (1167,95,6);

INSERT INTO itineraire (id, nom, distance) VALUES (1168, 'itineraire numero 1168',0.04322472475392978);
INSERT INTO etapes (id_itineraire, id_checkpoint, position) VALUES (1168,256,0);
INSERT INTO etapes (id_itineraire, id_checkpoint, position) VALUES (1168,292,1);
INSERT INTO etapes (id_itineraire, id_checkpoint, position) VALUES (1168,179,2);
INSERT INTO etapes (id_itineraire, id_checkpoint, position) VALUES (1168,138,3);
INSERT INTO etapes (id_itineraire, id_checkpoint, position) VALUES (1168,312,4);
INSERT INTO etapes (id_itineraire, id_checkpoint, position) VALUES (1168,127,5);
INSERT INTO etapes (id_itineraire, id_checkpoint, position) VALUES (1168,95,6);

INSERT INTO itineraire (id, nom, distance) VALUES (1169, 'itineraire numero 1169',0.045616402071932925);
INSERT INTO etapes (id_itineraire, id_checkpoint, position) VALUES (1169,179,0);
INSERT INTO etapes (id_itineraire, id_checkpoint, position) VALUES (1169,255,1);
INSERT INTO etapes (id_itineraire, id_checkpoint, position) VALUES (1169,292,2);
INSERT INTO etapes (id_itineraire, id_checkpoint, position) VALUES (1169,138,3);
INSERT INTO etapes (id_itineraire, id_checkpoint, position) VALUES (1169,312,4);
INSERT INTO etapes (id_itineraire, id_checkpoint, position) VALUES (1169,127,5);
INSERT INTO etapes (id_itineraire, id_checkpoint, position) VALUES (1169,95,6);

INSERT INTO itineraire (id, nom, distance) VALUES (1170, 'itineraire numero 1170',0.058611967614737324);
INSERT INTO etapes (id_itineraire, id_checkpoint, position) VALUES (1170,229,0);
INSERT INTO etapes (id_itineraire, id_checkpoint, position) VALUES (1170,127,1);
INSERT INTO etapes (id_itineraire, id_checkpoint, position) VALUES (1170,95,2);
INSERT INTO etapes (id_itineraire, id_checkpoint, position) VALUES (1170,86,3);
INSERT INTO etapes (id_itineraire, id_checkpoint, position) VALUES (1170,312,4);
INSERT INTO etapes (id_itineraire, id_checkpoint, position) VALUES (1170,138,5);
INSERT INTO etapes (id_itineraire, id_checkpoint, position) VALUES (1170,179,6);

INSERT INTO itineraire (id, nom, distance) VALUES (1171, 'itineraire numero 1171',0.05952296585346001);
INSERT INTO etapes (id_itineraire, id_checkpoint, position) VALUES (1171,179,0);
INSERT INTO etapes (id_itineraire, id_checkpoint, position) VALUES (1171,230,1);
INSERT INTO etapes (id_itineraire, id_checkpoint, position) VALUES (1171,34,2);
INSERT INTO etapes (id_itineraire, id_checkpoint, position) VALUES (1171,95,3);
INSERT INTO etapes (id_itineraire, id_checkpoint, position) VALUES (1171,86,4);
INSERT INTO etapes (id_itineraire, id_checkpoint, position) VALUES (1171,98,5);
INSERT INTO etapes (id_itineraire, id_checkpoint, position) VALUES (1171,138,6);

INSERT INTO itineraire (id, nom, distance) VALUES (1172, 'itineraire numero 1172',0.05040042500389689);
INSERT INTO etapes (id_itineraire, id_checkpoint, position) VALUES (1172,138,0);
INSERT INTO etapes (id_itineraire, id_checkpoint, position) VALUES (1172,263,1);
INSERT INTO etapes (id_itineraire, id_checkpoint, position) VALUES (1172,195,2);
INSERT INTO etapes (id_itineraire, id_checkpoint, position) VALUES (1172,34,3);
INSERT INTO etapes (id_itineraire, id_checkpoint, position) VALUES (1172,29,4);
INSERT INTO etapes (id_itineraire, id_checkpoint, position) VALUES (1172,98,5);
INSERT INTO etapes (id_itineraire, id_checkpoint, position) VALUES (1172,179,6);

INSERT INTO itineraire (id, nom, distance) VALUES (1173, 'itineraire numero 1173',0.04856568822176732);
INSERT INTO etapes (id_itineraire, id_checkpoint, position) VALUES (1173,138,0);
INSERT INTO etapes (id_itineraire, id_checkpoint, position) VALUES (1173,268,1);
INSERT INTO etapes (id_itineraire, id_checkpoint, position) VALUES (1173,195,2);
INSERT INTO etapes (id_itineraire, id_checkpoint, position) VALUES (1173,34,3);
INSERT INTO etapes (id_itineraire, id_checkpoint, position) VALUES (1173,29,4);
INSERT INTO etapes (id_itineraire, id_checkpoint, position) VALUES (1173,98,5);
INSERT INTO etapes (id_itineraire, id_checkpoint, position) VALUES (1173,179,6);

INSERT INTO itineraire (id, nom, distance) VALUES (1174, 'itineraire numero 1174',0.0483780035307564);
INSERT INTO etapes (id_itineraire, id_checkpoint, position) VALUES (1174,138,0);
INSERT INTO etapes (id_itineraire, id_checkpoint, position) VALUES (1174,256,1);
INSERT INTO etapes (id_itineraire, id_checkpoint, position) VALUES (1174,195,2);
INSERT INTO etapes (id_itineraire, id_checkpoint, position) VALUES (1174,34,3);
INSERT INTO etapes (id_itineraire, id_checkpoint, position) VALUES (1174,29,4);
INSERT INTO etapes (id_itineraire, id_checkpoint, position) VALUES (1174,98,5);
INSERT INTO etapes (id_itineraire, id_checkpoint, position) VALUES (1174,179,6);

INSERT INTO itineraire (id, nom, distance) VALUES (1175, 'itineraire numero 1175',0.04909827372599925);
INSERT INTO etapes (id_itineraire, id_checkpoint, position) VALUES (1175,138,0);
INSERT INTO etapes (id_itineraire, id_checkpoint, position) VALUES (1175,255,1);
INSERT INTO etapes (id_itineraire, id_checkpoint, position) VALUES (1175,195,2);
INSERT INTO etapes (id_itineraire, id_checkpoint, position) VALUES (1175,34,3);
INSERT INTO etapes (id_itineraire, id_checkpoint, position) VALUES (1175,29,4);
INSERT INTO etapes (id_itineraire, id_checkpoint, position) VALUES (1175,98,5);
INSERT INTO etapes (id_itineraire, id_checkpoint, position) VALUES (1175,179,6);

INSERT INTO itineraire (id, nom, distance) VALUES (1176, 'itineraire numero 1176',0.03713234371874957);
INSERT INTO etapes (id_itineraire, id_checkpoint, position) VALUES (1176,195,0);
INSERT INTO etapes (id_itineraire, id_checkpoint, position) VALUES (1176,127,1);
INSERT INTO etapes (id_itineraire, id_checkpoint, position) VALUES (1176,31,2);
INSERT INTO etapes (id_itineraire, id_checkpoint, position) VALUES (1176,108,3);
INSERT INTO etapes (id_itineraire, id_checkpoint, position) VALUES (1176,179,4);
INSERT INTO etapes (id_itineraire, id_checkpoint, position) VALUES (1176,71,5);
INSERT INTO etapes (id_itineraire, id_checkpoint, position) VALUES (1176,138,6);

INSERT INTO itineraire (id, nom, distance) VALUES (1177, 'itineraire numero 1177',0.03671881484850965);
INSERT INTO etapes (id_itineraire, id_checkpoint, position) VALUES (1177,195,0);
INSERT INTO etapes (id_itineraire, id_checkpoint, position) VALUES (1177,127,1);
INSERT INTO etapes (id_itineraire, id_checkpoint, position) VALUES (1177,31,2);
INSERT INTO etapes (id_itineraire, id_checkpoint, position) VALUES (1177,108,3);
INSERT INTO etapes (id_itineraire, id_checkpoint, position) VALUES (1177,179,4);
INSERT INTO etapes (id_itineraire, id_checkpoint, position) VALUES (1177,72,5);
INSERT INTO etapes (id_itineraire, id_checkpoint, position) VALUES (1177,138,6);

INSERT INTO itineraire (id, nom, distance) VALUES (1178, 'itineraire numero 1178',0.0421816928182837);
INSERT INTO etapes (id_itineraire, id_checkpoint, position) VALUES (1178,195,0);
INSERT INTO etapes (id_itineraire, id_checkpoint, position) VALUES (1178,127,1);
INSERT INTO etapes (id_itineraire, id_checkpoint, position) VALUES (1178,31,2);
INSERT INTO etapes (id_itineraire, id_checkpoint, position) VALUES (1178,108,3);
INSERT INTO etapes (id_itineraire, id_checkpoint, position) VALUES (1178,179,4);
INSERT INTO etapes (id_itineraire, id_checkpoint, position) VALUES (1178,138,5);
INSERT INTO etapes (id_itineraire, id_checkpoint, position) VALUES (1178,262,6);

INSERT INTO itineraire (id, nom, distance) VALUES (1179, 'itineraire numero 1179',0.038398401971362045);
INSERT INTO etapes (id_itineraire, id_checkpoint, position) VALUES (1179,195,0);
INSERT INTO etapes (id_itineraire, id_checkpoint, position) VALUES (1179,127,1);
INSERT INTO etapes (id_itineraire, id_checkpoint, position) VALUES (1179,31,2);
INSERT INTO etapes (id_itineraire, id_checkpoint, position) VALUES (1179,108,3);
INSERT INTO etapes (id_itineraire, id_checkpoint, position) VALUES (1179,179,4);
INSERT INTO etapes (id_itineraire, id_checkpoint, position) VALUES (1179,263,5);
INSERT INTO etapes (id_itineraire, id_checkpoint, position) VALUES (1179,138,6);

INSERT INTO itineraire (id, nom, distance) VALUES (1180, 'itineraire numero 1180',0.039184230640793426);
INSERT INTO etapes (id_itineraire, id_checkpoint, position) VALUES (1180,195,0);
INSERT INTO etapes (id_itineraire, id_checkpoint, position) VALUES (1180,128,1);
INSERT INTO etapes (id_itineraire, id_checkpoint, position) VALUES (1180,31,2);
INSERT INTO etapes (id_itineraire, id_checkpoint, position) VALUES (1180,109,3);
INSERT INTO etapes (id_itineraire, id_checkpoint, position) VALUES (1180,179,4);
INSERT INTO etapes (id_itineraire, id_checkpoint, position) VALUES (1180,268,5);
INSERT INTO etapes (id_itineraire, id_checkpoint, position) VALUES (1180,138,6);

INSERT INTO itineraire (id, nom, distance) VALUES (1181, 'itineraire numero 1181',0.03809186321899287);
INSERT INTO etapes (id_itineraire, id_checkpoint, position) VALUES (1181,195,0);
INSERT INTO etapes (id_itineraire, id_checkpoint, position) VALUES (1181,128,1);
INSERT INTO etapes (id_itineraire, id_checkpoint, position) VALUES (1181,31,2);
INSERT INTO etapes (id_itineraire, id_checkpoint, position) VALUES (1181,109,3);
INSERT INTO etapes (id_itineraire, id_checkpoint, position) VALUES (1181,179,4);
INSERT INTO etapes (id_itineraire, id_checkpoint, position) VALUES (1181,256,5);
INSERT INTO etapes (id_itineraire, id_checkpoint, position) VALUES (1181,138,6);

INSERT INTO itineraire (id, nom, distance) VALUES (1182, 'itineraire numero 1182',0.039279111846273924);
INSERT INTO etapes (id_itineraire, id_checkpoint, position) VALUES (1182,196,0);
INSERT INTO etapes (id_itineraire, id_checkpoint, position) VALUES (1182,128,1);
INSERT INTO etapes (id_itineraire, id_checkpoint, position) VALUES (1182,31,2);
INSERT INTO etapes (id_itineraire, id_checkpoint, position) VALUES (1182,109,3);
INSERT INTO etapes (id_itineraire, id_checkpoint, position) VALUES (1182,179,4);
INSERT INTO etapes (id_itineraire, id_checkpoint, position) VALUES (1182,255,5);
INSERT INTO etapes (id_itineraire, id_checkpoint, position) VALUES (1182,138,6);

INSERT INTO itineraire (id, nom, distance) VALUES (1183, 'itineraire numero 1183',0.04716865197732248);
INSERT INTO etapes (id_itineraire, id_checkpoint, position) VALUES (1183,179,0);
INSERT INTO etapes (id_itineraire, id_checkpoint, position) VALUES (1183,138,1);
INSERT INTO etapes (id_itineraire, id_checkpoint, position) VALUES (1183,224,2);
INSERT INTO etapes (id_itineraire, id_checkpoint, position) VALUES (1183,86,3);
INSERT INTO etapes (id_itineraire, id_checkpoint, position) VALUES (1183,33,4);
INSERT INTO etapes (id_itineraire, id_checkpoint, position) VALUES (1183,31,5);
INSERT INTO etapes (id_itineraire, id_checkpoint, position) VALUES (1183,309,6);

INSERT INTO itineraire (id, nom, distance) VALUES (1184, 'itineraire numero 1184',0.05315472873928963);
INSERT INTO etapes (id_itineraire, id_checkpoint, position) VALUES (1184,179,0);
INSERT INTO etapes (id_itineraire, id_checkpoint, position) VALUES (1184,224,1);
INSERT INTO etapes (id_itineraire, id_checkpoint, position) VALUES (1184,34,2);
INSERT INTO etapes (id_itineraire, id_checkpoint, position) VALUES (1184,30,3);
INSERT INTO etapes (id_itineraire, id_checkpoint, position) VALUES (1184,312,4);
INSERT INTO etapes (id_itineraire, id_checkpoint, position) VALUES (1184,71,5);
INSERT INTO etapes (id_itineraire, id_checkpoint, position) VALUES (1184,138,6);

INSERT INTO itineraire (id, nom, distance) VALUES (1185, 'itineraire numero 1185',0.05358526237004213);
INSERT INTO etapes (id_itineraire, id_checkpoint, position) VALUES (1185,179,0);
INSERT INTO etapes (id_itineraire, id_checkpoint, position) VALUES (1185,138,1);
INSERT INTO etapes (id_itineraire, id_checkpoint, position) VALUES (1185,224,2);
INSERT INTO etapes (id_itineraire, id_checkpoint, position) VALUES (1185,34,3);
INSERT INTO etapes (id_itineraire, id_checkpoint, position) VALUES (1185,30,4);
INSERT INTO etapes (id_itineraire, id_checkpoint, position) VALUES (1185,312,5);
INSERT INTO etapes (id_itineraire, id_checkpoint, position) VALUES (1185,72,6);

INSERT INTO itineraire (id, nom, distance) VALUES (1186, 'itineraire numero 1186',0.05298641364663237);
INSERT INTO etapes (id_itineraire, id_checkpoint, position) VALUES (1186,179,0);
INSERT INTO etapes (id_itineraire, id_checkpoint, position) VALUES (1186,138,1);
INSERT INTO etapes (id_itineraire, id_checkpoint, position) VALUES (1186,224,2);
INSERT INTO etapes (id_itineraire, id_checkpoint, position) VALUES (1186,34,3);
INSERT INTO etapes (id_itineraire, id_checkpoint, position) VALUES (1186,30,4);
INSERT INTO etapes (id_itineraire, id_checkpoint, position) VALUES (1186,312,5);
INSERT INTO etapes (id_itineraire, id_checkpoint, position) VALUES (1186,262,6);

INSERT INTO itineraire (id, nom, distance) VALUES (1187, 'itineraire numero 1187',0.04173217648792305);
INSERT INTO etapes (id_itineraire, id_checkpoint, position) VALUES (1187,179,0);
INSERT INTO etapes (id_itineraire, id_checkpoint, position) VALUES (1187,263,1);
INSERT INTO etapes (id_itineraire, id_checkpoint, position) VALUES (1187,138,2);
INSERT INTO etapes (id_itineraire, id_checkpoint, position) VALUES (1187,224,3);
INSERT INTO etapes (id_itineraire, id_checkpoint, position) VALUES (1187,33,4);
INSERT INTO etapes (id_itineraire, id_checkpoint, position) VALUES (1187,31,5);
INSERT INTO etapes (id_itineraire, id_checkpoint, position) VALUES (1187,309,6);

INSERT INTO itineraire (id, nom, distance) VALUES (1188, 'itineraire numero 1188',0.042518005157354426);
INSERT INTO etapes (id_itineraire, id_checkpoint, position) VALUES (1188,179,0);
INSERT INTO etapes (id_itineraire, id_checkpoint, position) VALUES (1188,268,1);
INSERT INTO etapes (id_itineraire, id_checkpoint, position) VALUES (1188,138,2);
INSERT INTO etapes (id_itineraire, id_checkpoint, position) VALUES (1188,224,3);
INSERT INTO etapes (id_itineraire, id_checkpoint, position) VALUES (1188,33,4);
INSERT INTO etapes (id_itineraire, id_checkpoint, position) VALUES (1188,32,5);
INSERT INTO etapes (id_itineraire, id_checkpoint, position) VALUES (1188,309,6);

INSERT INTO itineraire (id, nom, distance) VALUES (1189, 'itineraire numero 1189',0.041425637735553876);
INSERT INTO etapes (id_itineraire, id_checkpoint, position) VALUES (1189,179,0);
INSERT INTO etapes (id_itineraire, id_checkpoint, position) VALUES (1189,256,1);
INSERT INTO etapes (id_itineraire, id_checkpoint, position) VALUES (1189,138,2);
INSERT INTO etapes (id_itineraire, id_checkpoint, position) VALUES (1189,224,3);
INSERT INTO etapes (id_itineraire, id_checkpoint, position) VALUES (1189,34,4);
INSERT INTO etapes (id_itineraire, id_checkpoint, position) VALUES (1189,32,5);
INSERT INTO etapes (id_itineraire, id_checkpoint, position) VALUES (1189,309,6);

INSERT INTO itineraire (id, nom, distance) VALUES (1190, 'itineraire numero 1190',0.042612886362834924);
INSERT INTO etapes (id_itineraire, id_checkpoint, position) VALUES (1190,179,0);
INSERT INTO etapes (id_itineraire, id_checkpoint, position) VALUES (1190,255,1);
INSERT INTO etapes (id_itineraire, id_checkpoint, position) VALUES (1190,138,2);
INSERT INTO etapes (id_itineraire, id_checkpoint, position) VALUES (1190,224,3);
INSERT INTO etapes (id_itineraire, id_checkpoint, position) VALUES (1190,34,4);
INSERT INTO etapes (id_itineraire, id_checkpoint, position) VALUES (1190,32,5);
INSERT INTO etapes (id_itineraire, id_checkpoint, position) VALUES (1190,309,6);

INSERT INTO itineraire (id, nom, distance) VALUES (1191, 'itineraire numero 1191',0.03815742784332331);
INSERT INTO etapes (id_itineraire, id_checkpoint, position) VALUES (1191,88,0);
INSERT INTO etapes (id_itineraire, id_checkpoint, position) VALUES (1191,128,1);
INSERT INTO etapes (id_itineraire, id_checkpoint, position) VALUES (1191,31,2);
INSERT INTO etapes (id_itineraire, id_checkpoint, position) VALUES (1191,86,3);
INSERT INTO etapes (id_itineraire, id_checkpoint, position) VALUES (1191,224,4);
INSERT INTO etapes (id_itineraire, id_checkpoint, position) VALUES (1191,138,5);
INSERT INTO etapes (id_itineraire, id_checkpoint, position) VALUES (1191,179,6);

INSERT INTO itineraire (id, nom, distance) VALUES (1192, 'itineraire numero 1192',0.03316668816411436);
INSERT INTO etapes (id_itineraire, id_checkpoint, position) VALUES (1192,88,0);
INSERT INTO etapes (id_itineraire, id_checkpoint, position) VALUES (1192,128,1);
INSERT INTO etapes (id_itineraire, id_checkpoint, position) VALUES (1192,32,2);
INSERT INTO etapes (id_itineraire, id_checkpoint, position) VALUES (1192,224,3);
INSERT INTO etapes (id_itineraire, id_checkpoint, position) VALUES (1192,179,4);
INSERT INTO etapes (id_itineraire, id_checkpoint, position) VALUES (1192,138,5);
INSERT INTO etapes (id_itineraire, id_checkpoint, position) VALUES (1192,71,6);

INSERT INTO itineraire (id, nom, distance) VALUES (1193, 'itineraire numero 1193',0.032304443639660424);
INSERT INTO etapes (id_itineraire, id_checkpoint, position) VALUES (1193,88,0);
INSERT INTO etapes (id_itineraire, id_checkpoint, position) VALUES (1193,128,1);
INSERT INTO etapes (id_itineraire, id_checkpoint, position) VALUES (1193,32,2);
INSERT INTO etapes (id_itineraire, id_checkpoint, position) VALUES (1193,224,3);
INSERT INTO etapes (id_itineraire, id_checkpoint, position) VALUES (1193,179,4);
INSERT INTO etapes (id_itineraire, id_checkpoint, position) VALUES (1193,138,5);
INSERT INTO etapes (id_itineraire, id_checkpoint, position) VALUES (1193,72,6);

INSERT INTO itineraire (id, nom, distance) VALUES (1194, 'itineraire numero 1194',0.04705449039442628);
INSERT INTO etapes (id_itineraire, id_checkpoint, position) VALUES (1194,97,0);
INSERT INTO etapes (id_itineraire, id_checkpoint, position) VALUES (1194,128,1);
INSERT INTO etapes (id_itineraire, id_checkpoint, position) VALUES (1194,32,2);
INSERT INTO etapes (id_itineraire, id_checkpoint, position) VALUES (1194,86,3);
INSERT INTO etapes (id_itineraire, id_checkpoint, position) VALUES (1194,224,4);
INSERT INTO etapes (id_itineraire, id_checkpoint, position) VALUES (1194,138,5);
INSERT INTO etapes (id_itineraire, id_checkpoint, position) VALUES (1194,179,6);

INSERT INTO itineraire (id, nom, distance) VALUES (1195, 'itineraire numero 1195',0.050124970220136476);
INSERT INTO etapes (id_itineraire, id_checkpoint, position) VALUES (1195,179,0);
INSERT INTO etapes (id_itineraire, id_checkpoint, position) VALUES (1195,138,1);
INSERT INTO etapes (id_itineraire, id_checkpoint, position) VALUES (1195,224,2);
INSERT INTO etapes (id_itineraire, id_checkpoint, position) VALUES (1195,34,3);
INSERT INTO etapes (id_itineraire, id_checkpoint, position) VALUES (1195,30,4);
INSERT INTO etapes (id_itineraire, id_checkpoint, position) VALUES (1195,100,5);
INSERT INTO etapes (id_itineraire, id_checkpoint, position) VALUES (1195,71,6);

INSERT INTO itineraire (id, nom, distance) VALUES (1196, 'itineraire numero 1196',0.05059237210650616);
INSERT INTO etapes (id_itineraire, id_checkpoint, position) VALUES (1196,179,0);
INSERT INTO etapes (id_itineraire, id_checkpoint, position) VALUES (1196,138,1);
INSERT INTO etapes (id_itineraire, id_checkpoint, position) VALUES (1196,224,2);
INSERT INTO etapes (id_itineraire, id_checkpoint, position) VALUES (1196,34,3);
INSERT INTO etapes (id_itineraire, id_checkpoint, position) VALUES (1196,30,4);
INSERT INTO etapes (id_itineraire, id_checkpoint, position) VALUES (1196,100,5);
INSERT INTO etapes (id_itineraire, id_checkpoint, position) VALUES (1196,72,6);

INSERT INTO itineraire (id, nom, distance) VALUES (1197, 'itineraire numero 1197',0.04659618359356836);
INSERT INTO etapes (id_itineraire, id_checkpoint, position) VALUES (1197,179,0);
INSERT INTO etapes (id_itineraire, id_checkpoint, position) VALUES (1197,138,1);
INSERT INTO etapes (id_itineraire, id_checkpoint, position) VALUES (1197,224,2);
INSERT INTO etapes (id_itineraire, id_checkpoint, position) VALUES (1197,34,3);
INSERT INTO etapes (id_itineraire, id_checkpoint, position) VALUES (1197,30,4);
INSERT INTO etapes (id_itineraire, id_checkpoint, position) VALUES (1197,100,5);
INSERT INTO etapes (id_itineraire, id_checkpoint, position) VALUES (1197,262,6);

INSERT INTO itineraire (id, nom, distance) VALUES (1198, 'itineraire numero 1198',0.03935748373322356);
INSERT INTO etapes (id_itineraire, id_checkpoint, position) VALUES (1198,224,0);
INSERT INTO etapes (id_itineraire, id_checkpoint, position) VALUES (1198,128,1);
INSERT INTO etapes (id_itineraire, id_checkpoint, position) VALUES (1198,32,2);
INSERT INTO etapes (id_itineraire, id_checkpoint, position) VALUES (1198,109,3);
INSERT INTO etapes (id_itineraire, id_checkpoint, position) VALUES (1198,179,4);
INSERT INTO etapes (id_itineraire, id_checkpoint, position) VALUES (1198,71,5);
INSERT INTO etapes (id_itineraire, id_checkpoint, position) VALUES (1198,138,6);

INSERT INTO itineraire (id, nom, distance) VALUES (1199, 'itineraire numero 1199',0.03894395486298363);
INSERT INTO etapes (id_itineraire, id_checkpoint, position) VALUES (1199,224,0);
INSERT INTO etapes (id_itineraire, id_checkpoint, position) VALUES (1199,128,1);
INSERT INTO etapes (id_itineraire, id_checkpoint, position) VALUES (1199,32,2);
INSERT INTO etapes (id_itineraire, id_checkpoint, position) VALUES (1199,109,3);
INSERT INTO etapes (id_itineraire, id_checkpoint, position) VALUES (1199,179,4);
INSERT INTO etapes (id_itineraire, id_checkpoint, position) VALUES (1199,72,5);
INSERT INTO etapes (id_itineraire, id_checkpoint, position) VALUES (1199,138,6);

INSERT INTO itineraire (id, nom, distance) VALUES (1200, 'itineraire numero 1200',0.04062354198583604);
INSERT INTO etapes (id_itineraire, id_checkpoint, position) VALUES (1200,224,0);
INSERT INTO etapes (id_itineraire, id_checkpoint, position) VALUES (1200,128,1);
INSERT INTO etapes (id_itineraire, id_checkpoint, position) VALUES (1200,32,2);
INSERT INTO etapes (id_itineraire, id_checkpoint, position) VALUES (1200,109,3);
INSERT INTO etapes (id_itineraire, id_checkpoint, position) VALUES (1200,179,4);
INSERT INTO etapes (id_itineraire, id_checkpoint, position) VALUES (1200,263,5);
INSERT INTO etapes (id_itineraire, id_checkpoint, position) VALUES (1200,138,6);

INSERT INTO itineraire (id, nom, distance) VALUES (1201, 'itineraire numero 1201',0.04140937065526741);
INSERT INTO etapes (id_itineraire, id_checkpoint, position) VALUES (1201,224,0);
INSERT INTO etapes (id_itineraire, id_checkpoint, position) VALUES (1201,128,1);
INSERT INTO etapes (id_itineraire, id_checkpoint, position) VALUES (1201,32,2);
INSERT INTO etapes (id_itineraire, id_checkpoint, position) VALUES (1201,109,3);
INSERT INTO etapes (id_itineraire, id_checkpoint, position) VALUES (1201,179,4);
INSERT INTO etapes (id_itineraire, id_checkpoint, position) VALUES (1201,268,5);
INSERT INTO etapes (id_itineraire, id_checkpoint, position) VALUES (1201,138,6);

INSERT INTO itineraire (id, nom, distance) VALUES (1202, 'itineraire numero 1202',0.040317003233466854);
INSERT INTO etapes (id_itineraire, id_checkpoint, position) VALUES (1202,224,0);
INSERT INTO etapes (id_itineraire, id_checkpoint, position) VALUES (1202,128,1);
INSERT INTO etapes (id_itineraire, id_checkpoint, position) VALUES (1202,32,2);
INSERT INTO etapes (id_itineraire, id_checkpoint, position) VALUES (1202,109,3);
INSERT INTO etapes (id_itineraire, id_checkpoint, position) VALUES (1202,179,4);
INSERT INTO etapes (id_itineraire, id_checkpoint, position) VALUES (1202,256,5);
INSERT INTO etapes (id_itineraire, id_checkpoint, position) VALUES (1202,138,6);

INSERT INTO itineraire (id, nom, distance) VALUES (1203, 'itineraire numero 1203',0.041519449588232483);
INSERT INTO etapes (id_itineraire, id_checkpoint, position) VALUES (1203,224,0);
INSERT INTO etapes (id_itineraire, id_checkpoint, position) VALUES (1203,125,1);
INSERT INTO etapes (id_itineraire, id_checkpoint, position) VALUES (1203,34,2);
INSERT INTO etapes (id_itineraire, id_checkpoint, position) VALUES (1203,109,3);
INSERT INTO etapes (id_itineraire, id_checkpoint, position) VALUES (1203,179,4);
INSERT INTO etapes (id_itineraire, id_checkpoint, position) VALUES (1203,255,5);
INSERT INTO etapes (id_itineraire, id_checkpoint, position) VALUES (1203,138,6);

INSERT INTO itineraire (id, nom, distance) VALUES (1204, 'itineraire numero 1204',0.049410382859659256);
INSERT INTO etapes (id_itineraire, id_checkpoint, position) VALUES (1204,229,0);
INSERT INTO etapes (id_itineraire, id_checkpoint, position) VALUES (1204,25,1);
INSERT INTO etapes (id_itineraire, id_checkpoint, position) VALUES (1204,34,2);
INSERT INTO etapes (id_itineraire, id_checkpoint, position) VALUES (1204,310,3);
INSERT INTO etapes (id_itineraire, id_checkpoint, position) VALUES (1204,138,4);
INSERT INTO etapes (id_itineraire, id_checkpoint, position) VALUES (1204,189,5);
INSERT INTO etapes (id_itineraire, id_checkpoint, position) VALUES (1204,179,6);

INSERT INTO itineraire (id, nom, distance) VALUES (1205, 'itineraire numero 1205',0.03650924380316181);
INSERT INTO etapes (id_itineraire, id_checkpoint, position) VALUES (1205,244,0);
INSERT INTO etapes (id_itineraire, id_checkpoint, position) VALUES (1205,125,1);
INSERT INTO etapes (id_itineraire, id_checkpoint, position) VALUES (1205,35,2);
INSERT INTO etapes (id_itineraire, id_checkpoint, position) VALUES (1205,310,3);
INSERT INTO etapes (id_itineraire, id_checkpoint, position) VALUES (1205,138,4);
INSERT INTO etapes (id_itineraire, id_checkpoint, position) VALUES (1205,189,5);
INSERT INTO etapes (id_itineraire, id_checkpoint, position) VALUES (1205,179,6);

INSERT INTO itineraire (id, nom, distance) VALUES (1206, 'itineraire numero 1206',0.03717236999929352);
INSERT INTO etapes (id_itineraire, id_checkpoint, position) VALUES (1206,242,0);
INSERT INTO etapes (id_itineraire, id_checkpoint, position) VALUES (1206,125,1);
INSERT INTO etapes (id_itineraire, id_checkpoint, position) VALUES (1206,35,2);
INSERT INTO etapes (id_itineraire, id_checkpoint, position) VALUES (1206,310,3);
INSERT INTO etapes (id_itineraire, id_checkpoint, position) VALUES (1206,138,4);
INSERT INTO etapes (id_itineraire, id_checkpoint, position) VALUES (1206,189,5);
INSERT INTO etapes (id_itineraire, id_checkpoint, position) VALUES (1206,179,6);

INSERT INTO itineraire (id, nom, distance) VALUES (1207, 'itineraire numero 1207',0.03820792170414242);
INSERT INTO etapes (id_itineraire, id_checkpoint, position) VALUES (1207,25,0);
INSERT INTO etapes (id_itineraire, id_checkpoint, position) VALUES (1207,125,1);
INSERT INTO etapes (id_itineraire, id_checkpoint, position) VALUES (1207,35,2);
INSERT INTO etapes (id_itineraire, id_checkpoint, position) VALUES (1207,311,3);
INSERT INTO etapes (id_itineraire, id_checkpoint, position) VALUES (1207,138,4);
INSERT INTO etapes (id_itineraire, id_checkpoint, position) VALUES (1207,189,5);
INSERT INTO etapes (id_itineraire, id_checkpoint, position) VALUES (1207,179,6);

INSERT INTO itineraire (id, nom, distance) VALUES (1208, 'itineraire numero 1208',0.03681851269533901);
INSERT INTO etapes (id_itineraire, id_checkpoint, position) VALUES (1208,239,0);
INSERT INTO etapes (id_itineraire, id_checkpoint, position) VALUES (1208,125,1);
INSERT INTO etapes (id_itineraire, id_checkpoint, position) VALUES (1208,35,2);
INSERT INTO etapes (id_itineraire, id_checkpoint, position) VALUES (1208,311,3);
INSERT INTO etapes (id_itineraire, id_checkpoint, position) VALUES (1208,138,4);
INSERT INTO etapes (id_itineraire, id_checkpoint, position) VALUES (1208,179,5);
INSERT INTO etapes (id_itineraire, id_checkpoint, position) VALUES (1208,189,6);

INSERT INTO itineraire (id, nom, distance) VALUES (1209, 'itineraire numero 1209',0.03831449690310979);
INSERT INTO etapes (id_itineraire, id_checkpoint, position) VALUES (1209,237,0);
INSERT INTO etapes (id_itineraire, id_checkpoint, position) VALUES (1209,125,1);
INSERT INTO etapes (id_itineraire, id_checkpoint, position) VALUES (1209,35,2);
INSERT INTO etapes (id_itineraire, id_checkpoint, position) VALUES (1209,311,3);
INSERT INTO etapes (id_itineraire, id_checkpoint, position) VALUES (1209,138,4);
INSERT INTO etapes (id_itineraire, id_checkpoint, position) VALUES (1209,179,5);
INSERT INTO etapes (id_itineraire, id_checkpoint, position) VALUES (1209,189,6);

INSERT INTO itineraire (id, nom, distance) VALUES (1210, 'itineraire numero 1210',0.057570015358532095);
INSERT INTO etapes (id_itineraire, id_checkpoint, position) VALUES (1210,179,0);
INSERT INTO etapes (id_itineraire, id_checkpoint, position) VALUES (1210,138,1);
INSERT INTO etapes (id_itineraire, id_checkpoint, position) VALUES (1210,313,2);
INSERT INTO etapes (id_itineraire, id_checkpoint, position) VALUES (1210,34,3);
INSERT INTO etapes (id_itineraire, id_checkpoint, position) VALUES (1210,30,4);
INSERT INTO etapes (id_itineraire, id_checkpoint, position) VALUES (1210,312,5);
INSERT INTO etapes (id_itineraire, id_checkpoint, position) VALUES (1210,189,6);

INSERT INTO itineraire (id, nom, distance) VALUES (1211, 'itineraire numero 1211',0.037638416401688427);
INSERT INTO etapes (id_itineraire, id_checkpoint, position) VALUES (1211,49,0);
INSERT INTO etapes (id_itineraire, id_checkpoint, position) VALUES (1211,125,1);
INSERT INTO etapes (id_itineraire, id_checkpoint, position) VALUES (1211,35,2);
INSERT INTO etapes (id_itineraire, id_checkpoint, position) VALUES (1211,311,3);
INSERT INTO etapes (id_itineraire, id_checkpoint, position) VALUES (1211,138,4);
INSERT INTO etapes (id_itineraire, id_checkpoint, position) VALUES (1211,179,5);
INSERT INTO etapes (id_itineraire, id_checkpoint, position) VALUES (1211,189,6);

INSERT INTO itineraire (id, nom, distance) VALUES (1212, 'itineraire numero 1212',0.04918018419740919);
INSERT INTO etapes (id_itineraire, id_checkpoint, position) VALUES (1212,179,0);
INSERT INTO etapes (id_itineraire, id_checkpoint, position) VALUES (1212,263,1);
INSERT INTO etapes (id_itineraire, id_checkpoint, position) VALUES (1212,138,2);
INSERT INTO etapes (id_itineraire, id_checkpoint, position) VALUES (1212,292,3);
INSERT INTO etapes (id_itineraire, id_checkpoint, position) VALUES (1212,117,4);
INSERT INTO etapes (id_itineraire, id_checkpoint, position) VALUES (1212,127,5);
INSERT INTO etapes (id_itineraire, id_checkpoint, position) VALUES (1212,310,6);

INSERT INTO itineraire (id, nom, distance) VALUES (1213, 'itineraire numero 1213',0.04996601286684055);
INSERT INTO etapes (id_itineraire, id_checkpoint, position) VALUES (1213,179,0);
INSERT INTO etapes (id_itineraire, id_checkpoint, position) VALUES (1213,268,1);
INSERT INTO etapes (id_itineraire, id_checkpoint, position) VALUES (1213,138,2);
INSERT INTO etapes (id_itineraire, id_checkpoint, position) VALUES (1213,292,3);
INSERT INTO etapes (id_itineraire, id_checkpoint, position) VALUES (1213,117,4);
INSERT INTO etapes (id_itineraire, id_checkpoint, position) VALUES (1213,127,5);
INSERT INTO etapes (id_itineraire, id_checkpoint, position) VALUES (1213,310,6);

INSERT INTO itineraire (id, nom, distance) VALUES (1214, 'itineraire numero 1214',0.04887364544504);
INSERT INTO etapes (id_itineraire, id_checkpoint, position) VALUES (1214,179,0);
INSERT INTO etapes (id_itineraire, id_checkpoint, position) VALUES (1214,256,1);
INSERT INTO etapes (id_itineraire, id_checkpoint, position) VALUES (1214,138,2);
INSERT INTO etapes (id_itineraire, id_checkpoint, position) VALUES (1214,292,3);
INSERT INTO etapes (id_itineraire, id_checkpoint, position) VALUES (1214,117,4);
INSERT INTO etapes (id_itineraire, id_checkpoint, position) VALUES (1214,127,5);
INSERT INTO etapes (id_itineraire, id_checkpoint, position) VALUES (1214,310,6);

INSERT INTO itineraire (id, nom, distance) VALUES (1215, 'itineraire numero 1215',0.05006089407232106);
INSERT INTO etapes (id_itineraire, id_checkpoint, position) VALUES (1215,179,0);
INSERT INTO etapes (id_itineraire, id_checkpoint, position) VALUES (1215,255,1);
INSERT INTO etapes (id_itineraire, id_checkpoint, position) VALUES (1215,138,2);
INSERT INTO etapes (id_itineraire, id_checkpoint, position) VALUES (1215,292,3);
INSERT INTO etapes (id_itineraire, id_checkpoint, position) VALUES (1215,117,4);
INSERT INTO etapes (id_itineraire, id_checkpoint, position) VALUES (1215,127,5);
INSERT INTO etapes (id_itineraire, id_checkpoint, position) VALUES (1215,310,6);

INSERT INTO itineraire (id, nom, distance) VALUES (1216, 'itineraire numero 1216',0.05063242567761457);
INSERT INTO etapes (id_itineraire, id_checkpoint, position) VALUES (1216,229,0);
INSERT INTO etapes (id_itineraire, id_checkpoint, position) VALUES (1216,25,1);
INSERT INTO etapes (id_itineraire, id_checkpoint, position) VALUES (1216,35,2);
INSERT INTO etapes (id_itineraire, id_checkpoint, position) VALUES (1216,311,3);
INSERT INTO etapes (id_itineraire, id_checkpoint, position) VALUES (1216,138,4);
INSERT INTO etapes (id_itineraire, id_checkpoint, position) VALUES (1216,181,5);
INSERT INTO etapes (id_itineraire, id_checkpoint, position) VALUES (1216,179,6);

INSERT INTO itineraire (id, nom, distance) VALUES (1217, 'itineraire numero 1217',0.037731286621117126);
INSERT INTO etapes (id_itineraire, id_checkpoint, position) VALUES (1217,244,0);
INSERT INTO etapes (id_itineraire, id_checkpoint, position) VALUES (1217,126,1);
INSERT INTO etapes (id_itineraire, id_checkpoint, position) VALUES (1217,35,2);
INSERT INTO etapes (id_itineraire, id_checkpoint, position) VALUES (1217,311,3);
INSERT INTO etapes (id_itineraire, id_checkpoint, position) VALUES (1217,138,4);
INSERT INTO etapes (id_itineraire, id_checkpoint, position) VALUES (1217,181,5);
INSERT INTO etapes (id_itineraire, id_checkpoint, position) VALUES (1217,179,6);

INSERT INTO itineraire (id, nom, distance) VALUES (1218, 'itineraire numero 1218',0.038394412817248834);
INSERT INTO etapes (id_itineraire, id_checkpoint, position) VALUES (1218,242,0);
INSERT INTO etapes (id_itineraire, id_checkpoint, position) VALUES (1218,126,1);
INSERT INTO etapes (id_itineraire, id_checkpoint, position) VALUES (1218,35,2);
INSERT INTO etapes (id_itineraire, id_checkpoint, position) VALUES (1218,311,3);
INSERT INTO etapes (id_itineraire, id_checkpoint, position) VALUES (1218,138,4);
INSERT INTO etapes (id_itineraire, id_checkpoint, position) VALUES (1218,181,5);
INSERT INTO etapes (id_itineraire, id_checkpoint, position) VALUES (1218,179,6);

INSERT INTO itineraire (id, nom, distance) VALUES (1219, 'itineraire numero 1219',0.037399362527579624);
INSERT INTO etapes (id_itineraire, id_checkpoint, position) VALUES (1219,25,0);
INSERT INTO etapes (id_itineraire, id_checkpoint, position) VALUES (1219,126,1);
INSERT INTO etapes (id_itineraire, id_checkpoint, position) VALUES (1219,35,2);
INSERT INTO etapes (id_itineraire, id_checkpoint, position) VALUES (1219,311,3);
INSERT INTO etapes (id_itineraire, id_checkpoint, position) VALUES (1219,138,4);
INSERT INTO etapes (id_itineraire, id_checkpoint, position) VALUES (1219,179,5);
INSERT INTO etapes (id_itineraire, id_checkpoint, position) VALUES (1219,181,6);

INSERT INTO itineraire (id, nom, distance) VALUES (1220, 'itineraire numero 1220',0.03642476956074842);
INSERT INTO etapes (id_itineraire, id_checkpoint, position) VALUES (1220,239,0);
INSERT INTO etapes (id_itineraire, id_checkpoint, position) VALUES (1220,126,1);
INSERT INTO etapes (id_itineraire, id_checkpoint, position) VALUES (1220,35,2);
INSERT INTO etapes (id_itineraire, id_checkpoint, position) VALUES (1220,312,3);
INSERT INTO etapes (id_itineraire, id_checkpoint, position) VALUES (1220,138,4);
INSERT INTO etapes (id_itineraire, id_checkpoint, position) VALUES (1220,179,5);
INSERT INTO etapes (id_itineraire, id_checkpoint, position) VALUES (1220,181,6);

INSERT INTO itineraire (id, nom, distance) VALUES (1221, 'itineraire numero 1221',0.0379207537685192);
INSERT INTO etapes (id_itineraire, id_checkpoint, position) VALUES (1221,237,0);
INSERT INTO etapes (id_itineraire, id_checkpoint, position) VALUES (1221,126,1);
INSERT INTO etapes (id_itineraire, id_checkpoint, position) VALUES (1221,35,2);
INSERT INTO etapes (id_itineraire, id_checkpoint, position) VALUES (1221,312,3);
INSERT INTO etapes (id_itineraire, id_checkpoint, position) VALUES (1221,138,4);
INSERT INTO etapes (id_itineraire, id_checkpoint, position) VALUES (1221,179,5);
INSERT INTO etapes (id_itineraire, id_checkpoint, position) VALUES (1221,181,6);

INSERT INTO itineraire (id, nom, distance) VALUES (1222, 'itineraire numero 1222',0.05107227467640032);
INSERT INTO etapes (id_itineraire, id_checkpoint, position) VALUES (1222,229,0);
INSERT INTO etapes (id_itineraire, id_checkpoint, position) VALUES (1222,25,1);
INSERT INTO etapes (id_itineraire, id_checkpoint, position) VALUES (1222,36,2);
INSERT INTO etapes (id_itineraire, id_checkpoint, position) VALUES (1222,312,3);
INSERT INTO etapes (id_itineraire, id_checkpoint, position) VALUES (1222,138,4);
INSERT INTO etapes (id_itineraire, id_checkpoint, position) VALUES (1222,182,5);
INSERT INTO etapes (id_itineraire, id_checkpoint, position) VALUES (1222,179,6);

INSERT INTO itineraire (id, nom, distance) VALUES (1223, 'itineraire numero 1223',0.05889699432274183);
INSERT INTO etapes (id_itineraire, id_checkpoint, position) VALUES (1223,179,0);
INSERT INTO etapes (id_itineraire, id_checkpoint, position) VALUES (1223,138,1);
INSERT INTO etapes (id_itineraire, id_checkpoint, position) VALUES (1223,182,2);
INSERT INTO etapes (id_itineraire, id_checkpoint, position) VALUES (1223,229,3);
INSERT INTO etapes (id_itineraire, id_checkpoint, position) VALUES (1223,34,4);
INSERT INTO etapes (id_itineraire, id_checkpoint, position) VALUES (1223,312,5);
INSERT INTO etapes (id_itineraire, id_checkpoint, position) VALUES (1223,49,6);

INSERT INTO itineraire (id, nom, distance) VALUES (1224, 'itineraire numero 1224',0.057500143097147);
INSERT INTO etapes (id_itineraire, id_checkpoint, position) VALUES (1224,179,0);
INSERT INTO etapes (id_itineraire, id_checkpoint, position) VALUES (1224,138,1);
INSERT INTO etapes (id_itineraire, id_checkpoint, position) VALUES (1224,182,2);
INSERT INTO etapes (id_itineraire, id_checkpoint, position) VALUES (1224,229,3);
INSERT INTO etapes (id_itineraire, id_checkpoint, position) VALUES (1224,34,4);
INSERT INTO etapes (id_itineraire, id_checkpoint, position) VALUES (1224,312,5);
INSERT INTO etapes (id_itineraire, id_checkpoint, position) VALUES (1224,50,6);

INSERT INTO itineraire (id, nom, distance) VALUES (1225, 'itineraire numero 1225',0.038171135619902874);
INSERT INTO etapes (id_itineraire, id_checkpoint, position) VALUES (1225,244,0);
INSERT INTO etapes (id_itineraire, id_checkpoint, position) VALUES (1225,126,1);
INSERT INTO etapes (id_itineraire, id_checkpoint, position) VALUES (1225,36,2);
INSERT INTO etapes (id_itineraire, id_checkpoint, position) VALUES (1225,312,3);
INSERT INTO etapes (id_itineraire, id_checkpoint, position) VALUES (1225,138,4);
INSERT INTO etapes (id_itineraire, id_checkpoint, position) VALUES (1225,182,5);
INSERT INTO etapes (id_itineraire, id_checkpoint, position) VALUES (1225,179,6);

INSERT INTO itineraire (id, nom, distance) VALUES (1226, 'itineraire numero 1226',0.03883426181603458);
INSERT INTO etapes (id_itineraire, id_checkpoint, position) VALUES (1226,242,0);
INSERT INTO etapes (id_itineraire, id_checkpoint, position) VALUES (1226,126,1);
INSERT INTO etapes (id_itineraire, id_checkpoint, position) VALUES (1226,36,2);
INSERT INTO etapes (id_itineraire, id_checkpoint, position) VALUES (1226,312,3);
INSERT INTO etapes (id_itineraire, id_checkpoint, position) VALUES (1226,138,4);
INSERT INTO etapes (id_itineraire, id_checkpoint, position) VALUES (1226,182,5);
INSERT INTO etapes (id_itineraire, id_checkpoint, position) VALUES (1226,179,6);

INSERT INTO itineraire (id, nom, distance) VALUES (1227, 'itineraire numero 1227',0.03986981352088348);
INSERT INTO etapes (id_itineraire, id_checkpoint, position) VALUES (1227,25,0);
INSERT INTO etapes (id_itineraire, id_checkpoint, position) VALUES (1227,126,1);
INSERT INTO etapes (id_itineraire, id_checkpoint, position) VALUES (1227,36,2);
INSERT INTO etapes (id_itineraire, id_checkpoint, position) VALUES (1227,312,3);
INSERT INTO etapes (id_itineraire, id_checkpoint, position) VALUES (1227,138,4);
INSERT INTO etapes (id_itineraire, id_checkpoint, position) VALUES (1227,182,5);
INSERT INTO etapes (id_itineraire, id_checkpoint, position) VALUES (1227,179,6);

INSERT INTO itineraire (id, nom, distance) VALUES (1228, 'itineraire numero 1228',0.03889522055405228);
INSERT INTO etapes (id_itineraire, id_checkpoint, position) VALUES (1228,239,0);
INSERT INTO etapes (id_itineraire, id_checkpoint, position) VALUES (1228,126,1);
INSERT INTO etapes (id_itineraire, id_checkpoint, position) VALUES (1228,36,2);
INSERT INTO etapes (id_itineraire, id_checkpoint, position) VALUES (1228,312,3);
INSERT INTO etapes (id_itineraire, id_checkpoint, position) VALUES (1228,138,4);
INSERT INTO etapes (id_itineraire, id_checkpoint, position) VALUES (1228,182,5);
INSERT INTO etapes (id_itineraire, id_checkpoint, position) VALUES (1228,179,6);

INSERT INTO itineraire (id, nom, distance) VALUES (1229, 'itineraire numero 1229',0.040391204761823056);
INSERT INTO etapes (id_itineraire, id_checkpoint, position) VALUES (1229,237,0);
INSERT INTO etapes (id_itineraire, id_checkpoint, position) VALUES (1229,126,1);
INSERT INTO etapes (id_itineraire, id_checkpoint, position) VALUES (1229,36,2);
INSERT INTO etapes (id_itineraire, id_checkpoint, position) VALUES (1229,312,3);
INSERT INTO etapes (id_itineraire, id_checkpoint, position) VALUES (1229,138,4);
INSERT INTO etapes (id_itineraire, id_checkpoint, position) VALUES (1229,182,5);
INSERT INTO etapes (id_itineraire, id_checkpoint, position) VALUES (1229,179,6);

INSERT INTO itineraire (id, nom, distance) VALUES (1230, 'itineraire numero 1230',0.048240908964861384);
INSERT INTO etapes (id_itineraire, id_checkpoint, position) VALUES (1230,179,0);
INSERT INTO etapes (id_itineraire, id_checkpoint, position) VALUES (1230,138,1);
INSERT INTO etapes (id_itineraire, id_checkpoint, position) VALUES (1230,182,2);
INSERT INTO etapes (id_itineraire, id_checkpoint, position) VALUES (1230,254,3);
INSERT INTO etapes (id_itineraire, id_checkpoint, position) VALUES (1230,25,4);
INSERT INTO etapes (id_itineraire, id_checkpoint, position) VALUES (1230,127,5);
INSERT INTO etapes (id_itineraire, id_checkpoint, position) VALUES (1230,310,6);

INSERT INTO itineraire (id, nom, distance) VALUES (1231, 'itineraire numero 1231',0.06542990217730167);
INSERT INTO etapes (id_itineraire, id_checkpoint, position) VALUES (1231,241,0);
INSERT INTO etapes (id_itineraire, id_checkpoint, position) VALUES (1231,179,1);
INSERT INTO etapes (id_itineraire, id_checkpoint, position) VALUES (1231,138,2);
INSERT INTO etapes (id_itineraire, id_checkpoint, position) VALUES (1231,117,3);
INSERT INTO etapes (id_itineraire, id_checkpoint, position) VALUES (1231,34,4);
INSERT INTO etapes (id_itineraire, id_checkpoint, position) VALUES (1231,312,5);
INSERT INTO etapes (id_itineraire, id_checkpoint, position) VALUES (1231,71,6);

INSERT INTO itineraire (id, nom, distance) VALUES (1232, 'itineraire numero 1232',0.05580457651244844);
INSERT INTO etapes (id_itineraire, id_checkpoint, position) VALUES (1232,241,0);
INSERT INTO etapes (id_itineraire, id_checkpoint, position) VALUES (1232,256,1);
INSERT INTO etapes (id_itineraire, id_checkpoint, position) VALUES (1232,179,2);
INSERT INTO etapes (id_itineraire, id_checkpoint, position) VALUES (1232,138,3);
INSERT INTO etapes (id_itineraire, id_checkpoint, position) VALUES (1232,117,4);
INSERT INTO etapes (id_itineraire, id_checkpoint, position) VALUES (1232,127,5);
INSERT INTO etapes (id_itineraire, id_checkpoint, position) VALUES (1232,310,6);

INSERT INTO itineraire (id, nom, distance) VALUES (1233, 'itineraire numero 1233',0.05676340226185042);
INSERT INTO etapes (id_itineraire, id_checkpoint, position) VALUES (1233,241,0);
INSERT INTO etapes (id_itineraire, id_checkpoint, position) VALUES (1233,255,1);
INSERT INTO etapes (id_itineraire, id_checkpoint, position) VALUES (1233,179,2);
INSERT INTO etapes (id_itineraire, id_checkpoint, position) VALUES (1233,138,3);
INSERT INTO etapes (id_itineraire, id_checkpoint, position) VALUES (1233,117,4);
INSERT INTO etapes (id_itineraire, id_checkpoint, position) VALUES (1233,127,5);
INSERT INTO etapes (id_itineraire, id_checkpoint, position) VALUES (1233,310,6);

INSERT INTO itineraire (id, nom, distance) VALUES (1234, 'itineraire numero 1234',0.0665815350697788);
INSERT INTO etapes (id_itineraire, id_checkpoint, position) VALUES (1234,179,0);
INSERT INTO etapes (id_itineraire, id_checkpoint, position) VALUES (1234,230,1);
INSERT INTO etapes (id_itineraire, id_checkpoint, position) VALUES (1234,36,2);
INSERT INTO etapes (id_itineraire, id_checkpoint, position) VALUES (1234,117,3);
INSERT INTO etapes (id_itineraire, id_checkpoint, position) VALUES (1234,138,4);
INSERT INTO etapes (id_itineraire, id_checkpoint, position) VALUES (1234,263,5);
INSERT INTO etapes (id_itineraire, id_checkpoint, position) VALUES (1234,310,6);

INSERT INTO itineraire (id, nom, distance) VALUES (1235, 'itineraire numero 1235',0.06351346930355647);
INSERT INTO etapes (id_itineraire, id_checkpoint, position) VALUES (1235,179,0);
INSERT INTO etapes (id_itineraire, id_checkpoint, position) VALUES (1235,230,1);
INSERT INTO etapes (id_itineraire, id_checkpoint, position) VALUES (1235,36,2);
INSERT INTO etapes (id_itineraire, id_checkpoint, position) VALUES (1235,117,3);
INSERT INTO etapes (id_itineraire, id_checkpoint, position) VALUES (1235,138,4);
INSERT INTO etapes (id_itineraire, id_checkpoint, position) VALUES (1235,268,5);
INSERT INTO etapes (id_itineraire, id_checkpoint, position) VALUES (1235,311,6);

INSERT INTO itineraire (id, nom, distance) VALUES (1236, 'itineraire numero 1236',0.06244094851475606);
INSERT INTO etapes (id_itineraire, id_checkpoint, position) VALUES (1236,179,0);
INSERT INTO etapes (id_itineraire, id_checkpoint, position) VALUES (1236,230,1);
INSERT INTO etapes (id_itineraire, id_checkpoint, position) VALUES (1236,36,2);
INSERT INTO etapes (id_itineraire, id_checkpoint, position) VALUES (1236,117,3);
INSERT INTO etapes (id_itineraire, id_checkpoint, position) VALUES (1236,138,4);
INSERT INTO etapes (id_itineraire, id_checkpoint, position) VALUES (1236,256,5);
INSERT INTO etapes (id_itineraire, id_checkpoint, position) VALUES (1236,311,6);

INSERT INTO itineraire (id, nom, distance) VALUES (1237, 'itineraire numero 1237',0.06164410718687102);
INSERT INTO etapes (id_itineraire, id_checkpoint, position) VALUES (1237,179,0);
INSERT INTO etapes (id_itineraire, id_checkpoint, position) VALUES (1237,230,1);
INSERT INTO etapes (id_itineraire, id_checkpoint, position) VALUES (1237,36,2);
INSERT INTO etapes (id_itineraire, id_checkpoint, position) VALUES (1237,117,3);
INSERT INTO etapes (id_itineraire, id_checkpoint, position) VALUES (1237,138,4);
INSERT INTO etapes (id_itineraire, id_checkpoint, position) VALUES (1237,255,5);
INSERT INTO etapes (id_itineraire, id_checkpoint, position) VALUES (1237,311,6);

INSERT INTO itineraire (id, nom, distance) VALUES (1238, 'itineraire numero 1238',0.05057353443474591);
INSERT INTO etapes (id_itineraire, id_checkpoint, position) VALUES (1238,179,0);
INSERT INTO etapes (id_itineraire, id_checkpoint, position) VALUES (1238,232,1);
INSERT INTO etapes (id_itineraire, id_checkpoint, position) VALUES (1238,138,2);
INSERT INTO etapes (id_itineraire, id_checkpoint, position) VALUES (1238,230,3);
INSERT INTO etapes (id_itineraire, id_checkpoint, position) VALUES (1238,34,4);
INSERT INTO etapes (id_itineraire, id_checkpoint, position) VALUES (1238,25,5);
INSERT INTO etapes (id_itineraire, id_checkpoint, position) VALUES (1238,311,6);

INSERT INTO itineraire (id, nom, distance) VALUES (1239, 'itineraire numero 1239',0.046511802952598255);
INSERT INTO etapes (id_itineraire, id_checkpoint, position) VALUES (1239,179,0);
INSERT INTO etapes (id_itineraire, id_checkpoint, position) VALUES (1239,260,1);
INSERT INTO etapes (id_itineraire, id_checkpoint, position) VALUES (1239,138,2);
INSERT INTO etapes (id_itineraire, id_checkpoint, position) VALUES (1239,230,3);
INSERT INTO etapes (id_itineraire, id_checkpoint, position) VALUES (1239,34,4);
INSERT INTO etapes (id_itineraire, id_checkpoint, position) VALUES (1239,25,5);
INSERT INTO etapes (id_itineraire, id_checkpoint, position) VALUES (1239,311,6);

INSERT INTO itineraire (id, nom, distance) VALUES (1240, 'itineraire numero 1240',0.03894509028475746);
INSERT INTO etapes (id_itineraire, id_checkpoint, position) VALUES (1240,148,0);
INSERT INTO etapes (id_itineraire, id_checkpoint, position) VALUES (1240,179,1);
INSERT INTO etapes (id_itineraire, id_checkpoint, position) VALUES (1240,138,2);
INSERT INTO etapes (id_itineraire, id_checkpoint, position) VALUES (1240,230,3);
INSERT INTO etapes (id_itineraire, id_checkpoint, position) VALUES (1240,34,4);
INSERT INTO etapes (id_itineraire, id_checkpoint, position) VALUES (1240,25,5);
INSERT INTO etapes (id_itineraire, id_checkpoint, position) VALUES (1240,311,6);

INSERT INTO itineraire (id, nom, distance) VALUES (1241, 'itineraire numero 1241',0.05915314230553923);
INSERT INTO etapes (id_itineraire, id_checkpoint, position) VALUES (1241,179,0);
INSERT INTO etapes (id_itineraire, id_checkpoint, position) VALUES (1241,232,1);
INSERT INTO etapes (id_itineraire, id_checkpoint, position) VALUES (1241,138,2);
INSERT INTO etapes (id_itineraire, id_checkpoint, position) VALUES (1241,230,3);
INSERT INTO etapes (id_itineraire, id_checkpoint, position) VALUES (1241,34,4);
INSERT INTO etapes (id_itineraire, id_checkpoint, position) VALUES (1241,49,5);
INSERT INTO etapes (id_itineraire, id_checkpoint, position) VALUES (1241,311,6);

INSERT INTO itineraire (id, nom, distance) VALUES (1242, 'itineraire numero 1242',0.0571564090650446);
INSERT INTO etapes (id_itineraire, id_checkpoint, position) VALUES (1242,179,0);
INSERT INTO etapes (id_itineraire, id_checkpoint, position) VALUES (1242,232,1);
INSERT INTO etapes (id_itineraire, id_checkpoint, position) VALUES (1242,138,2);
INSERT INTO etapes (id_itineraire, id_checkpoint, position) VALUES (1242,230,3);
INSERT INTO etapes (id_itineraire, id_checkpoint, position) VALUES (1242,34,4);
INSERT INTO etapes (id_itineraire, id_checkpoint, position) VALUES (1242,50,5);
INSERT INTO etapes (id_itineraire, id_checkpoint, position) VALUES (1242,311,6);

INSERT INTO itineraire (id, nom, distance) VALUES (1243, 'itineraire numero 1243',0.05509141082339158);
INSERT INTO etapes (id_itineraire, id_checkpoint, position) VALUES (1243,179,0);
INSERT INTO etapes (id_itineraire, id_checkpoint, position) VALUES (1243,260,1);
INSERT INTO etapes (id_itineraire, id_checkpoint, position) VALUES (1243,138,2);
INSERT INTO etapes (id_itineraire, id_checkpoint, position) VALUES (1243,230,3);
INSERT INTO etapes (id_itineraire, id_checkpoint, position) VALUES (1243,34,4);
INSERT INTO etapes (id_itineraire, id_checkpoint, position) VALUES (1243,49,5);
INSERT INTO etapes (id_itineraire, id_checkpoint, position) VALUES (1243,312,6);

INSERT INTO itineraire (id, nom, distance) VALUES (1244, 'itineraire numero 1244',0.053094677582896946);
INSERT INTO etapes (id_itineraire, id_checkpoint, position) VALUES (1244,179,0);
INSERT INTO etapes (id_itineraire, id_checkpoint, position) VALUES (1244,260,1);
INSERT INTO etapes (id_itineraire, id_checkpoint, position) VALUES (1244,138,2);
INSERT INTO etapes (id_itineraire, id_checkpoint, position) VALUES (1244,230,3);
INSERT INTO etapes (id_itineraire, id_checkpoint, position) VALUES (1244,34,4);
INSERT INTO etapes (id_itineraire, id_checkpoint, position) VALUES (1244,50,5);
INSERT INTO etapes (id_itineraire, id_checkpoint, position) VALUES (1244,312,6);

INSERT INTO itineraire (id, nom, distance) VALUES (1245, 'itineraire numero 1245',0.04675779354736318);
INSERT INTO etapes (id_itineraire, id_checkpoint, position) VALUES (1245,179,0);
INSERT INTO etapes (id_itineraire, id_checkpoint, position) VALUES (1245,148,1);
INSERT INTO etapes (id_itineraire, id_checkpoint, position) VALUES (1245,138,2);
INSERT INTO etapes (id_itineraire, id_checkpoint, position) VALUES (1245,230,3);
INSERT INTO etapes (id_itineraire, id_checkpoint, position) VALUES (1245,35,4);
INSERT INTO etapes (id_itineraire, id_checkpoint, position) VALUES (1245,49,5);
INSERT INTO etapes (id_itineraire, id_checkpoint, position) VALUES (1245,312,6);

INSERT INTO itineraire (id, nom, distance) VALUES (1246, 'itineraire numero 1246',0.044761060306868564);
INSERT INTO etapes (id_itineraire, id_checkpoint, position) VALUES (1246,179,0);
INSERT INTO etapes (id_itineraire, id_checkpoint, position) VALUES (1246,148,1);
INSERT INTO etapes (id_itineraire, id_checkpoint, position) VALUES (1246,138,2);
INSERT INTO etapes (id_itineraire, id_checkpoint, position) VALUES (1246,230,3);
INSERT INTO etapes (id_itineraire, id_checkpoint, position) VALUES (1246,35,4);
INSERT INTO etapes (id_itineraire, id_checkpoint, position) VALUES (1246,50,5);
INSERT INTO etapes (id_itineraire, id_checkpoint, position) VALUES (1246,312,6);

INSERT INTO itineraire (id, nom, distance) VALUES (1247, 'itineraire numero 1247',0.05488746871890152);
INSERT INTO etapes (id_itineraire, id_checkpoint, position) VALUES (1247,179,0);
INSERT INTO etapes (id_itineraire, id_checkpoint, position) VALUES (1247,232,1);
INSERT INTO etapes (id_itineraire, id_checkpoint, position) VALUES (1247,138,2);
INSERT INTO etapes (id_itineraire, id_checkpoint, position) VALUES (1247,313,3);
INSERT INTO etapes (id_itineraire, id_checkpoint, position) VALUES (1247,35,4);
INSERT INTO etapes (id_itineraire, id_checkpoint, position) VALUES (1247,32,5);
INSERT INTO etapes (id_itineraire, id_checkpoint, position) VALUES (1247,312,6);

INSERT INTO itineraire (id, nom, distance) VALUES (1248, 'itineraire numero 1248',0.05082573723675387);
INSERT INTO etapes (id_itineraire, id_checkpoint, position) VALUES (1248,179,0);
INSERT INTO etapes (id_itineraire, id_checkpoint, position) VALUES (1248,260,1);
INSERT INTO etapes (id_itineraire, id_checkpoint, position) VALUES (1248,138,2);
INSERT INTO etapes (id_itineraire, id_checkpoint, position) VALUES (1248,313,3);
INSERT INTO etapes (id_itineraire, id_checkpoint, position) VALUES (1248,35,4);
INSERT INTO etapes (id_itineraire, id_checkpoint, position) VALUES (1248,32,5);
INSERT INTO etapes (id_itineraire, id_checkpoint, position) VALUES (1248,312,6);

INSERT INTO itineraire (id, nom, distance) VALUES (1249, 'itineraire numero 1249',0.04249211996072548);
INSERT INTO etapes (id_itineraire, id_checkpoint, position) VALUES (1249,179,0);
INSERT INTO etapes (id_itineraire, id_checkpoint, position) VALUES (1249,148,1);
INSERT INTO etapes (id_itineraire, id_checkpoint, position) VALUES (1249,138,2);
INSERT INTO etapes (id_itineraire, id_checkpoint, position) VALUES (1249,313,3);
INSERT INTO etapes (id_itineraire, id_checkpoint, position) VALUES (1249,35,4);
INSERT INTO etapes (id_itineraire, id_checkpoint, position) VALUES (1249,32,5);
INSERT INTO etapes (id_itineraire, id_checkpoint, position) VALUES (1249,312,6);

INSERT INTO itineraire (id, nom, distance) VALUES (1250, 'itineraire numero 1250',0.05409040203307641);
INSERT INTO etapes (id_itineraire, id_checkpoint, position) VALUES (1250,179,0);
INSERT INTO etapes (id_itineraire, id_checkpoint, position) VALUES (1250,138,1);
INSERT INTO etapes (id_itineraire, id_checkpoint, position) VALUES (1250,232,2);
INSERT INTO etapes (id_itineraire, id_checkpoint, position) VALUES (1250,254,3);
INSERT INTO etapes (id_itineraire, id_checkpoint, position) VALUES (1250,25,4);
INSERT INTO etapes (id_itineraire, id_checkpoint, position) VALUES (1250,128,5);
INSERT INTO etapes (id_itineraire, id_checkpoint, position) VALUES (1250,312,6);

INSERT INTO itineraire (id, nom, distance) VALUES (1251, 'itineraire numero 1251',0.03634071118048518);
INSERT INTO etapes (id_itineraire, id_checkpoint, position) VALUES (1251,293,0);
INSERT INTO etapes (id_itineraire, id_checkpoint, position) VALUES (1251,126,1);
INSERT INTO etapes (id_itineraire, id_checkpoint, position) VALUES (1251,36,2);
INSERT INTO etapes (id_itineraire, id_checkpoint, position) VALUES (1251,109,3);
INSERT INTO etapes (id_itineraire, id_checkpoint, position) VALUES (1251,179,4);
INSERT INTO etapes (id_itineraire, id_checkpoint, position) VALUES (1251,138,5);
INSERT INTO etapes (id_itineraire, id_checkpoint, position) VALUES (1251,71,6);

INSERT INTO itineraire (id, nom, distance) VALUES (1252, 'itineraire numero 1252',0.03547846665603124);
INSERT INTO etapes (id_itineraire, id_checkpoint, position) VALUES (1252,293,0);
INSERT INTO etapes (id_itineraire, id_checkpoint, position) VALUES (1252,126,1);
INSERT INTO etapes (id_itineraire, id_checkpoint, position) VALUES (1252,36,2);
INSERT INTO etapes (id_itineraire, id_checkpoint, position) VALUES (1252,109,3);
INSERT INTO etapes (id_itineraire, id_checkpoint, position) VALUES (1252,179,4);
INSERT INTO etapes (id_itineraire, id_checkpoint, position) VALUES (1252,138,5);
INSERT INTO etapes (id_itineraire, id_checkpoint, position) VALUES (1252,72,6);

INSERT INTO itineraire (id, nom, distance) VALUES (1253, 'itineraire numero 1253',0.03762038976621629);
INSERT INTO etapes (id_itineraire, id_checkpoint, position) VALUES (1253,293,0);
INSERT INTO etapes (id_itineraire, id_checkpoint, position) VALUES (1253,126,1);
INSERT INTO etapes (id_itineraire, id_checkpoint, position) VALUES (1253,127,2);
INSERT INTO etapes (id_itineraire, id_checkpoint, position) VALUES (1253,109,3);
INSERT INTO etapes (id_itineraire, id_checkpoint, position) VALUES (1253,179,4);
INSERT INTO etapes (id_itineraire, id_checkpoint, position) VALUES (1253,138,5);
INSERT INTO etapes (id_itineraire, id_checkpoint, position) VALUES (1253,263,6);

INSERT INTO itineraire (id, nom, distance) VALUES (1254, 'itineraire numero 1254',0.03682086049725217);
INSERT INTO etapes (id_itineraire, id_checkpoint, position) VALUES (1254,293,0);
INSERT INTO etapes (id_itineraire, id_checkpoint, position) VALUES (1254,126,1);
INSERT INTO etapes (id_itineraire, id_checkpoint, position) VALUES (1254,127,2);
INSERT INTO etapes (id_itineraire, id_checkpoint, position) VALUES (1254,110,3);
INSERT INTO etapes (id_itineraire, id_checkpoint, position) VALUES (1254,179,4);
INSERT INTO etapes (id_itineraire, id_checkpoint, position) VALUES (1254,138,5);
INSERT INTO etapes (id_itineraire, id_checkpoint, position) VALUES (1254,268,6);

INSERT INTO itineraire (id, nom, distance) VALUES (1255, 'itineraire numero 1255',0.035816851544852424);
INSERT INTO etapes (id_itineraire, id_checkpoint, position) VALUES (1255,293,0);
INSERT INTO etapes (id_itineraire, id_checkpoint, position) VALUES (1255,126,1);
INSERT INTO etapes (id_itineraire, id_checkpoint, position) VALUES (1255,127,2);
INSERT INTO etapes (id_itineraire, id_checkpoint, position) VALUES (1255,110,3);
INSERT INTO etapes (id_itineraire, id_checkpoint, position) VALUES (1255,179,4);
INSERT INTO etapes (id_itineraire, id_checkpoint, position) VALUES (1255,256,5);
INSERT INTO etapes (id_itineraire, id_checkpoint, position) VALUES (1255,138,6);

INSERT INTO itineraire (id, nom, distance) VALUES (1256, 'itineraire numero 1256',0.05075129465223362);
INSERT INTO etapes (id_itineraire, id_checkpoint, position) VALUES (1256,138,0);
INSERT INTO etapes (id_itineraire, id_checkpoint, position) VALUES (1256,179,1);
INSERT INTO etapes (id_itineraire, id_checkpoint, position) VALUES (1256,108,2);
INSERT INTO etapes (id_itineraire, id_checkpoint, position) VALUES (1256,35,3);
INSERT INTO etapes (id_itineraire, id_checkpoint, position) VALUES (1256,30,4);
INSERT INTO etapes (id_itineraire, id_checkpoint, position) VALUES (1256,290,5);
INSERT INTO etapes (id_itineraire, id_checkpoint, position) VALUES (1256,268,6);

INSERT INTO itineraire (id, nom, distance) VALUES (1257, 'itineraire numero 1257',0.058770840531149254);
INSERT INTO etapes (id_itineraire, id_checkpoint, position) VALUES (1257,179,0);
INSERT INTO etapes (id_itineraire, id_checkpoint, position) VALUES (1257,119,1);
INSERT INTO etapes (id_itineraire, id_checkpoint, position) VALUES (1257,127,2);
INSERT INTO etapes (id_itineraire, id_checkpoint, position) VALUES (1257,110,3);
INSERT INTO etapes (id_itineraire, id_checkpoint, position) VALUES (1257,292,4);
INSERT INTO etapes (id_itineraire, id_checkpoint, position) VALUES (1257,138,5);
INSERT INTO etapes (id_itineraire, id_checkpoint, position) VALUES (1257,71,6);

INSERT INTO itineraire (id, nom, distance) VALUES (1258, 'itineraire numero 1258',0.05790859600669532);
INSERT INTO etapes (id_itineraire, id_checkpoint, position) VALUES (1258,179,0);
INSERT INTO etapes (id_itineraire, id_checkpoint, position) VALUES (1258,119,1);
INSERT INTO etapes (id_itineraire, id_checkpoint, position) VALUES (1258,127,2);
INSERT INTO etapes (id_itineraire, id_checkpoint, position) VALUES (1258,110,3);
INSERT INTO etapes (id_itineraire, id_checkpoint, position) VALUES (1258,292,4);
INSERT INTO etapes (id_itineraire, id_checkpoint, position) VALUES (1258,138,5);
INSERT INTO etapes (id_itineraire, id_checkpoint, position) VALUES (1258,72,6);

INSERT INTO itineraire (id, nom, distance) VALUES (1259, 'itineraire numero 1259',0.06005051911688036);
INSERT INTO etapes (id_itineraire, id_checkpoint, position) VALUES (1259,179,0);
INSERT INTO etapes (id_itineraire, id_checkpoint, position) VALUES (1259,119,1);
INSERT INTO etapes (id_itineraire, id_checkpoint, position) VALUES (1259,127,2);
INSERT INTO etapes (id_itineraire, id_checkpoint, position) VALUES (1259,110,3);
INSERT INTO etapes (id_itineraire, id_checkpoint, position) VALUES (1259,292,4);
INSERT INTO etapes (id_itineraire, id_checkpoint, position) VALUES (1259,138,5);
INSERT INTO etapes (id_itineraire, id_checkpoint, position) VALUES (1259,263,6);

INSERT INTO itineraire (id, nom, distance) VALUES (1260, 'itineraire numero 1260',0.05925098984791624);
INSERT INTO etapes (id_itineraire, id_checkpoint, position) VALUES (1260,179,0);
INSERT INTO etapes (id_itineraire, id_checkpoint, position) VALUES (1260,119,1);
INSERT INTO etapes (id_itineraire, id_checkpoint, position) VALUES (1260,127,2);
INSERT INTO etapes (id_itineraire, id_checkpoint, position) VALUES (1260,110,3);
INSERT INTO etapes (id_itineraire, id_checkpoint, position) VALUES (1260,292,4);
INSERT INTO etapes (id_itineraire, id_checkpoint, position) VALUES (1260,138,5);
INSERT INTO etapes (id_itineraire, id_checkpoint, position) VALUES (1260,268,6);

INSERT INTO itineraire (id, nom, distance) VALUES (1261, 'itineraire numero 1261',0.05999825041616011);
INSERT INTO etapes (id_itineraire, id_checkpoint, position) VALUES (1261,179,0);
INSERT INTO etapes (id_itineraire, id_checkpoint, position) VALUES (1261,119,1);
INSERT INTO etapes (id_itineraire, id_checkpoint, position) VALUES (1261,127,2);
INSERT INTO etapes (id_itineraire, id_checkpoint, position) VALUES (1261,110,3);
INSERT INTO etapes (id_itineraire, id_checkpoint, position) VALUES (1261,292,4);
INSERT INTO etapes (id_itineraire, id_checkpoint, position) VALUES (1261,256,5);
INSERT INTO etapes (id_itineraire, id_checkpoint, position) VALUES (1261,138,6);

INSERT INTO itineraire (id, nom, distance) VALUES (1262, 'itineraire numero 1262',0.060075735517039784);
INSERT INTO etapes (id_itineraire, id_checkpoint, position) VALUES (1262,179,0);
INSERT INTO etapes (id_itineraire, id_checkpoint, position) VALUES (1262,120,1);
INSERT INTO etapes (id_itineraire, id_checkpoint, position) VALUES (1262,127,2);
INSERT INTO etapes (id_itineraire, id_checkpoint, position) VALUES (1262,110,3);
INSERT INTO etapes (id_itineraire, id_checkpoint, position) VALUES (1262,292,4);
INSERT INTO etapes (id_itineraire, id_checkpoint, position) VALUES (1262,255,5);
INSERT INTO etapes (id_itineraire, id_checkpoint, position) VALUES (1262,138,6);

INSERT INTO itineraire (id, nom, distance) VALUES (1263, 'itineraire numero 1263',0.039057216574639425);
INSERT INTO etapes (id_itineraire, id_checkpoint, position) VALUES (1263,179,0);
INSERT INTO etapes (id_itineraire, id_checkpoint, position) VALUES (1263,148,1);
INSERT INTO etapes (id_itineraire, id_checkpoint, position) VALUES (1263,138,2);
INSERT INTO etapes (id_itineraire, id_checkpoint, position) VALUES (1263,292,3);
INSERT INTO etapes (id_itineraire, id_checkpoint, position) VALUES (1263,109,4);
INSERT INTO etapes (id_itineraire, id_checkpoint, position) VALUES (1263,128,5);
INSERT INTO etapes (id_itineraire, id_checkpoint, position) VALUES (1263,25,6);

INSERT INTO itineraire (id, nom, distance) VALUES (1264, 'itineraire numero 1264',0.04718447621718827);
INSERT INTO etapes (id_itineraire, id_checkpoint, position) VALUES (1264,179,0);
INSERT INTO etapes (id_itineraire, id_checkpoint, position) VALUES (1264,138,1);
INSERT INTO etapes (id_itineraire, id_checkpoint, position) VALUES (1264,232,2);
INSERT INTO etapes (id_itineraire, id_checkpoint, position) VALUES (1264,292,3);
INSERT INTO etapes (id_itineraire, id_checkpoint, position) VALUES (1264,109,4);
INSERT INTO etapes (id_itineraire, id_checkpoint, position) VALUES (1264,128,5);
INSERT INTO etapes (id_itineraire, id_checkpoint, position) VALUES (1264,50,6);

INSERT INTO itineraire (id, nom, distance) VALUES (1265, 'itineraire numero 1265',0.05326788206528317);
INSERT INTO etapes (id_itineraire, id_checkpoint, position) VALUES (1265,138,0);
INSERT INTO etapes (id_itineraire, id_checkpoint, position) VALUES (1265,179,1);
INSERT INTO etapes (id_itineraire, id_checkpoint, position) VALUES (1265,108,2);
INSERT INTO etapes (id_itineraire, id_checkpoint, position) VALUES (1265,35,3);
INSERT INTO etapes (id_itineraire, id_checkpoint, position) VALUES (1265,30,4);
INSERT INTO etapes (id_itineraire, id_checkpoint, position) VALUES (1265,291,5);
INSERT INTO etapes (id_itineraire, id_checkpoint, position) VALUES (1265,71,6);

INSERT INTO itineraire (id, nom, distance) VALUES (1266, 'itineraire numero 1266',0.052704881884820684);
INSERT INTO etapes (id_itineraire, id_checkpoint, position) VALUES (1266,138,0);
INSERT INTO etapes (id_itineraire, id_checkpoint, position) VALUES (1266,179,1);
INSERT INTO etapes (id_itineraire, id_checkpoint, position) VALUES (1266,109,2);
INSERT INTO etapes (id_itineraire, id_checkpoint, position) VALUES (1266,35,3);
INSERT INTO etapes (id_itineraire, id_checkpoint, position) VALUES (1266,30,4);
INSERT INTO etapes (id_itineraire, id_checkpoint, position) VALUES (1266,291,5);
INSERT INTO etapes (id_itineraire, id_checkpoint, position) VALUES (1266,263,6);

INSERT INTO itineraire (id, nom, distance) VALUES (1267, 'itineraire numero 1267',0.05225843780709156);
INSERT INTO etapes (id_itineraire, id_checkpoint, position) VALUES (1267,138,0);
INSERT INTO etapes (id_itineraire, id_checkpoint, position) VALUES (1267,179,1);
INSERT INTO etapes (id_itineraire, id_checkpoint, position) VALUES (1267,109,2);
INSERT INTO etapes (id_itineraire, id_checkpoint, position) VALUES (1267,35,3);
INSERT INTO etapes (id_itineraire, id_checkpoint, position) VALUES (1267,30,4);
INSERT INTO etapes (id_itineraire, id_checkpoint, position) VALUES (1267,291,5);
INSERT INTO etapes (id_itineraire, id_checkpoint, position) VALUES (1267,268,6);

INSERT INTO itineraire (id, nom, distance) VALUES (1268, 'itineraire numero 1268',0.0533650584806553);
INSERT INTO etapes (id_itineraire, id_checkpoint, position) VALUES (1268,138,0);
INSERT INTO etapes (id_itineraire, id_checkpoint, position) VALUES (1268,179,1);
INSERT INTO etapes (id_itineraire, id_checkpoint, position) VALUES (1268,109,2);
INSERT INTO etapes (id_itineraire, id_checkpoint, position) VALUES (1268,35,3);
INSERT INTO etapes (id_itineraire, id_checkpoint, position) VALUES (1268,30,4);
INSERT INTO etapes (id_itineraire, id_checkpoint, position) VALUES (1268,291,5);
INSERT INTO etapes (id_itineraire, id_checkpoint, position) VALUES (1268,256,6);

INSERT INTO itineraire (id, nom, distance) VALUES (1269, 'itineraire numero 1269',0.05752841354140659);
INSERT INTO etapes (id_itineraire, id_checkpoint, position) VALUES (1269,138,0);
INSERT INTO etapes (id_itineraire, id_checkpoint, position) VALUES (1269,179,1);
INSERT INTO etapes (id_itineraire, id_checkpoint, position) VALUES (1269,192,2);
INSERT INTO etapes (id_itineraire, id_checkpoint, position) VALUES (1269,182,3);
INSERT INTO etapes (id_itineraire, id_checkpoint, position) VALUES (1269,230,4);
INSERT INTO etapes (id_itineraire, id_checkpoint, position) VALUES (1269,128,5);
INSERT INTO etapes (id_itineraire, id_checkpoint, position) VALUES (1269,10,6);

INSERT INTO itineraire (id, nom, distance) VALUES (1270, 'itineraire numero 1270',0.04239273851712373);
INSERT INTO etapes (id_itineraire, id_checkpoint, position) VALUES (1270,220,0);
INSERT INTO etapes (id_itineraire, id_checkpoint, position) VALUES (1270,179,1);
INSERT INTO etapes (id_itineraire, id_checkpoint, position) VALUES (1270,138,2);
INSERT INTO etapes (id_itineraire, id_checkpoint, position) VALUES (1270,182,3);
INSERT INTO etapes (id_itineraire, id_checkpoint, position) VALUES (1270,230,4);
INSERT INTO etapes (id_itineraire, id_checkpoint, position) VALUES (1270,128,5);
INSERT INTO etapes (id_itineraire, id_checkpoint, position) VALUES (1270,10,6);

INSERT INTO itineraire (id, nom, distance) VALUES (1271, 'itineraire numero 1271',0.05332463787438731);
INSERT INTO etapes (id_itineraire, id_checkpoint, position) VALUES (1271,202,0);
INSERT INTO etapes (id_itineraire, id_checkpoint, position) VALUES (1271,179,1);
INSERT INTO etapes (id_itineraire, id_checkpoint, position) VALUES (1271,138,2);
INSERT INTO etapes (id_itineraire, id_checkpoint, position) VALUES (1271,182,3);
INSERT INTO etapes (id_itineraire, id_checkpoint, position) VALUES (1271,230,4);
INSERT INTO etapes (id_itineraire, id_checkpoint, position) VALUES (1271,128,5);
INSERT INTO etapes (id_itineraire, id_checkpoint, position) VALUES (1271,10,6);

INSERT INTO itineraire (id, nom, distance) VALUES (1272, 'itineraire numero 1272',0.05933042111019264);
INSERT INTO etapes (id_itineraire, id_checkpoint, position) VALUES (1272,179,0);
INSERT INTO etapes (id_itineraire, id_checkpoint, position) VALUES (1272,120,1);
INSERT INTO etapes (id_itineraire, id_checkpoint, position) VALUES (1272,127,2);
INSERT INTO etapes (id_itineraire, id_checkpoint, position) VALUES (1272,230,3);
INSERT INTO etapes (id_itineraire, id_checkpoint, position) VALUES (1272,138,4);
INSERT INTO etapes (id_itineraire, id_checkpoint, position) VALUES (1272,182,5);
INSERT INTO etapes (id_itineraire, id_checkpoint, position) VALUES (1272,185,6);

INSERT INTO itineraire (id, nom, distance) VALUES (1273, 'itineraire numero 1273',0.04502725990701516);
INSERT INTO etapes (id_itineraire, id_checkpoint, position) VALUES (1273,88,0);
INSERT INTO etapes (id_itineraire, id_checkpoint, position) VALUES (1273,25,1);
INSERT INTO etapes (id_itineraire, id_checkpoint, position) VALUES (1273,127,2);
INSERT INTO etapes (id_itineraire, id_checkpoint, position) VALUES (1273,230,3);
INSERT INTO etapes (id_itineraire, id_checkpoint, position) VALUES (1273,182,4);
INSERT INTO etapes (id_itineraire, id_checkpoint, position) VALUES (1273,138,5);
INSERT INTO etapes (id_itineraire, id_checkpoint, position) VALUES (1273,179,6);

INSERT INTO itineraire (id, nom, distance) VALUES (1274, 'itineraire numero 1274',0.043642108007079634);
INSERT INTO etapes (id_itineraire, id_checkpoint, position) VALUES (1274,88,0);
INSERT INTO etapes (id_itineraire, id_checkpoint, position) VALUES (1274,49,1);
INSERT INTO etapes (id_itineraire, id_checkpoint, position) VALUES (1274,127,2);
INSERT INTO etapes (id_itineraire, id_checkpoint, position) VALUES (1274,230,3);
INSERT INTO etapes (id_itineraire, id_checkpoint, position) VALUES (1274,182,4);
INSERT INTO etapes (id_itineraire, id_checkpoint, position) VALUES (1274,138,5);
INSERT INTO etapes (id_itineraire, id_checkpoint, position) VALUES (1274,179,6);

INSERT INTO itineraire (id, nom, distance) VALUES (1275, 'itineraire numero 1275',0.043173585041547384);
INSERT INTO etapes (id_itineraire, id_checkpoint, position) VALUES (1275,88,0);
INSERT INTO etapes (id_itineraire, id_checkpoint, position) VALUES (1275,50,1);
INSERT INTO etapes (id_itineraire, id_checkpoint, position) VALUES (1275,128,2);
INSERT INTO etapes (id_itineraire, id_checkpoint, position) VALUES (1275,230,3);
INSERT INTO etapes (id_itineraire, id_checkpoint, position) VALUES (1275,182,4);
INSERT INTO etapes (id_itineraire, id_checkpoint, position) VALUES (1275,138,5);
INSERT INTO etapes (id_itineraire, id_checkpoint, position) VALUES (1275,179,6);

INSERT INTO itineraire (id, nom, distance) VALUES (1276, 'itineraire numero 1276',0.05187091027427251);
INSERT INTO etapes (id_itineraire, id_checkpoint, position) VALUES (1276,241,0);
INSERT INTO etapes (id_itineraire, id_checkpoint, position) VALUES (1276,179,1);
INSERT INTO etapes (id_itineraire, id_checkpoint, position) VALUES (1276,138,2);
INSERT INTO etapes (id_itineraire, id_checkpoint, position) VALUES (1276,182,3);
INSERT INTO etapes (id_itineraire, id_checkpoint, position) VALUES (1276,109,4);
INSERT INTO etapes (id_itineraire, id_checkpoint, position) VALUES (1276,128,5);
INSERT INTO etapes (id_itineraire, id_checkpoint, position) VALUES (1276,25,6);

INSERT INTO itineraire (id, nom, distance) VALUES (1277, 'itineraire numero 1277',0.04667755653091399);
INSERT INTO etapes (id_itineraire, id_checkpoint, position) VALUES (1277,97,0);
INSERT INTO etapes (id_itineraire, id_checkpoint, position) VALUES (1277,25,1);
INSERT INTO etapes (id_itineraire, id_checkpoint, position) VALUES (1277,128,2);
INSERT INTO etapes (id_itineraire, id_checkpoint, position) VALUES (1277,230,3);
INSERT INTO etapes (id_itineraire, id_checkpoint, position) VALUES (1277,179,4);
INSERT INTO etapes (id_itineraire, id_checkpoint, position) VALUES (1277,138,5);
INSERT INTO etapes (id_itineraire, id_checkpoint, position) VALUES (1277,182,6);

INSERT INTO itineraire (id, nom, distance) VALUES (1278, 'itineraire numero 1278',0.05291653714498803);
INSERT INTO etapes (id_itineraire, id_checkpoint, position) VALUES (1278,97,0);
INSERT INTO etapes (id_itineraire, id_checkpoint, position) VALUES (1278,50,1);
INSERT INTO etapes (id_itineraire, id_checkpoint, position) VALUES (1278,128,2);
INSERT INTO etapes (id_itineraire, id_checkpoint, position) VALUES (1278,230,3);
INSERT INTO etapes (id_itineraire, id_checkpoint, position) VALUES (1278,179,4);
INSERT INTO etapes (id_itineraire, id_checkpoint, position) VALUES (1278,138,5);
INSERT INTO etapes (id_itineraire, id_checkpoint, position) VALUES (1278,182,6);

INSERT INTO itineraire (id, nom, distance) VALUES (1279, 'itineraire numero 1279',0.05576141135204848);
INSERT INTO etapes (id_itineraire, id_checkpoint, position) VALUES (1279,179,0);
INSERT INTO etapes (id_itineraire, id_checkpoint, position) VALUES (1279,138,1);
INSERT INTO etapes (id_itineraire, id_checkpoint, position) VALUES (1279,313,2);
INSERT INTO etapes (id_itineraire, id_checkpoint, position) VALUES (1279,35,3);
INSERT INTO etapes (id_itineraire, id_checkpoint, position) VALUES (1279,30,4);
INSERT INTO etapes (id_itineraire, id_checkpoint, position) VALUES (1279,100,5);
INSERT INTO etapes (id_itineraire, id_checkpoint, position) VALUES (1279,182,6);

INSERT INTO itineraire (id, nom, distance) VALUES (1280, 'itineraire numero 1280',0.05114851211545344);
INSERT INTO etapes (id_itineraire, id_checkpoint, position) VALUES (1280,179,0);
INSERT INTO etapes (id_itineraire, id_checkpoint, position) VALUES (1280,138,1);
INSERT INTO etapes (id_itineraire, id_checkpoint, position) VALUES (1280,254,2);
INSERT INTO etapes (id_itineraire, id_checkpoint, position) VALUES (1280,25,3);
INSERT INTO etapes (id_itineraire, id_checkpoint, position) VALUES (1280,35,4);
INSERT INTO etapes (id_itineraire, id_checkpoint, position) VALUES (1280,100,5);
INSERT INTO etapes (id_itineraire, id_checkpoint, position) VALUES (1280,182,6);

INSERT INTO itineraire (id, nom, distance) VALUES (1281, 'itineraire numero 1281',0.05290718506761951);
INSERT INTO etapes (id_itineraire, id_checkpoint, position) VALUES (1281,179,0);
INSERT INTO etapes (id_itineraire, id_checkpoint, position) VALUES (1281,138,1);
INSERT INTO etapes (id_itineraire, id_checkpoint, position) VALUES (1281,253,2);
INSERT INTO etapes (id_itineraire, id_checkpoint, position) VALUES (1281,25,3);
INSERT INTO etapes (id_itineraire, id_checkpoint, position) VALUES (1281,35,4);
INSERT INTO etapes (id_itineraire, id_checkpoint, position) VALUES (1281,100,5);
INSERT INTO etapes (id_itineraire, id_checkpoint, position) VALUES (1281,182,6);

INSERT INTO itineraire (id, nom, distance) VALUES (1282, 'itineraire numero 1282',0.057743201878989285);
INSERT INTO etapes (id_itineraire, id_checkpoint, position) VALUES (1282,220,0);
INSERT INTO etapes (id_itineraire, id_checkpoint, position) VALUES (1282,179,1);
INSERT INTO etapes (id_itineraire, id_checkpoint, position) VALUES (1282,117,2);
INSERT INTO etapes (id_itineraire, id_checkpoint, position) VALUES (1282,35,3);
INSERT INTO etapes (id_itineraire, id_checkpoint, position) VALUES (1282,230,4);
INSERT INTO etapes (id_itineraire, id_checkpoint, position) VALUES (1282,138,5);
INSERT INTO etapes (id_itineraire, id_checkpoint, position) VALUES (1282,182,6);

INSERT INTO itineraire (id, nom, distance) VALUES (1283, 'itineraire numero 1283',0.057801280262904466);
INSERT INTO etapes (id_itineraire, id_checkpoint, position) VALUES (1283,179,0);
INSERT INTO etapes (id_itineraire, id_checkpoint, position) VALUES (1283,138,1);
INSERT INTO etapes (id_itineraire, id_checkpoint, position) VALUES (1283,117,2);
INSERT INTO etapes (id_itineraire, id_checkpoint, position) VALUES (1283,35,3);
INSERT INTO etapes (id_itineraire, id_checkpoint, position) VALUES (1283,230,4);
INSERT INTO etapes (id_itineraire, id_checkpoint, position) VALUES (1283,185,5);
INSERT INTO etapes (id_itineraire, id_checkpoint, position) VALUES (1283,232,6);

INSERT INTO itineraire (id, nom, distance) VALUES (1284, 'itineraire numero 1284',0.04899922875049589);
INSERT INTO etapes (id_itineraire, id_checkpoint, position) VALUES (1284,179,0);
INSERT INTO etapes (id_itineraire, id_checkpoint, position) VALUES (1284,138,1);
INSERT INTO etapes (id_itineraire, id_checkpoint, position) VALUES (1284,117,2);
INSERT INTO etapes (id_itineraire, id_checkpoint, position) VALUES (1284,35,3);
INSERT INTO etapes (id_itineraire, id_checkpoint, position) VALUES (1284,230,4);
INSERT INTO etapes (id_itineraire, id_checkpoint, position) VALUES (1284,185,5);
INSERT INTO etapes (id_itineraire, id_checkpoint, position) VALUES (1284,72,6);

INSERT INTO itineraire (id, nom, distance) VALUES (1285, 'itineraire numero 1285',0.05398581032751792);
INSERT INTO etapes (id_itineraire, id_checkpoint, position) VALUES (1285,179,0);
INSERT INTO etapes (id_itineraire, id_checkpoint, position) VALUES (1285,260,1);
INSERT INTO etapes (id_itineraire, id_checkpoint, position) VALUES (1285,138,2);
INSERT INTO etapes (id_itineraire, id_checkpoint, position) VALUES (1285,118,3);
INSERT INTO etapes (id_itineraire, id_checkpoint, position) VALUES (1285,35,4);
INSERT INTO etapes (id_itineraire, id_checkpoint, position) VALUES (1285,230,5);
INSERT INTO etapes (id_itineraire, id_checkpoint, position) VALUES (1285,185,6);

INSERT INTO itineraire (id, nom, distance) VALUES (1286, 'itineraire numero 1286',0.04565219305148952);
INSERT INTO etapes (id_itineraire, id_checkpoint, position) VALUES (1286,179,0);
INSERT INTO etapes (id_itineraire, id_checkpoint, position) VALUES (1286,148,1);
INSERT INTO etapes (id_itineraire, id_checkpoint, position) VALUES (1286,138,2);
INSERT INTO etapes (id_itineraire, id_checkpoint, position) VALUES (1286,118,3);
INSERT INTO etapes (id_itineraire, id_checkpoint, position) VALUES (1286,35,4);
INSERT INTO etapes (id_itineraire, id_checkpoint, position) VALUES (1286,230,5);
INSERT INTO etapes (id_itineraire, id_checkpoint, position) VALUES (1286,185,6);

INSERT INTO itineraire (id, nom, distance) VALUES (1287, 'itineraire numero 1287',0.05578108780865371);
INSERT INTO etapes (id_itineraire, id_checkpoint, position) VALUES (1287,179,0);
INSERT INTO etapes (id_itineraire, id_checkpoint, position) VALUES (1287,260,1);
INSERT INTO etapes (id_itineraire, id_checkpoint, position) VALUES (1287,138,2);
INSERT INTO etapes (id_itineraire, id_checkpoint, position) VALUES (1287,70,3);
INSERT INTO etapes (id_itineraire, id_checkpoint, position) VALUES (1287,35,4);
INSERT INTO etapes (id_itineraire, id_checkpoint, position) VALUES (1287,230,5);
INSERT INTO etapes (id_itineraire, id_checkpoint, position) VALUES (1287,185,6);

INSERT INTO itineraire (id, nom, distance) VALUES (1288, 'itineraire numero 1288',0.05158485319645313);
INSERT INTO etapes (id_itineraire, id_checkpoint, position) VALUES (1288,229,0);
INSERT INTO etapes (id_itineraire, id_checkpoint, position) VALUES (1288,87,1);
INSERT INTO etapes (id_itineraire, id_checkpoint, position) VALUES (1288,128,2);
INSERT INTO etapes (id_itineraire, id_checkpoint, position) VALUES (1288,118,3);
INSERT INTO etapes (id_itineraire, id_checkpoint, position) VALUES (1288,179,4);
INSERT INTO etapes (id_itineraire, id_checkpoint, position) VALUES (1288,138,5);
INSERT INTO etapes (id_itineraire, id_checkpoint, position) VALUES (1288,263,6);

INSERT INTO itineraire (id, nom, distance) VALUES (1289, 'itineraire numero 1289',0.049666084419925684);
INSERT INTO etapes (id_itineraire, id_checkpoint, position) VALUES (1289,229,0);
INSERT INTO etapes (id_itineraire, id_checkpoint, position) VALUES (1289,87,1);
INSERT INTO etapes (id_itineraire, id_checkpoint, position) VALUES (1289,128,2);
INSERT INTO etapes (id_itineraire, id_checkpoint, position) VALUES (1289,118,3);
INSERT INTO etapes (id_itineraire, id_checkpoint, position) VALUES (1289,179,4);
INSERT INTO etapes (id_itineraire, id_checkpoint, position) VALUES (1289,138,5);
INSERT INTO etapes (id_itineraire, id_checkpoint, position) VALUES (1289,256,6);

INSERT INTO itineraire (id, nom, distance) VALUES (1290, 'itineraire numero 1290',0.049400109162014205);
INSERT INTO etapes (id_itineraire, id_checkpoint, position) VALUES (1290,229,0);
INSERT INTO etapes (id_itineraire, id_checkpoint, position) VALUES (1290,87,1);
INSERT INTO etapes (id_itineraire, id_checkpoint, position) VALUES (1290,128,2);
INSERT INTO etapes (id_itineraire, id_checkpoint, position) VALUES (1290,118,3);
INSERT INTO etapes (id_itineraire, id_checkpoint, position) VALUES (1290,179,4);
INSERT INTO etapes (id_itineraire, id_checkpoint, position) VALUES (1290,138,5);
INSERT INTO etapes (id_itineraire, id_checkpoint, position) VALUES (1290,255,6);

INSERT INTO itineraire (id, nom, distance) VALUES (1291, 'itineraire numero 1291',0.033622041963870426);
INSERT INTO etapes (id_itineraire, id_checkpoint, position) VALUES (1291,179,0);
INSERT INTO etapes (id_itineraire, id_checkpoint, position) VALUES (1291,148,1);
INSERT INTO etapes (id_itineraire, id_checkpoint, position) VALUES (1291,138,2);
INSERT INTO etapes (id_itineraire, id_checkpoint, position) VALUES (1291,313,3);
INSERT INTO etapes (id_itineraire, id_checkpoint, position) VALUES (1291,35,4);
INSERT INTO etapes (id_itineraire, id_checkpoint, position) VALUES (1291,32,5);
INSERT INTO etapes (id_itineraire, id_checkpoint, position) VALUES (1291,87,6);

INSERT INTO itineraire (id, nom, distance) VALUES (1292, 'itineraire numero 1292',0.04555589662439997);
INSERT INTO etapes (id_itineraire, id_checkpoint, position) VALUES (1292,179,0);
INSERT INTO etapes (id_itineraire, id_checkpoint, position) VALUES (1292,138,1);
INSERT INTO etapes (id_itineraire, id_checkpoint, position) VALUES (1292,232,2);
INSERT INTO etapes (id_itineraire, id_checkpoint, position) VALUES (1292,254,3);
INSERT INTO etapes (id_itineraire, id_checkpoint, position) VALUES (1292,25,4);
INSERT INTO etapes (id_itineraire, id_checkpoint, position) VALUES (1292,128,5);
INSERT INTO etapes (id_itineraire, id_checkpoint, position) VALUES (1292,87,6);

INSERT INTO itineraire (id, nom, distance) VALUES (1293, 'itineraire numero 1293',0.04629281805760105);
INSERT INTO etapes (id_itineraire, id_checkpoint, position) VALUES (1293,179,0);
INSERT INTO etapes (id_itineraire, id_checkpoint, position) VALUES (1293,138,1);
INSERT INTO etapes (id_itineraire, id_checkpoint, position) VALUES (1293,232,2);
INSERT INTO etapes (id_itineraire, id_checkpoint, position) VALUES (1293,253,3);
INSERT INTO etapes (id_itineraire, id_checkpoint, position) VALUES (1293,25,4);
INSERT INTO etapes (id_itineraire, id_checkpoint, position) VALUES (1293,128,5);
INSERT INTO etapes (id_itineraire, id_checkpoint, position) VALUES (1293,87,6);

INSERT INTO itineraire (id, nom, distance) VALUES (1294, 'itineraire numero 1294',0.040150902556303956);
INSERT INTO etapes (id_itineraire, id_checkpoint, position) VALUES (1294,179,0);
INSERT INTO etapes (id_itineraire, id_checkpoint, position) VALUES (1294,138,1);
INSERT INTO etapes (id_itineraire, id_checkpoint, position) VALUES (1294,260,2);
INSERT INTO etapes (id_itineraire, id_checkpoint, position) VALUES (1294,254,3);
INSERT INTO etapes (id_itineraire, id_checkpoint, position) VALUES (1294,25,4);
INSERT INTO etapes (id_itineraire, id_checkpoint, position) VALUES (1294,128,5);
INSERT INTO etapes (id_itineraire, id_checkpoint, position) VALUES (1294,87,6);

INSERT INTO itineraire (id, nom, distance) VALUES (1295, 'itineraire numero 1295',0.04164206621017407);
INSERT INTO etapes (id_itineraire, id_checkpoint, position) VALUES (1295,179,0);
INSERT INTO etapes (id_itineraire, id_checkpoint, position) VALUES (1295,138,1);
INSERT INTO etapes (id_itineraire, id_checkpoint, position) VALUES (1295,260,2);
INSERT INTO etapes (id_itineraire, id_checkpoint, position) VALUES (1295,253,3);
INSERT INTO etapes (id_itineraire, id_checkpoint, position) VALUES (1295,25,4);
INSERT INTO etapes (id_itineraire, id_checkpoint, position) VALUES (1295,128,5);
INSERT INTO etapes (id_itineraire, id_checkpoint, position) VALUES (1295,87,6);

INSERT INTO itineraire (id, nom, distance) VALUES (1296, 'itineraire numero 1296',0.029460693197249428);
INSERT INTO etapes (id_itineraire, id_checkpoint, position) VALUES (1296,179,0);
INSERT INTO etapes (id_itineraire, id_checkpoint, position) VALUES (1296,148,1);
INSERT INTO etapes (id_itineraire, id_checkpoint, position) VALUES (1296,138,2);
INSERT INTO etapes (id_itineraire, id_checkpoint, position) VALUES (1296,254,3);
INSERT INTO etapes (id_itineraire, id_checkpoint, position) VALUES (1296,25,4);
INSERT INTO etapes (id_itineraire, id_checkpoint, position) VALUES (1296,128,5);
INSERT INTO etapes (id_itineraire, id_checkpoint, position) VALUES (1296,87,6);

INSERT INTO itineraire (id, nom, distance) VALUES (1297, 'itineraire numero 1297',0.05056474373107794);
INSERT INTO etapes (id_itineraire, id_checkpoint, position) VALUES (1297,179,0);
INSERT INTO etapes (id_itineraire, id_checkpoint, position) VALUES (1297,148,1);
INSERT INTO etapes (id_itineraire, id_checkpoint, position) VALUES (1297,138,2);
INSERT INTO etapes (id_itineraire, id_checkpoint, position) VALUES (1297,118,3);
INSERT INTO etapes (id_itineraire, id_checkpoint, position) VALUES (1297,35,4);
INSERT INTO etapes (id_itineraire, id_checkpoint, position) VALUES (1297,100,5);
INSERT INTO etapes (id_itineraire, id_checkpoint, position) VALUES (1297,55,6);

INSERT INTO itineraire (id, nom, distance) VALUES (1298, 'itineraire numero 1298',0.060997534723279304);
INSERT INTO etapes (id_itineraire, id_checkpoint, position) VALUES (1298,241,0);
INSERT INTO etapes (id_itineraire, id_checkpoint, position) VALUES (1298,179,1);
INSERT INTO etapes (id_itineraire, id_checkpoint, position) VALUES (1298,138,2);
INSERT INTO etapes (id_itineraire, id_checkpoint, position) VALUES (1298,118,3);
INSERT INTO etapes (id_itineraire, id_checkpoint, position) VALUES (1298,36,4);
INSERT INTO etapes (id_itineraire, id_checkpoint, position) VALUES (1298,100,5);
INSERT INTO etapes (id_itineraire, id_checkpoint, position) VALUES (1298,263,6);

INSERT INTO itineraire (id, nom, distance) VALUES (1299, 'itineraire numero 1299',0.06151184093383803);
INSERT INTO etapes (id_itineraire, id_checkpoint, position) VALUES (1299,241,0);
INSERT INTO etapes (id_itineraire, id_checkpoint, position) VALUES (1299,179,1);
INSERT INTO etapes (id_itineraire, id_checkpoint, position) VALUES (1299,138,2);
INSERT INTO etapes (id_itineraire, id_checkpoint, position) VALUES (1299,118,3);
INSERT INTO etapes (id_itineraire, id_checkpoint, position) VALUES (1299,36,4);
INSERT INTO etapes (id_itineraire, id_checkpoint, position) VALUES (1299,101,5);
INSERT INTO etapes (id_itineraire, id_checkpoint, position) VALUES (1299,256,6);

INSERT INTO itineraire (id, nom, distance) VALUES (1300, 'itineraire numero 1300',0.06288538127078258);
INSERT INTO etapes (id_itineraire, id_checkpoint, position) VALUES (1300,241,0);
INSERT INTO etapes (id_itineraire, id_checkpoint, position) VALUES (1300,179,1);
INSERT INTO etapes (id_itineraire, id_checkpoint, position) VALUES (1300,138,2);
INSERT INTO etapes (id_itineraire, id_checkpoint, position) VALUES (1300,118,3);
INSERT INTO etapes (id_itineraire, id_checkpoint, position) VALUES (1300,36,4);
INSERT INTO etapes (id_itineraire, id_checkpoint, position) VALUES (1300,101,5);
INSERT INTO etapes (id_itineraire, id_checkpoint, position) VALUES (1300,255,6);

INSERT INTO itineraire (id, nom, distance) VALUES (1301, 'itineraire numero 1301',0.06396716296557906);
INSERT INTO etapes (id_itineraire, id_checkpoint, position) VALUES (1301,241,0);
INSERT INTO etapes (id_itineraire, id_checkpoint, position) VALUES (1301,179,1);
INSERT INTO etapes (id_itineraire, id_checkpoint, position) VALUES (1301,109,2);
INSERT INTO etapes (id_itineraire, id_checkpoint, position) VALUES (1301,35,3);
INSERT INTO etapes (id_itineraire, id_checkpoint, position) VALUES (1301,117,4);
INSERT INTO etapes (id_itineraire, id_checkpoint, position) VALUES (1301,138,5);
INSERT INTO etapes (id_itineraire, id_checkpoint, position) VALUES (1301,263,6);

INSERT INTO itineraire (id, nom, distance) VALUES (1302, 'itineraire numero 1302',0.06204839418905161);
INSERT INTO etapes (id_itineraire, id_checkpoint, position) VALUES (1302,241,0);
INSERT INTO etapes (id_itineraire, id_checkpoint, position) VALUES (1302,179,1);
INSERT INTO etapes (id_itineraire, id_checkpoint, position) VALUES (1302,109,2);
INSERT INTO etapes (id_itineraire, id_checkpoint, position) VALUES (1302,35,3);
INSERT INTO etapes (id_itineraire, id_checkpoint, position) VALUES (1302,117,4);
INSERT INTO etapes (id_itineraire, id_checkpoint, position) VALUES (1302,138,5);
INSERT INTO etapes (id_itineraire, id_checkpoint, position) VALUES (1302,256,6);

INSERT INTO itineraire (id, nom, distance) VALUES (1303, 'itineraire numero 1303',0.06178241893114013);
INSERT INTO etapes (id_itineraire, id_checkpoint, position) VALUES (1303,241,0);
INSERT INTO etapes (id_itineraire, id_checkpoint, position) VALUES (1303,179,1);
INSERT INTO etapes (id_itineraire, id_checkpoint, position) VALUES (1303,109,2);
INSERT INTO etapes (id_itineraire, id_checkpoint, position) VALUES (1303,35,3);
INSERT INTO etapes (id_itineraire, id_checkpoint, position) VALUES (1303,117,4);
INSERT INTO etapes (id_itineraire, id_checkpoint, position) VALUES (1303,138,5);
INSERT INTO etapes (id_itineraire, id_checkpoint, position) VALUES (1303,255,6);

INSERT INTO itineraire (id, nom, distance) VALUES (1304, 'itineraire numero 1304',0.06317127118929088);
INSERT INTO etapes (id_itineraire, id_checkpoint, position) VALUES (1304,97,0);
INSERT INTO etapes (id_itineraire, id_checkpoint, position) VALUES (1304,179,1);
INSERT INTO etapes (id_itineraire, id_checkpoint, position) VALUES (1304,117,2);
INSERT INTO etapes (id_itineraire, id_checkpoint, position) VALUES (1304,36,3);
INSERT INTO etapes (id_itineraire, id_checkpoint, position) VALUES (1304,230,4);
INSERT INTO etapes (id_itineraire, id_checkpoint, position) VALUES (1304,138,5);
INSERT INTO etapes (id_itineraire, id_checkpoint, position) VALUES (1304,256,6);

INSERT INTO itineraire (id, nom, distance) VALUES (1305, 'itineraire numero 1305',0.06290529593137939);
INSERT INTO etapes (id_itineraire, id_checkpoint, position) VALUES (1305,97,0);
INSERT INTO etapes (id_itineraire, id_checkpoint, position) VALUES (1305,179,1);
INSERT INTO etapes (id_itineraire, id_checkpoint, position) VALUES (1305,117,2);
INSERT INTO etapes (id_itineraire, id_checkpoint, position) VALUES (1305,36,3);
INSERT INTO etapes (id_itineraire, id_checkpoint, position) VALUES (1305,230,4);
INSERT INTO etapes (id_itineraire, id_checkpoint, position) VALUES (1305,138,5);
INSERT INTO etapes (id_itineraire, id_checkpoint, position) VALUES (1305,255,6);

INSERT INTO itineraire (id, nom, distance) VALUES (1306, 'itineraire numero 1306',0.0505426692314699);
INSERT INTO etapes (id_itineraire, id_checkpoint, position) VALUES (1306,179,0);
INSERT INTO etapes (id_itineraire, id_checkpoint, position) VALUES (1306,138,1);
INSERT INTO etapes (id_itineraire, id_checkpoint, position) VALUES (1306,249,2);
INSERT INTO etapes (id_itineraire, id_checkpoint, position) VALUES (1306,36,3);
INSERT INTO etapes (id_itineraire, id_checkpoint, position) VALUES (1306,30,4);
INSERT INTO etapes (id_itineraire, id_checkpoint, position) VALUES (1306,101,5);
INSERT INTO etapes (id_itineraire, id_checkpoint, position) VALUES (1306,255,6);

INSERT INTO itineraire (id, nom, distance) VALUES (1307, 'itineraire numero 1307',0.050987789674870374);
INSERT INTO etapes (id_itineraire, id_checkpoint, position) VALUES (1307,179,0);
INSERT INTO etapes (id_itineraire, id_checkpoint, position) VALUES (1307,138,1);
INSERT INTO etapes (id_itineraire, id_checkpoint, position) VALUES (1307,248,2);
INSERT INTO etapes (id_itineraire, id_checkpoint, position) VALUES (1307,36,3);
INSERT INTO etapes (id_itineraire, id_checkpoint, position) VALUES (1307,30,4);
INSERT INTO etapes (id_itineraire, id_checkpoint, position) VALUES (1307,101,5);
INSERT INTO etapes (id_itineraire, id_checkpoint, position) VALUES (1307,255,6);

INSERT INTO itineraire (id, nom, distance) VALUES (1308, 'itineraire numero 1308',0.05558269716849383);
INSERT INTO etapes (id_itineraire, id_checkpoint, position) VALUES (1308,179,0);
INSERT INTO etapes (id_itineraire, id_checkpoint, position) VALUES (1308,138,1);
INSERT INTO etapes (id_itineraire, id_checkpoint, position) VALUES (1308,313,2);
INSERT INTO etapes (id_itineraire, id_checkpoint, position) VALUES (1308,36,3);
INSERT INTO etapes (id_itineraire, id_checkpoint, position) VALUES (1308,30,4);
INSERT INTO etapes (id_itineraire, id_checkpoint, position) VALUES (1308,101,5);
INSERT INTO etapes (id_itineraire, id_checkpoint, position) VALUES (1308,148,6);

INSERT INTO itineraire (id, nom, distance) VALUES (1309, 'itineraire numero 1309',0.05096979793189879);
INSERT INTO etapes (id_itineraire, id_checkpoint, position) VALUES (1309,179,0);
INSERT INTO etapes (id_itineraire, id_checkpoint, position) VALUES (1309,138,1);
INSERT INTO etapes (id_itineraire, id_checkpoint, position) VALUES (1309,254,2);
INSERT INTO etapes (id_itineraire, id_checkpoint, position) VALUES (1309,25,3);
INSERT INTO etapes (id_itineraire, id_checkpoint, position) VALUES (1309,36,4);
INSERT INTO etapes (id_itineraire, id_checkpoint, position) VALUES (1309,101,5);
INSERT INTO etapes (id_itineraire, id_checkpoint, position) VALUES (1309,148,6);

INSERT INTO itineraire (id, nom, distance) VALUES (1310, 'itineraire numero 1310',0.05272847088406486);
INSERT INTO etapes (id_itineraire, id_checkpoint, position) VALUES (1310,179,0);
INSERT INTO etapes (id_itineraire, id_checkpoint, position) VALUES (1310,138,1);
INSERT INTO etapes (id_itineraire, id_checkpoint, position) VALUES (1310,253,2);
INSERT INTO etapes (id_itineraire, id_checkpoint, position) VALUES (1310,25,3);
INSERT INTO etapes (id_itineraire, id_checkpoint, position) VALUES (1310,36,4);
INSERT INTO etapes (id_itineraire, id_checkpoint, position) VALUES (1310,101,5);
INSERT INTO etapes (id_itineraire, id_checkpoint, position) VALUES (1310,148,6);

INSERT INTO itineraire (id, nom, distance) VALUES (1311, 'itineraire numero 1311',0.0722582979225902);
INSERT INTO etapes (id_itineraire, id_checkpoint, position) VALUES (1311,179,0);
INSERT INTO etapes (id_itineraire, id_checkpoint, position) VALUES (1311,192,1);
INSERT INTO etapes (id_itineraire, id_checkpoint, position) VALUES (1311,148,2);
INSERT INTO etapes (id_itineraire, id_checkpoint, position) VALUES (1311,118,3);
INSERT INTO etapes (id_itineraire, id_checkpoint, position) VALUES (1311,36,4);
INSERT INTO etapes (id_itineraire, id_checkpoint, position) VALUES (1311,230,5);
INSERT INTO etapes (id_itineraire, id_checkpoint, position) VALUES (1311,138,6);

INSERT INTO itineraire (id, nom, distance) VALUES (1312, 'itineraire numero 1312',0.06132064258179944);
INSERT INTO etapes (id_itineraire, id_checkpoint, position) VALUES (1312,220,0);
INSERT INTO etapes (id_itineraire, id_checkpoint, position) VALUES (1312,179,1);
INSERT INTO etapes (id_itineraire, id_checkpoint, position) VALUES (1312,138,2);
INSERT INTO etapes (id_itineraire, id_checkpoint, position) VALUES (1312,118,3);
INSERT INTO etapes (id_itineraire, id_checkpoint, position) VALUES (1312,36,4);
INSERT INTO etapes (id_itineraire, id_checkpoint, position) VALUES (1312,230,5);
INSERT INTO etapes (id_itineraire, id_checkpoint, position) VALUES (1312,232,6);

INSERT INTO itineraire (id, nom, distance) VALUES (1313, 'itineraire numero 1313',0.05925062208239316);
INSERT INTO etapes (id_itineraire, id_checkpoint, position) VALUES (1313,220,0);
INSERT INTO etapes (id_itineraire, id_checkpoint, position) VALUES (1313,179,1);
INSERT INTO etapes (id_itineraire, id_checkpoint, position) VALUES (1313,138,2);
INSERT INTO etapes (id_itineraire, id_checkpoint, position) VALUES (1313,118,3);
INSERT INTO etapes (id_itineraire, id_checkpoint, position) VALUES (1313,36,4);
INSERT INTO etapes (id_itineraire, id_checkpoint, position) VALUES (1313,230,5);
INSERT INTO etapes (id_itineraire, id_checkpoint, position) VALUES (1313,260,6);

INSERT INTO itineraire (id, nom, distance) VALUES (1314, 'itineraire numero 1314',0.05650907755126193);
INSERT INTO etapes (id_itineraire, id_checkpoint, position) VALUES (1314,229,0);
INSERT INTO etapes (id_itineraire, id_checkpoint, position) VALUES (1314,25,1);
INSERT INTO etapes (id_itineraire, id_checkpoint, position) VALUES (1314,128,2);
INSERT INTO etapes (id_itineraire, id_checkpoint, position) VALUES (1314,110,3);
INSERT INTO etapes (id_itineraire, id_checkpoint, position) VALUES (1314,179,4);
INSERT INTO etapes (id_itineraire, id_checkpoint, position) VALUES (1314,232,5);
INSERT INTO etapes (id_itineraire, id_checkpoint, position) VALUES (1314,138,6);

INSERT INTO itineraire (id, nom, distance) VALUES (1315, 'itineraire numero 1315',0.05468800169994345);
INSERT INTO etapes (id_itineraire, id_checkpoint, position) VALUES (1315,229,0);
INSERT INTO etapes (id_itineraire, id_checkpoint, position) VALUES (1315,25,1);
INSERT INTO etapes (id_itineraire, id_checkpoint, position) VALUES (1315,128,2);
INSERT INTO etapes (id_itineraire, id_checkpoint, position) VALUES (1315,110,3);
INSERT INTO etapes (id_itineraire, id_checkpoint, position) VALUES (1315,260,4);
INSERT INTO etapes (id_itineraire, id_checkpoint, position) VALUES (1315,179,5);
INSERT INTO etapes (id_itineraire, id_checkpoint, position) VALUES (1315,138,6);

INSERT INTO itineraire (id, nom, distance) VALUES (1316, 'itineraire numero 1316',0.044597162079630256);
INSERT INTO etapes (id_itineraire, id_checkpoint, position) VALUES (1316,229,0);
INSERT INTO etapes (id_itineraire, id_checkpoint, position) VALUES (1316,26,1);
INSERT INTO etapes (id_itineraire, id_checkpoint, position) VALUES (1316,128,2);
INSERT INTO etapes (id_itineraire, id_checkpoint, position) VALUES (1316,110,3);
INSERT INTO etapes (id_itineraire, id_checkpoint, position) VALUES (1316,148,4);
INSERT INTO etapes (id_itineraire, id_checkpoint, position) VALUES (1316,179,5);
INSERT INTO etapes (id_itineraire, id_checkpoint, position) VALUES (1316,138,6);

INSERT INTO itineraire (id, nom, distance) VALUES (1317, 'itineraire numero 1317',0.04186499393081438);
INSERT INTO etapes (id_itineraire, id_checkpoint, position) VALUES (1317,179,0);
INSERT INTO etapes (id_itineraire, id_checkpoint, position) VALUES (1317,138,1);
INSERT INTO etapes (id_itineraire, id_checkpoint, position) VALUES (1317,260,2);
INSERT INTO etapes (id_itineraire, id_checkpoint, position) VALUES (1317,110,3);
INSERT INTO etapes (id_itineraire, id_checkpoint, position) VALUES (1317,36,4);
INSERT INTO etapes (id_itineraire, id_checkpoint, position) VALUES (1317,32,5);
INSERT INTO etapes (id_itineraire, id_checkpoint, position) VALUES (1317,245,6);

INSERT INTO itineraire (id, nom, distance) VALUES (1318, 'itineraire numero 1318',0.03494371097105228);
INSERT INTO etapes (id_itineraire, id_checkpoint, position) VALUES (1318,179,0);
INSERT INTO etapes (id_itineraire, id_checkpoint, position) VALUES (1318,138,1);
INSERT INTO etapes (id_itineraire, id_checkpoint, position) VALUES (1318,148,2);
INSERT INTO etapes (id_itineraire, id_checkpoint, position) VALUES (1318,111,3);
INSERT INTO etapes (id_itineraire, id_checkpoint, position) VALUES (1318,36,4);
INSERT INTO etapes (id_itineraire, id_checkpoint, position) VALUES (1318,32,5);
INSERT INTO etapes (id_itineraire, id_checkpoint, position) VALUES (1318,245,6);

INSERT INTO itineraire (id, nom, distance) VALUES (1319, 'itineraire numero 1319',0.040639562783126866);
INSERT INTO etapes (id_itineraire, id_checkpoint, position) VALUES (1319,179,0);
INSERT INTO etapes (id_itineraire, id_checkpoint, position) VALUES (1319,138,1);
INSERT INTO etapes (id_itineraire, id_checkpoint, position) VALUES (1319,260,2);
INSERT INTO etapes (id_itineraire, id_checkpoint, position) VALUES (1319,111,3);
INSERT INTO etapes (id_itineraire, id_checkpoint, position) VALUES (1319,36,4);
INSERT INTO etapes (id_itineraire, id_checkpoint, position) VALUES (1319,32,5);
INSERT INTO etapes (id_itineraire, id_checkpoint, position) VALUES (1319,244,6);

INSERT INTO itineraire (id, nom, distance) VALUES (1320, 'itineraire numero 1320',0.03371827982336477);
INSERT INTO etapes (id_itineraire, id_checkpoint, position) VALUES (1320,179,0);
INSERT INTO etapes (id_itineraire, id_checkpoint, position) VALUES (1320,138,1);
INSERT INTO etapes (id_itineraire, id_checkpoint, position) VALUES (1320,148,2);
INSERT INTO etapes (id_itineraire, id_checkpoint, position) VALUES (1320,111,3);
INSERT INTO etapes (id_itineraire, id_checkpoint, position) VALUES (1320,36,4);
INSERT INTO etapes (id_itineraire, id_checkpoint, position) VALUES (1320,32,5);
INSERT INTO etapes (id_itineraire, id_checkpoint, position) VALUES (1320,244,6);

INSERT INTO itineraire (id, nom, distance) VALUES (1321, 'itineraire numero 1321',0.04130268897925858);
INSERT INTO etapes (id_itineraire, id_checkpoint, position) VALUES (1321,179,0);
INSERT INTO etapes (id_itineraire, id_checkpoint, position) VALUES (1321,138,1);
INSERT INTO etapes (id_itineraire, id_checkpoint, position) VALUES (1321,260,2);
INSERT INTO etapes (id_itineraire, id_checkpoint, position) VALUES (1321,111,3);
INSERT INTO etapes (id_itineraire, id_checkpoint, position) VALUES (1321,127,4);
INSERT INTO etapes (id_itineraire, id_checkpoint, position) VALUES (1321,32,5);
INSERT INTO etapes (id_itineraire, id_checkpoint, position) VALUES (1321,242,6);

INSERT INTO itineraire (id, nom, distance) VALUES (1322, 'itineraire numero 1322',0.03438140601949648);
INSERT INTO etapes (id_itineraire, id_checkpoint, position) VALUES (1322,179,0);
INSERT INTO etapes (id_itineraire, id_checkpoint, position) VALUES (1322,138,1);
INSERT INTO etapes (id_itineraire, id_checkpoint, position) VALUES (1322,148,2);
INSERT INTO etapes (id_itineraire, id_checkpoint, position) VALUES (1322,111,3);
INSERT INTO etapes (id_itineraire, id_checkpoint, position) VALUES (1322,127,4);
INSERT INTO etapes (id_itineraire, id_checkpoint, position) VALUES (1322,32,5);
INSERT INTO etapes (id_itineraire, id_checkpoint, position) VALUES (1322,242,6);

INSERT INTO itineraire (id, nom, distance) VALUES (1323, 'itineraire numero 1323',0.03469502336610473);
INSERT INTO etapes (id_itineraire, id_checkpoint, position) VALUES (1323,179,0);
INSERT INTO etapes (id_itineraire, id_checkpoint, position) VALUES (1323,138,1);
INSERT INTO etapes (id_itineraire, id_checkpoint, position) VALUES (1323,148,2);
INSERT INTO etapes (id_itineraire, id_checkpoint, position) VALUES (1323,111,3);
INSERT INTO etapes (id_itineraire, id_checkpoint, position) VALUES (1323,127,4);
INSERT INTO etapes (id_itineraire, id_checkpoint, position) VALUES (1323,32,5);
INSERT INTO etapes (id_itineraire, id_checkpoint, position) VALUES (1323,84,6);

INSERT INTO itineraire (id, nom, distance) VALUES (1324, 'itineraire numero 1324',0.036343787884329785);
INSERT INTO etapes (id_itineraire, id_checkpoint, position) VALUES (1324,179,0);
INSERT INTO etapes (id_itineraire, id_checkpoint, position) VALUES (1324,138,1);
INSERT INTO etapes (id_itineraire, id_checkpoint, position) VALUES (1324,148,2);
INSERT INTO etapes (id_itineraire, id_checkpoint, position) VALUES (1324,111,3);
INSERT INTO etapes (id_itineraire, id_checkpoint, position) VALUES (1324,127,4);
INSERT INTO etapes (id_itineraire, id_checkpoint, position) VALUES (1324,32,5);
INSERT INTO etapes (id_itineraire, id_checkpoint, position) VALUES (1324,246,6);

INSERT INTO itineraire (id, nom, distance) VALUES (1325, 'itineraire numero 1325',0.035416957724345374);
INSERT INTO etapes (id_itineraire, id_checkpoint, position) VALUES (1325,179,0);
INSERT INTO etapes (id_itineraire, id_checkpoint, position) VALUES (1325,138,1);
INSERT INTO etapes (id_itineraire, id_checkpoint, position) VALUES (1325,148,2);
INSERT INTO etapes (id_itineraire, id_checkpoint, position) VALUES (1325,111,3);
INSERT INTO etapes (id_itineraire, id_checkpoint, position) VALUES (1325,127,4);
INSERT INTO etapes (id_itineraire, id_checkpoint, position) VALUES (1325,125,5);
INSERT INTO etapes (id_itineraire, id_checkpoint, position) VALUES (1325,25,6);

INSERT INTO itineraire (id, nom, distance) VALUES (1326, 'itineraire numero 1326',0.05980963377089242);
INSERT INTO etapes (id_itineraire, id_checkpoint, position) VALUES (1326,179,0);
INSERT INTO etapes (id_itineraire, id_checkpoint, position) VALUES (1326,110,1);
INSERT INTO etapes (id_itineraire, id_checkpoint, position) VALUES (1326,128,2);
INSERT INTO etapes (id_itineraire, id_checkpoint, position) VALUES (1326,30,3);
INSERT INTO etapes (id_itineraire, id_checkpoint, position) VALUES (1326,313,4);
INSERT INTO etapes (id_itineraire, id_checkpoint, position) VALUES (1326,138,5);
INSERT INTO etapes (id_itineraire, id_checkpoint, position) VALUES (1326,232,6);

INSERT INTO itineraire (id, nom, distance) VALUES (1327, 'itineraire numero 1327',0.057136461500867756);
INSERT INTO etapes (id_itineraire, id_checkpoint, position) VALUES (1327,179,0);
INSERT INTO etapes (id_itineraire, id_checkpoint, position) VALUES (1327,111,1);
INSERT INTO etapes (id_itineraire, id_checkpoint, position) VALUES (1327,128,2);
INSERT INTO etapes (id_itineraire, id_checkpoint, position) VALUES (1327,30,3);
INSERT INTO etapes (id_itineraire, id_checkpoint, position) VALUES (1327,313,4);
INSERT INTO etapes (id_itineraire, id_checkpoint, position) VALUES (1327,138,5);
INSERT INTO etapes (id_itineraire, id_checkpoint, position) VALUES (1327,260,6);

INSERT INTO itineraire (id, nom, distance) VALUES (1328, 'itineraire numero 1328',0.05455443119312912);
INSERT INTO etapes (id_itineraire, id_checkpoint, position) VALUES (1328,179,0);
INSERT INTO etapes (id_itineraire, id_checkpoint, position) VALUES (1328,111,1);
INSERT INTO etapes (id_itineraire, id_checkpoint, position) VALUES (1328,128,2);
INSERT INTO etapes (id_itineraire, id_checkpoint, position) VALUES (1328,30,3);
INSERT INTO etapes (id_itineraire, id_checkpoint, position) VALUES (1328,313,4);
INSERT INTO etapes (id_itineraire, id_checkpoint, position) VALUES (1328,138,5);
INSERT INTO etapes (id_itineraire, id_checkpoint, position) VALUES (1328,148,6);

INSERT INTO itineraire (id, nom, distance) VALUES (1329, 'itineraire numero 1329',0.0563282569165955);
INSERT INTO etapes (id_itineraire, id_checkpoint, position) VALUES (1329,179,0);
INSERT INTO etapes (id_itineraire, id_checkpoint, position) VALUES (1329,254,1);
INSERT INTO etapes (id_itineraire, id_checkpoint, position) VALUES (1329,25,2);
INSERT INTO etapes (id_itineraire, id_checkpoint, position) VALUES (1329,36,3);
INSERT INTO etapes (id_itineraire, id_checkpoint, position) VALUES (1329,109,4);
INSERT INTO etapes (id_itineraire, id_checkpoint, position) VALUES (1329,138,5);
INSERT INTO etapes (id_itineraire, id_checkpoint, position) VALUES (1329,232,6);

INSERT INTO itineraire (id, nom, distance) VALUES (1330, 'itineraire numero 1330',0.05836622043955855);
INSERT INTO etapes (id_itineraire, id_checkpoint, position) VALUES (1330,179,0);
INSERT INTO etapes (id_itineraire, id_checkpoint, position) VALUES (1330,138,1);
INSERT INTO etapes (id_itineraire, id_checkpoint, position) VALUES (1330,109,2);
INSERT INTO etapes (id_itineraire, id_checkpoint, position) VALUES (1330,36,3);
INSERT INTO etapes (id_itineraire, id_checkpoint, position) VALUES (1330,25,4);
INSERT INTO etapes (id_itineraire, id_checkpoint, position) VALUES (1330,253,5);
INSERT INTO etapes (id_itineraire, id_checkpoint, position) VALUES (1330,232,6);

INSERT INTO itineraire (id, nom, distance) VALUES (1331, 'itineraire numero 1331',0.05896630711546494);
INSERT INTO etapes (id_itineraire, id_checkpoint, position) VALUES (1331,179,0);
INSERT INTO etapes (id_itineraire, id_checkpoint, position) VALUES (1331,254,1);
INSERT INTO etapes (id_itineraire, id_checkpoint, position) VALUES (1331,25,2);
INSERT INTO etapes (id_itineraire, id_checkpoint, position) VALUES (1331,36,3);
INSERT INTO etapes (id_itineraire, id_checkpoint, position) VALUES (1331,109,4);
INSERT INTO etapes (id_itineraire, id_checkpoint, position) VALUES (1331,260,5);
INSERT INTO etapes (id_itineraire, id_checkpoint, position) VALUES (1331,138,6);

INSERT INTO itineraire (id, nom, distance) VALUES (1332, 'itineraire numero 1332',0.056388640862156225);
INSERT INTO etapes (id_itineraire, id_checkpoint, position) VALUES (1332,179,0);
INSERT INTO etapes (id_itineraire, id_checkpoint, position) VALUES (1332,138,1);
INSERT INTO etapes (id_itineraire, id_checkpoint, position) VALUES (1332,109,2);
INSERT INTO etapes (id_itineraire, id_checkpoint, position) VALUES (1332,36,3);
INSERT INTO etapes (id_itineraire, id_checkpoint, position) VALUES (1332,26,4);
INSERT INTO etapes (id_itineraire, id_checkpoint, position) VALUES (1332,253,5);
INSERT INTO etapes (id_itineraire, id_checkpoint, position) VALUES (1332,260,6);

INSERT INTO itineraire (id, nom, distance) VALUES (1333, 'itineraire numero 1333',0.05204502415570285);
INSERT INTO etapes (id_itineraire, id_checkpoint, position) VALUES (1333,179,0);
INSERT INTO etapes (id_itineraire, id_checkpoint, position) VALUES (1333,254,1);
INSERT INTO etapes (id_itineraire, id_checkpoint, position) VALUES (1333,25,2);
INSERT INTO etapes (id_itineraire, id_checkpoint, position) VALUES (1333,36,3);
INSERT INTO etapes (id_itineraire, id_checkpoint, position) VALUES (1333,109,4);
INSERT INTO etapes (id_itineraire, id_checkpoint, position) VALUES (1333,148,5);
INSERT INTO etapes (id_itineraire, id_checkpoint, position) VALUES (1333,138,6);

INSERT INTO itineraire (id, nom, distance) VALUES (1334, 'itineraire numero 1334',0.0506548652558635);
INSERT INTO etapes (id_itineraire, id_checkpoint, position) VALUES (1334,179,0);
INSERT INTO etapes (id_itineraire, id_checkpoint, position) VALUES (1334,138,1);
INSERT INTO etapes (id_itineraire, id_checkpoint, position) VALUES (1334,109,2);
INSERT INTO etapes (id_itineraire, id_checkpoint, position) VALUES (1334,36,3);
INSERT INTO etapes (id_itineraire, id_checkpoint, position) VALUES (1334,26,4);
INSERT INTO etapes (id_itineraire, id_checkpoint, position) VALUES (1334,253,5);
INSERT INTO etapes (id_itineraire, id_checkpoint, position) VALUES (1334,148,6);

INSERT INTO itineraire (id, nom, distance) VALUES (1335, 'itineraire numero 1335',0.05364694594891474);
INSERT INTO etapes (id_itineraire, id_checkpoint, position) VALUES (1335,215,0);
INSERT INTO etapes (id_itineraire, id_checkpoint, position) VALUES (1335,179,1);
INSERT INTO etapes (id_itineraire, id_checkpoint, position) VALUES (1335,232,2);
INSERT INTO etapes (id_itineraire, id_checkpoint, position) VALUES (1335,138,3);
INSERT INTO etapes (id_itineraire, id_checkpoint, position) VALUES (1335,99,4);
INSERT INTO etapes (id_itineraire, id_checkpoint, position) VALUES (1335,125,5);
INSERT INTO etapes (id_itineraire, id_checkpoint, position) VALUES (1335,87,6);

INSERT INTO itineraire (id, nom, distance) VALUES (1336, 'itineraire numero 1336',0.043558289272439515);
INSERT INTO etapes (id_itineraire, id_checkpoint, position) VALUES (1336,215,0);
INSERT INTO etapes (id_itineraire, id_checkpoint, position) VALUES (1336,179,1);
INSERT INTO etapes (id_itineraire, id_checkpoint, position) VALUES (1336,138,2);
INSERT INTO etapes (id_itineraire, id_checkpoint, position) VALUES (1336,148,3);
INSERT INTO etapes (id_itineraire, id_checkpoint, position) VALUES (1336,99,4);
INSERT INTO etapes (id_itineraire, id_checkpoint, position) VALUES (1336,125,5);
INSERT INTO etapes (id_itineraire, id_checkpoint, position) VALUES (1336,87,6);

INSERT INTO itineraire (id, nom, distance) VALUES (1337, 'itineraire numero 1337',0.052906902293516536);
INSERT INTO etapes (id_itineraire, id_checkpoint, position) VALUES (1337,215,0);
INSERT INTO etapes (id_itineraire, id_checkpoint, position) VALUES (1337,179,1);
INSERT INTO etapes (id_itineraire, id_checkpoint, position) VALUES (1337,138,2);
INSERT INTO etapes (id_itineraire, id_checkpoint, position) VALUES (1337,148,3);
INSERT INTO etapes (id_itineraire, id_checkpoint, position) VALUES (1337,99,4);
INSERT INTO etapes (id_itineraire, id_checkpoint, position) VALUES (1337,125,5);
INSERT INTO etapes (id_itineraire, id_checkpoint, position) VALUES (1337,96,6);

INSERT INTO itineraire (id, nom, distance) VALUES (1338, 'itineraire numero 1338',0.06617645410939642);
INSERT INTO etapes (id_itineraire, id_checkpoint, position) VALUES (1338,215,0);
INSERT INTO etapes (id_itineraire, id_checkpoint, position) VALUES (1338,138,1);
INSERT INTO etapes (id_itineraire, id_checkpoint, position) VALUES (1338,99,2);
INSERT INTO etapes (id_itineraire, id_checkpoint, position) VALUES (1338,30,3);
INSERT INTO etapes (id_itineraire, id_checkpoint, position) VALUES (1338,109,4);
INSERT INTO etapes (id_itineraire, id_checkpoint, position) VALUES (1338,179,5);
INSERT INTO etapes (id_itineraire, id_checkpoint, position) VALUES (1338,232,6);

INSERT INTO itineraire (id, nom, distance) VALUES (1339, 'itineraire numero 1339',0.061288248543945684);
INSERT INTO etapes (id_itineraire, id_checkpoint, position) VALUES (1339,215,0);
INSERT INTO etapes (id_itineraire, id_checkpoint, position) VALUES (1339,179,1);
INSERT INTO etapes (id_itineraire, id_checkpoint, position) VALUES (1339,138,2);
INSERT INTO etapes (id_itineraire, id_checkpoint, position) VALUES (1339,260,3);
INSERT INTO etapes (id_itineraire, id_checkpoint, position) VALUES (1339,109,4);
INSERT INTO etapes (id_itineraire, id_checkpoint, position) VALUES (1339,125,5);
INSERT INTO etapes (id_itineraire, id_checkpoint, position) VALUES (1339,99,6);

INSERT INTO itineraire (id, nom, distance) VALUES (1340, 'itineraire numero 1340',0.05436696558418359);
INSERT INTO etapes (id_itineraire, id_checkpoint, position) VALUES (1340,215,0);
INSERT INTO etapes (id_itineraire, id_checkpoint, position) VALUES (1340,179,1);
INSERT INTO etapes (id_itineraire, id_checkpoint, position) VALUES (1340,138,2);
INSERT INTO etapes (id_itineraire, id_checkpoint, position) VALUES (1340,148,3);
INSERT INTO etapes (id_itineraire, id_checkpoint, position) VALUES (1340,109,4);
INSERT INTO etapes (id_itineraire, id_checkpoint, position) VALUES (1340,125,5);
INSERT INTO etapes (id_itineraire, id_checkpoint, position) VALUES (1340,99,6);

INSERT INTO itineraire (id, nom, distance) VALUES (1341, 'itineraire numero 1341',0.05672660774800727);
INSERT INTO etapes (id_itineraire, id_checkpoint, position) VALUES (1341,215,0);
INSERT INTO etapes (id_itineraire, id_checkpoint, position) VALUES (1341,179,1);
INSERT INTO etapes (id_itineraire, id_checkpoint, position) VALUES (1341,118,2);
INSERT INTO etapes (id_itineraire, id_checkpoint, position) VALUES (1341,138,3);
INSERT INTO etapes (id_itineraire, id_checkpoint, position) VALUES (1341,232,4);
INSERT INTO etapes (id_itineraire, id_checkpoint, position) VALUES (1341,292,5);
INSERT INTO etapes (id_itineraire, id_checkpoint, position) VALUES (1341,185,6);

INSERT INTO itineraire (id, nom, distance) VALUES (1342, 'itineraire numero 1342',0.052826868698470635);
INSERT INTO etapes (id_itineraire, id_checkpoint, position) VALUES (1342,215,0);
INSERT INTO etapes (id_itineraire, id_checkpoint, position) VALUES (1342,179,1);
INSERT INTO etapes (id_itineraire, id_checkpoint, position) VALUES (1342,118,2);
INSERT INTO etapes (id_itineraire, id_checkpoint, position) VALUES (1342,138,3);
INSERT INTO etapes (id_itineraire, id_checkpoint, position) VALUES (1342,260,4);
INSERT INTO etapes (id_itineraire, id_checkpoint, position) VALUES (1342,292,5);
INSERT INTO etapes (id_itineraire, id_checkpoint, position) VALUES (1342,185,6);

INSERT INTO itineraire (id, nom, distance) VALUES (1343, 'itineraire numero 1343',0.054426614032364456);
INSERT INTO etapes (id_itineraire, id_checkpoint, position) VALUES (1343,25,0);
INSERT INTO etapes (id_itineraire, id_checkpoint, position) VALUES (1343,301,1);
INSERT INTO etapes (id_itineraire, id_checkpoint, position) VALUES (1343,179,2);
INSERT INTO etapes (id_itineraire, id_checkpoint, position) VALUES (1343,215,3);
INSERT INTO etapes (id_itineraire, id_checkpoint, position) VALUES (1343,148,4);
INSERT INTO etapes (id_itineraire, id_checkpoint, position) VALUES (1343,138,5);
INSERT INTO etapes (id_itineraire, id_checkpoint, position) VALUES (1343,292,6);

INSERT INTO itineraire (id, nom, distance) VALUES (1344, 'itineraire numero 1344',0.04847756205431728);
INSERT INTO etapes (id_itineraire, id_checkpoint, position) VALUES (1344,25,0);
INSERT INTO etapes (id_itineraire, id_checkpoint, position) VALUES (1344,111,1);
INSERT INTO etapes (id_itineraire, id_checkpoint, position) VALUES (1344,179,2);
INSERT INTO etapes (id_itineraire, id_checkpoint, position) VALUES (1344,215,3);
INSERT INTO etapes (id_itineraire, id_checkpoint, position) VALUES (1344,148,4);
INSERT INTO etapes (id_itineraire, id_checkpoint, position) VALUES (1344,138,5);
INSERT INTO etapes (id_itineraire, id_checkpoint, position) VALUES (1344,292,6);

INSERT INTO itineraire (id, nom, distance) VALUES (1345, 'itineraire numero 1345',0.05644353304634284);
INSERT INTO etapes (id_itineraire, id_checkpoint, position) VALUES (1345,215,0);
INSERT INTO etapes (id_itineraire, id_checkpoint, position) VALUES (1345,179,1);
INSERT INTO etapes (id_itineraire, id_checkpoint, position) VALUES (1345,138,2);
INSERT INTO etapes (id_itineraire, id_checkpoint, position) VALUES (1345,232,3);
INSERT INTO etapes (id_itineraire, id_checkpoint, position) VALUES (1345,254,4);
INSERT INTO etapes (id_itineraire, id_checkpoint, position) VALUES (1345,25,5);
INSERT INTO etapes (id_itineraire, id_checkpoint, position) VALUES (1345,88,6);

INSERT INTO itineraire (id, nom, distance) VALUES (1346, 'itineraire numero 1346',0.05718045447954392);
INSERT INTO etapes (id_itineraire, id_checkpoint, position) VALUES (1346,215,0);
INSERT INTO etapes (id_itineraire, id_checkpoint, position) VALUES (1346,179,1);
INSERT INTO etapes (id_itineraire, id_checkpoint, position) VALUES (1346,138,2);
INSERT INTO etapes (id_itineraire, id_checkpoint, position) VALUES (1346,232,3);
INSERT INTO etapes (id_itineraire, id_checkpoint, position) VALUES (1346,253,4);
INSERT INTO etapes (id_itineraire, id_checkpoint, position) VALUES (1346,25,5);
INSERT INTO etapes (id_itineraire, id_checkpoint, position) VALUES (1346,88,6);

INSERT INTO itineraire (id, nom, distance) VALUES (1347, 'itineraire numero 1347',0.05103853897824683);
INSERT INTO etapes (id_itineraire, id_checkpoint, position) VALUES (1347,215,0);
INSERT INTO etapes (id_itineraire, id_checkpoint, position) VALUES (1347,179,1);
INSERT INTO etapes (id_itineraire, id_checkpoint, position) VALUES (1347,138,2);
INSERT INTO etapes (id_itineraire, id_checkpoint, position) VALUES (1347,260,3);
INSERT INTO etapes (id_itineraire, id_checkpoint, position) VALUES (1347,254,4);
INSERT INTO etapes (id_itineraire, id_checkpoint, position) VALUES (1347,25,5);
INSERT INTO etapes (id_itineraire, id_checkpoint, position) VALUES (1347,88,6);

INSERT INTO itineraire (id, nom, distance) VALUES (1348, 'itineraire numero 1348',0.05252970263211693);
INSERT INTO etapes (id_itineraire, id_checkpoint, position) VALUES (1348,215,0);
INSERT INTO etapes (id_itineraire, id_checkpoint, position) VALUES (1348,179,1);
INSERT INTO etapes (id_itineraire, id_checkpoint, position) VALUES (1348,138,2);
INSERT INTO etapes (id_itineraire, id_checkpoint, position) VALUES (1348,260,3);
INSERT INTO etapes (id_itineraire, id_checkpoint, position) VALUES (1348,253,4);
INSERT INTO etapes (id_itineraire, id_checkpoint, position) VALUES (1348,25,5);
INSERT INTO etapes (id_itineraire, id_checkpoint, position) VALUES (1348,88,6);

INSERT INTO itineraire (id, nom, distance) VALUES (1349, 'itineraire numero 1349',0.052350116265402494);
INSERT INTO etapes (id_itineraire, id_checkpoint, position) VALUES (1349,88,0);
INSERT INTO etapes (id_itineraire, id_checkpoint, position) VALUES (1349,26,1);
INSERT INTO etapes (id_itineraire, id_checkpoint, position) VALUES (1349,254,2);
INSERT INTO etapes (id_itineraire, id_checkpoint, position) VALUES (1349,215,3);
INSERT INTO etapes (id_itineraire, id_checkpoint, position) VALUES (1349,148,4);
INSERT INTO etapes (id_itineraire, id_checkpoint, position) VALUES (1349,138,5);
INSERT INTO etapes (id_itineraire, id_checkpoint, position) VALUES (1349,179,6);

INSERT INTO itineraire (id, nom, distance) VALUES (1350, 'itineraire numero 1350',0.0541118334465955);
INSERT INTO etapes (id_itineraire, id_checkpoint, position) VALUES (1350,88,0);
INSERT INTO etapes (id_itineraire, id_checkpoint, position) VALUES (1350,26,1);
INSERT INTO etapes (id_itineraire, id_checkpoint, position) VALUES (1350,253,2);
INSERT INTO etapes (id_itineraire, id_checkpoint, position) VALUES (1350,215,3);
INSERT INTO etapes (id_itineraire, id_checkpoint, position) VALUES (1350,148,4);
INSERT INTO etapes (id_itineraire, id_checkpoint, position) VALUES (1350,138,5);
INSERT INTO etapes (id_itineraire, id_checkpoint, position) VALUES (1350,179,6);

INSERT INTO itineraire (id, nom, distance) VALUES (1351, 'itineraire numero 1351',0.058578229509784654);
INSERT INTO etapes (id_itineraire, id_checkpoint, position) VALUES (1351,117,0);
INSERT INTO etapes (id_itineraire, id_checkpoint, position) VALUES (1351,138,1);
INSERT INTO etapes (id_itineraire, id_checkpoint, position) VALUES (1351,215,2);
INSERT INTO etapes (id_itineraire, id_checkpoint, position) VALUES (1351,232,3);
INSERT INTO etapes (id_itineraire, id_checkpoint, position) VALUES (1351,179,4);
INSERT INTO etapes (id_itineraire, id_checkpoint, position) VALUES (1351,101,5);
INSERT INTO etapes (id_itineraire, id_checkpoint, position) VALUES (1351,55,6);

INSERT INTO itineraire (id, nom, distance) VALUES (1352, 'itineraire numero 1352',0.04700386545293579);
INSERT INTO etapes (id_itineraire, id_checkpoint, position) VALUES (1352,241,0);
INSERT INTO etapes (id_itineraire, id_checkpoint, position) VALUES (1352,215,1);
INSERT INTO etapes (id_itineraire, id_checkpoint, position) VALUES (1352,192,2);
INSERT INTO etapes (id_itineraire, id_checkpoint, position) VALUES (1352,179,3);
INSERT INTO etapes (id_itineraire, id_checkpoint, position) VALUES (1352,232,4);
INSERT INTO etapes (id_itineraire, id_checkpoint, position) VALUES (1352,138,5);
INSERT INTO etapes (id_itineraire, id_checkpoint, position) VALUES (1352,117,6);

INSERT INTO itineraire (id, nom, distance) VALUES (1353, 'itineraire numero 1353',0.045651017839018315);
INSERT INTO etapes (id_itineraire, id_checkpoint, position) VALUES (1353,241,0);
INSERT INTO etapes (id_itineraire, id_checkpoint, position) VALUES (1353,215,1);
INSERT INTO etapes (id_itineraire, id_checkpoint, position) VALUES (1353,192,2);
INSERT INTO etapes (id_itineraire, id_checkpoint, position) VALUES (1353,260,3);
INSERT INTO etapes (id_itineraire, id_checkpoint, position) VALUES (1353,179,4);
INSERT INTO etapes (id_itineraire, id_checkpoint, position) VALUES (1353,117,5);
INSERT INTO etapes (id_itineraire, id_checkpoint, position) VALUES (1353,138,6);

INSERT INTO itineraire (id, nom, distance) VALUES (1354, 'itineraire numero 1354',0.048981290391328966);
INSERT INTO etapes (id_itineraire, id_checkpoint, position) VALUES (1354,241,0);
INSERT INTO etapes (id_itineraire, id_checkpoint, position) VALUES (1354,215,1);
INSERT INTO etapes (id_itineraire, id_checkpoint, position) VALUES (1354,192,2);
INSERT INTO etapes (id_itineraire, id_checkpoint, position) VALUES (1354,148,3);
INSERT INTO etapes (id_itineraire, id_checkpoint, position) VALUES (1354,118,4);
INSERT INTO etapes (id_itineraire, id_checkpoint, position) VALUES (1354,179,5);
INSERT INTO etapes (id_itineraire, id_checkpoint, position) VALUES (1354,138,6);

INSERT INTO itineraire (id, nom, distance) VALUES (1355, 'itineraire numero 1355',0.04851580083812308);
INSERT INTO etapes (id_itineraire, id_checkpoint, position) VALUES (1355,241,0);
INSERT INTO etapes (id_itineraire, id_checkpoint, position) VALUES (1355,215,1);
INSERT INTO etapes (id_itineraire, id_checkpoint, position) VALUES (1355,192,2);
INSERT INTO etapes (id_itineraire, id_checkpoint, position) VALUES (1355,179,3);
INSERT INTO etapes (id_itineraire, id_checkpoint, position) VALUES (1355,232,4);
INSERT INTO etapes (id_itineraire, id_checkpoint, position) VALUES (1355,138,5);
INSERT INTO etapes (id_itineraire, id_checkpoint, position) VALUES (1355,70,6);

INSERT INTO itineraire (id, nom, distance) VALUES (1356, 'itineraire numero 1356',0.04301747693062501);
INSERT INTO etapes (id_itineraire, id_checkpoint, position) VALUES (1356,70,0);
INSERT INTO etapes (id_itineraire, id_checkpoint, position) VALUES (1356,179,1);
INSERT INTO etapes (id_itineraire, id_checkpoint, position) VALUES (1356,215,2);
INSERT INTO etapes (id_itineraire, id_checkpoint, position) VALUES (1356,241,3);
INSERT INTO etapes (id_itineraire, id_checkpoint, position) VALUES (1356,192,4);
INSERT INTO etapes (id_itineraire, id_checkpoint, position) VALUES (1356,260,5);
INSERT INTO etapes (id_itineraire, id_checkpoint, position) VALUES (1356,138,6);

INSERT INTO itineraire (id, nom, distance) VALUES (1357, 'itineraire numero 1357',0.04558157112844423);
INSERT INTO etapes (id_itineraire, id_checkpoint, position) VALUES (1357,70,0);
INSERT INTO etapes (id_itineraire, id_checkpoint, position) VALUES (1357,179,1);
INSERT INTO etapes (id_itineraire, id_checkpoint, position) VALUES (1357,215,2);
INSERT INTO etapes (id_itineraire, id_checkpoint, position) VALUES (1357,241,3);
INSERT INTO etapes (id_itineraire, id_checkpoint, position) VALUES (1357,192,4);
INSERT INTO etapes (id_itineraire, id_checkpoint, position) VALUES (1357,148,5);
INSERT INTO etapes (id_itineraire, id_checkpoint, position) VALUES (1357,138,6);

INSERT INTO itineraire (id, nom, distance) VALUES (1358, 'itineraire numero 1358',0.05814413976945687);
INSERT INTO etapes (id_itineraire, id_checkpoint, position) VALUES (1358,117,0);
INSERT INTO etapes (id_itineraire, id_checkpoint, position) VALUES (1358,219,1);
INSERT INTO etapes (id_itineraire, id_checkpoint, position) VALUES (1358,215,2);
INSERT INTO etapes (id_itineraire, id_checkpoint, position) VALUES (1358,241,3);
INSERT INTO etapes (id_itineraire, id_checkpoint, position) VALUES (1358,179,4);
INSERT INTO etapes (id_itineraire, id_checkpoint, position) VALUES (1358,232,5);
INSERT INTO etapes (id_itineraire, id_checkpoint, position) VALUES (1358,138,6);

INSERT INTO itineraire (id, nom, distance) VALUES (1359, 'itineraire numero 1359',0.04634353317260024);
INSERT INTO etapes (id_itineraire, id_checkpoint, position) VALUES (1359,117,0);
INSERT INTO etapes (id_itineraire, id_checkpoint, position) VALUES (1359,219,1);
INSERT INTO etapes (id_itineraire, id_checkpoint, position) VALUES (1359,215,2);
INSERT INTO etapes (id_itineraire, id_checkpoint, position) VALUES (1359,241,3);
INSERT INTO etapes (id_itineraire, id_checkpoint, position) VALUES (1359,260,4);
INSERT INTO etapes (id_itineraire, id_checkpoint, position) VALUES (1359,179,5);
INSERT INTO etapes (id_itineraire, id_checkpoint, position) VALUES (1359,138,6);

INSERT INTO itineraire (id, nom, distance) VALUES (1360, 'itineraire numero 1360',0.04621900752229109);
INSERT INTO etapes (id_itineraire, id_checkpoint, position) VALUES (1360,117,0);
INSERT INTO etapes (id_itineraire, id_checkpoint, position) VALUES (1360,219,1);
INSERT INTO etapes (id_itineraire, id_checkpoint, position) VALUES (1360,215,2);
INSERT INTO etapes (id_itineraire, id_checkpoint, position) VALUES (1360,241,3);
INSERT INTO etapes (id_itineraire, id_checkpoint, position) VALUES (1360,148,4);
INSERT INTO etapes (id_itineraire, id_checkpoint, position) VALUES (1360,179,5);
INSERT INTO etapes (id_itineraire, id_checkpoint, position) VALUES (1360,138,6);

INSERT INTO itineraire (id, nom, distance) VALUES (1361, 'itineraire numero 1361',0.04443537983305634);
INSERT INTO etapes (id_itineraire, id_checkpoint, position) VALUES (1361,117,0);
INSERT INTO etapes (id_itineraire, id_checkpoint, position) VALUES (1361,179,1);
INSERT INTO etapes (id_itineraire, id_checkpoint, position) VALUES (1361,215,2);
INSERT INTO etapes (id_itineraire, id_checkpoint, position) VALUES (1361,241,3);
INSERT INTO etapes (id_itineraire, id_checkpoint, position) VALUES (1361,202,4);
INSERT INTO etapes (id_itineraire, id_checkpoint, position) VALUES (1361,232,5);
INSERT INTO etapes (id_itineraire, id_checkpoint, position) VALUES (1361,138,6);

INSERT INTO itineraire (id, nom, distance) VALUES (1362, 'itineraire numero 1362',0.043764508311999975);
INSERT INTO etapes (id_itineraire, id_checkpoint, position) VALUES (1362,117,0);
INSERT INTO etapes (id_itineraire, id_checkpoint, position) VALUES (1362,179,1);
INSERT INTO etapes (id_itineraire, id_checkpoint, position) VALUES (1362,215,2);
INSERT INTO etapes (id_itineraire, id_checkpoint, position) VALUES (1362,241,3);
INSERT INTO etapes (id_itineraire, id_checkpoint, position) VALUES (1362,202,4);
INSERT INTO etapes (id_itineraire, id_checkpoint, position) VALUES (1362,260,5);
INSERT INTO etapes (id_itineraire, id_checkpoint, position) VALUES (1362,138,6);

INSERT INTO itineraire (id, nom, distance) VALUES (1363, 'itineraire numero 1363',0.046778924960351326);
INSERT INTO etapes (id_itineraire, id_checkpoint, position) VALUES (1363,117,0);
INSERT INTO etapes (id_itineraire, id_checkpoint, position) VALUES (1363,179,1);
INSERT INTO etapes (id_itineraire, id_checkpoint, position) VALUES (1363,215,2);
INSERT INTO etapes (id_itineraire, id_checkpoint, position) VALUES (1363,241,3);
INSERT INTO etapes (id_itineraire, id_checkpoint, position) VALUES (1363,202,4);
INSERT INTO etapes (id_itineraire, id_checkpoint, position) VALUES (1363,148,5);
INSERT INTO etapes (id_itineraire, id_checkpoint, position) VALUES (1363,138,6);

INSERT INTO itineraire (id, nom, distance) VALUES (1364, 'itineraire numero 1364',0.04962340075443877);
INSERT INTO etapes (id_itineraire, id_checkpoint, position) VALUES (1364,117,0);
INSERT INTO etapes (id_itineraire, id_checkpoint, position) VALUES (1364,301,1);
INSERT INTO etapes (id_itineraire, id_checkpoint, position) VALUES (1364,179,2);
INSERT INTO etapes (id_itineraire, id_checkpoint, position) VALUES (1364,215,3);
INSERT INTO etapes (id_itineraire, id_checkpoint, position) VALUES (1364,241,4);
INSERT INTO etapes (id_itineraire, id_checkpoint, position) VALUES (1364,232,5);
INSERT INTO etapes (id_itineraire, id_checkpoint, position) VALUES (1364,138,6);

INSERT INTO itineraire (id, nom, distance) VALUES (1365, 'itineraire numero 1365',0.04879527722033387);
INSERT INTO etapes (id_itineraire, id_checkpoint, position) VALUES (1365,117,0);
INSERT INTO etapes (id_itineraire, id_checkpoint, position) VALUES (1365,301,1);
INSERT INTO etapes (id_itineraire, id_checkpoint, position) VALUES (1365,179,2);
INSERT INTO etapes (id_itineraire, id_checkpoint, position) VALUES (1365,215,3);
INSERT INTO etapes (id_itineraire, id_checkpoint, position) VALUES (1365,241,4);
INSERT INTO etapes (id_itineraire, id_checkpoint, position) VALUES (1365,260,5);
INSERT INTO etapes (id_itineraire, id_checkpoint, position) VALUES (1365,138,6);

INSERT INTO itineraire (id, nom, distance) VALUES (1366, 'itineraire numero 1366',0.051840308230575824);
INSERT INTO etapes (id_itineraire, id_checkpoint, position) VALUES (1366,117,0);
INSERT INTO etapes (id_itineraire, id_checkpoint, position) VALUES (1366,301,1);
INSERT INTO etapes (id_itineraire, id_checkpoint, position) VALUES (1366,179,2);
INSERT INTO etapes (id_itineraire, id_checkpoint, position) VALUES (1366,215,3);
INSERT INTO etapes (id_itineraire, id_checkpoint, position) VALUES (1366,241,4);
INSERT INTO etapes (id_itineraire, id_checkpoint, position) VALUES (1366,148,5);
INSERT INTO etapes (id_itineraire, id_checkpoint, position) VALUES (1366,138,6);

INSERT INTO itineraire (id, nom, distance) VALUES (1367, 'itineraire numero 1367',0.05911181231394595);
INSERT INTO etapes (id_itineraire, id_checkpoint, position) VALUES (1367,26,0);
INSERT INTO etapes (id_itineraire, id_checkpoint, position) VALUES (1367,301,1);
INSERT INTO etapes (id_itineraire, id_checkpoint, position) VALUES (1367,179,2);
INSERT INTO etapes (id_itineraire, id_checkpoint, position) VALUES (1367,215,3);
INSERT INTO etapes (id_itineraire, id_checkpoint, position) VALUES (1367,138,4);
INSERT INTO etapes (id_itineraire, id_checkpoint, position) VALUES (1367,232,5);
INSERT INTO etapes (id_itineraire, id_checkpoint, position) VALUES (1367,241,6);

INSERT INTO itineraire (id, nom, distance) VALUES (1368, 'itineraire numero 1368',0.056478047918917126);
INSERT INTO etapes (id_itineraire, id_checkpoint, position) VALUES (1368,26,0);
INSERT INTO etapes (id_itineraire, id_checkpoint, position) VALUES (1368,301,1);
INSERT INTO etapes (id_itineraire, id_checkpoint, position) VALUES (1368,179,2);
INSERT INTO etapes (id_itineraire, id_checkpoint, position) VALUES (1368,215,3);
INSERT INTO etapes (id_itineraire, id_checkpoint, position) VALUES (1368,241,4);
INSERT INTO etapes (id_itineraire, id_checkpoint, position) VALUES (1368,138,5);
INSERT INTO etapes (id_itineraire, id_checkpoint, position) VALUES (1368,260,6);

INSERT INTO itineraire (id, nom, distance) VALUES (1369, 'itineraire numero 1369',0.05052899594086995);
INSERT INTO etapes (id_itineraire, id_checkpoint, position) VALUES (1369,26,0);
INSERT INTO etapes (id_itineraire, id_checkpoint, position) VALUES (1369,111,1);
INSERT INTO etapes (id_itineraire, id_checkpoint, position) VALUES (1369,179,2);
INSERT INTO etapes (id_itineraire, id_checkpoint, position) VALUES (1369,215,3);
INSERT INTO etapes (id_itineraire, id_checkpoint, position) VALUES (1369,241,4);
INSERT INTO etapes (id_itineraire, id_checkpoint, position) VALUES (1369,138,5);
INSERT INTO etapes (id_itineraire, id_checkpoint, position) VALUES (1369,260,6);

INSERT INTO itineraire (id, nom, distance) VALUES (1370, 'itineraire numero 1370',0.05389601761117849);
INSERT INTO etapes (id_itineraire, id_checkpoint, position) VALUES (1370,26,0);
INSERT INTO etapes (id_itineraire, id_checkpoint, position) VALUES (1370,301,1);
INSERT INTO etapes (id_itineraire, id_checkpoint, position) VALUES (1370,179,2);
INSERT INTO etapes (id_itineraire, id_checkpoint, position) VALUES (1370,215,3);
INSERT INTO etapes (id_itineraire, id_checkpoint, position) VALUES (1370,241,4);
INSERT INTO etapes (id_itineraire, id_checkpoint, position) VALUES (1370,138,5);
INSERT INTO etapes (id_itineraire, id_checkpoint, position) VALUES (1370,148,6);

INSERT INTO itineraire (id, nom, distance) VALUES (1371, 'itineraire numero 1371',0.04794696563313131);
INSERT INTO etapes (id_itineraire, id_checkpoint, position) VALUES (1371,26,0);
INSERT INTO etapes (id_itineraire, id_checkpoint, position) VALUES (1371,111,1);
INSERT INTO etapes (id_itineraire, id_checkpoint, position) VALUES (1371,179,2);
INSERT INTO etapes (id_itineraire, id_checkpoint, position) VALUES (1371,215,3);
INSERT INTO etapes (id_itineraire, id_checkpoint, position) VALUES (1371,241,4);
INSERT INTO etapes (id_itineraire, id_checkpoint, position) VALUES (1371,138,5);
INSERT INTO etapes (id_itineraire, id_checkpoint, position) VALUES (1371,148,6);

INSERT INTO itineraire (id, nom, distance) VALUES (1372, 'itineraire numero 1372',0.06373190416272075);
INSERT INTO etapes (id_itineraire, id_checkpoint, position) VALUES (1372,220,0);
INSERT INTO etapes (id_itineraire, id_checkpoint, position) VALUES (1372,215,1);
INSERT INTO etapes (id_itineraire, id_checkpoint, position) VALUES (1372,241,2);
INSERT INTO etapes (id_itineraire, id_checkpoint, position) VALUES (1372,179,3);
INSERT INTO etapes (id_itineraire, id_checkpoint, position) VALUES (1372,70,4);
INSERT INTO etapes (id_itineraire, id_checkpoint, position) VALUES (1372,138,5);
INSERT INTO etapes (id_itineraire, id_checkpoint, position) VALUES (1372,260,6);

INSERT INTO itineraire (id, nom, distance) VALUES (1373, 'itineraire numero 1373',0.061241352472566624);
INSERT INTO etapes (id_itineraire, id_checkpoint, position) VALUES (1373,220,0);
INSERT INTO etapes (id_itineraire, id_checkpoint, position) VALUES (1373,215,1);
INSERT INTO etapes (id_itineraire, id_checkpoint, position) VALUES (1373,241,2);
INSERT INTO etapes (id_itineraire, id_checkpoint, position) VALUES (1373,148,3);
INSERT INTO etapes (id_itineraire, id_checkpoint, position) VALUES (1373,70,4);
INSERT INTO etapes (id_itineraire, id_checkpoint, position) VALUES (1373,138,5);
INSERT INTO etapes (id_itineraire, id_checkpoint, position) VALUES (1373,179,6);

INSERT INTO itineraire (id, nom, distance) VALUES (1374, 'itineraire numero 1374',0.04570319438902303);
INSERT INTO etapes (id_itineraire, id_checkpoint, position) VALUES (1374,70,0);
INSERT INTO etapes (id_itineraire, id_checkpoint, position) VALUES (1374,179,1);
INSERT INTO etapes (id_itineraire, id_checkpoint, position) VALUES (1374,215,2);
INSERT INTO etapes (id_itineraire, id_checkpoint, position) VALUES (1374,241,3);
INSERT INTO etapes (id_itineraire, id_checkpoint, position) VALUES (1374,202,4);
INSERT INTO etapes (id_itineraire, id_checkpoint, position) VALUES (1374,260,5);
INSERT INTO etapes (id_itineraire, id_checkpoint, position) VALUES (1374,138,6);

INSERT INTO itineraire (id, nom, distance) VALUES (1375, 'itineraire numero 1375',0.05120088550875984);
INSERT INTO etapes (id_itineraire, id_checkpoint, position) VALUES (1375,202,0);
INSERT INTO etapes (id_itineraire, id_checkpoint, position) VALUES (1375,215,1);
INSERT INTO etapes (id_itineraire, id_checkpoint, position) VALUES (1375,241,2);
INSERT INTO etapes (id_itineraire, id_checkpoint, position) VALUES (1375,179,3);
INSERT INTO etapes (id_itineraire, id_checkpoint, position) VALUES (1375,70,4);
INSERT INTO etapes (id_itineraire, id_checkpoint, position) VALUES (1375,138,5);
INSERT INTO etapes (id_itineraire, id_checkpoint, position) VALUES (1375,148,6);

INSERT INTO itineraire (id, nom, distance) VALUES (1376, 'itineraire numero 1376',0.05077807473616034);
INSERT INTO etapes (id_itineraire, id_checkpoint, position) VALUES (1376,70,0);
INSERT INTO etapes (id_itineraire, id_checkpoint, position) VALUES (1376,302,1);
INSERT INTO etapes (id_itineraire, id_checkpoint, position) VALUES (1376,179,2);
INSERT INTO etapes (id_itineraire, id_checkpoint, position) VALUES (1376,241,3);
INSERT INTO etapes (id_itineraire, id_checkpoint, position) VALUES (1376,215,4);
INSERT INTO etapes (id_itineraire, id_checkpoint, position) VALUES (1376,260,5);
INSERT INTO etapes (id_itineraire, id_checkpoint, position) VALUES (1376,138,6);

INSERT INTO itineraire (id, nom, distance) VALUES (1377, 'itineraire numero 1377',0.052247954515879366);
INSERT INTO etapes (id_itineraire, id_checkpoint, position) VALUES (1377,301,0);
INSERT INTO etapes (id_itineraire, id_checkpoint, position) VALUES (1377,179,1);
INSERT INTO etapes (id_itineraire, id_checkpoint, position) VALUES (1377,215,2);
INSERT INTO etapes (id_itineraire, id_checkpoint, position) VALUES (1377,241,3);
INSERT INTO etapes (id_itineraire, id_checkpoint, position) VALUES (1377,148,4);
INSERT INTO etapes (id_itineraire, id_checkpoint, position) VALUES (1377,138,5);
INSERT INTO etapes (id_itineraire, id_checkpoint, position) VALUES (1377,70,6);

INSERT INTO itineraire (id, nom, distance) VALUES (1378, 'itineraire numero 1378',0.043929902735291314);
INSERT INTO etapes (id_itineraire, id_checkpoint, position) VALUES (1378,98,0);
INSERT INTO etapes (id_itineraire, id_checkpoint, position) VALUES (1378,26,1);
INSERT INTO etapes (id_itineraire, id_checkpoint, position) VALUES (1378,254,2);
INSERT INTO etapes (id_itineraire, id_checkpoint, position) VALUES (1378,179,3);
INSERT INTO etapes (id_itineraire, id_checkpoint, position) VALUES (1378,148,4);
INSERT INTO etapes (id_itineraire, id_checkpoint, position) VALUES (1378,138,5);
INSERT INTO etapes (id_itineraire, id_checkpoint, position) VALUES (1378,215,6);

INSERT INTO itineraire (id, nom, distance) VALUES (1379, 'itineraire numero 1379',0.0505469607572635);
INSERT INTO etapes (id_itineraire, id_checkpoint, position) VALUES (1379,229,0);
INSERT INTO etapes (id_itineraire, id_checkpoint, position) VALUES (1379,120,1);
INSERT INTO etapes (id_itineraire, id_checkpoint, position) VALUES (1379,179,2);
INSERT INTO etapes (id_itineraire, id_checkpoint, position) VALUES (1379,192,3);
INSERT INTO etapes (id_itineraire, id_checkpoint, position) VALUES (1379,215,4);
INSERT INTO etapes (id_itineraire, id_checkpoint, position) VALUES (1379,148,5);
INSERT INTO etapes (id_itineraire, id_checkpoint, position) VALUES (1379,138,6);

INSERT INTO itineraire (id, nom, distance) VALUES (1380, 'itineraire numero 1380',0.06933141609886817);
INSERT INTO etapes (id_itineraire, id_checkpoint, position) VALUES (1380,230,0);
INSERT INTO etapes (id_itineraire, id_checkpoint, position) VALUES (1380,179,1);
INSERT INTO etapes (id_itineraire, id_checkpoint, position) VALUES (1380,215,2);
INSERT INTO etapes (id_itineraire, id_checkpoint, position) VALUES (1380,138,3);
INSERT INTO etapes (id_itineraire, id_checkpoint, position) VALUES (1380,70,4);
INSERT INTO etapes (id_itineraire, id_checkpoint, position) VALUES (1380,148,5);
INSERT INTO etapes (id_itineraire, id_checkpoint, position) VALUES (1380,192,6);

INSERT INTO itineraire (id, nom, distance) VALUES (1381, 'itineraire numero 1381',0.04814659289816638);
INSERT INTO etapes (id_itineraire, id_checkpoint, position) VALUES (1381,230,0);
INSERT INTO etapes (id_itineraire, id_checkpoint, position) VALUES (1381,120,1);
INSERT INTO etapes (id_itineraire, id_checkpoint, position) VALUES (1381,219,2);
INSERT INTO etapes (id_itineraire, id_checkpoint, position) VALUES (1381,179,3);
INSERT INTO etapes (id_itineraire, id_checkpoint, position) VALUES (1381,215,4);
INSERT INTO etapes (id_itineraire, id_checkpoint, position) VALUES (1381,148,5);
INSERT INTO etapes (id_itineraire, id_checkpoint, position) VALUES (1381,138,6);

INSERT INTO itineraire (id, nom, distance) VALUES (1382, 'itineraire numero 1382',0.05347193679899215);
INSERT INTO etapes (id_itineraire, id_checkpoint, position) VALUES (1382,230,0);
INSERT INTO etapes (id_itineraire, id_checkpoint, position) VALUES (1382,120,1);
INSERT INTO etapes (id_itineraire, id_checkpoint, position) VALUES (1382,179,2);
INSERT INTO etapes (id_itineraire, id_checkpoint, position) VALUES (1382,202,3);
INSERT INTO etapes (id_itineraire, id_checkpoint, position) VALUES (1382,215,4);
INSERT INTO etapes (id_itineraire, id_checkpoint, position) VALUES (1382,148,5);
INSERT INTO etapes (id_itineraire, id_checkpoint, position) VALUES (1382,138,6);


